-- MariaDB dump 10.17  Distrib 10.4.13-MariaDB, for Win64 (AMD64)
--
-- Host: localhost    Database: db_niagakopsaw
-- ------------------------------------------------------
-- Server version	10.4.13-MariaDB

/*!40101 SET @OLD_CHARACTER_SET_CLIENT=@@CHARACTER_SET_CLIENT */;
/*!40101 SET @OLD_CHARACTER_SET_RESULTS=@@CHARACTER_SET_RESULTS */;
/*!40101 SET @OLD_COLLATION_CONNECTION=@@COLLATION_CONNECTION */;
/*!40101 SET NAMES latin1 */;
/*!40103 SET @OLD_TIME_ZONE=@@TIME_ZONE */;
/*!40103 SET TIME_ZONE='+00:00' */;
/*!40014 SET @OLD_UNIQUE_CHECKS=@@UNIQUE_CHECKS, UNIQUE_CHECKS=0 */;
/*!40014 SET @OLD_FOREIGN_KEY_CHECKS=@@FOREIGN_KEY_CHECKS, FOREIGN_KEY_CHECKS=0 */;
/*!40101 SET @OLD_SQL_MODE=@@SQL_MODE, SQL_MODE='NO_AUTO_VALUE_ON_ZERO' */;
/*!40111 SET @OLD_SQL_NOTES=@@SQL_NOTES, SQL_NOTES=0 */;

--
-- Table structure for table `_temp_penjualan`
--

DROP TABLE IF EXISTS `_temp_penjualan`;
/*!40101 SET @saved_cs_client     = @@character_set_client */;
/*!40101 SET character_set_client = utf8 */;
CREATE TABLE `_temp_penjualan` (
  `id_temp` varchar(12) NOT NULL COMMENT 'TEMMYYY.001',
  `id_barang` varchar(255) DEFAULT NULL,
  `id_member` int(11) DEFAULT NULL,
  `jumlah` int(11) DEFAULT NULL,
  `harga_jual` int(11) NOT NULL,
  `total` int(11) DEFAULT NULL,
  `waktudata` datetime NOT NULL DEFAULT current_timestamp()
) ENGINE=InnoDB DEFAULT CHARSET=utf8mb4;
/*!40101 SET character_set_client = @saved_cs_client */;

--
-- Dumping data for table `_temp_penjualan`
--

LOCK TABLES `_temp_penjualan` WRITE;
/*!40000 ALTER TABLE `_temp_penjualan` DISABLE KEYS */;
/*!40000 ALTER TABLE `_temp_penjualan` ENABLE KEYS */;
UNLOCK TABLES;

--
-- Table structure for table `barang`
--

DROP TABLE IF EXISTS `barang`;
/*!40101 SET @saved_cs_client     = @@character_set_client */;
/*!40101 SET character_set_client = utf8 */;
CREATE TABLE `barang` (
  `id` int(11) NOT NULL AUTO_INCREMENT,
  `id_barang` varchar(255) NOT NULL,
  `id_kategori` int(11) NOT NULL,
  `id_satuan` int(11) NOT NULL,
  `nama_barang` text NOT NULL,
  `merk` varchar(255) NOT NULL,
  `harga_beli` varchar(255) NOT NULL,
  `harga_jual` varchar(255) NOT NULL,
  `satuan_barang` varchar(255) NOT NULL,
  `stok` text NOT NULL,
  `tgl_input` varchar(255) NOT NULL,
  `tgl_update` varchar(255) DEFAULT NULL,
  PRIMARY KEY (`id`)
) ENGINE=InnoDB AUTO_INCREMENT=288 DEFAULT CHARSET=latin1;
/*!40101 SET character_set_client = @saved_cs_client */;

--
-- Dumping data for table `barang`
--

LOCK TABLES `barang` WRITE;
/*!40000 ALTER TABLE `barang` DISABLE KEYS */;
INSERT INTO `barang` VALUES (2,'BR002',5,0,'Sabun','Lifeboy','1800','3000','PCS','38','6 October 2020, 0:41','6 October 2020, 0:54'),(3,'BR003',1,0,'Pulpen','Standard','1500','2000','PCS','68','6 October 2020, 1:34',NULL),(4,'BR004',6,0,'Cemilan','Bengbeng','2000','2500','PCS','14','22 April 2024, 22:50','22 April 2024, 22:51'),(5,'BR005',9,0,'Nasi Goreng','Nasi','5000','7000','PCS','18','30 April 2024, 9:14',NULL),(7,'BR006',7,16,'Es KopiSusu Gula Aren','','8250','15000','16','1','6 May 2024, 9:19','6 June 2024, 20:01'),(8,'BR007',12,15,'Jazy Bold 20','Jazy','25000','27000','15','10','6 May 2024, 9:20',NULL),(9,'BR008',12,15,'Djarum Super 12','Djarum','26000','27000','15','15','6 May 2024, 9:21',NULL),(10,'BR009',13,15,'Sampoernamild','','31700','34000','15','5','8 May 2024, 14:19','21 June 2024, 15:46'),(11,'BR010',13,15,'Garfit','','24200','27000','15','4','8 May 2024, 14:35','6 June 2024, 11:33'),(12,'BR011',13,15,'Esse Punch Pop','','31450','34000','15','11','8 May 2024, 14:37','19 June 2024, 12:29'),(14,'BR013',13,15,'Marlboro Filter Black','','37100','40000','15','9','8 May 2024, 14:40','24 June 2024, 10:15'),(15,'BR014',13,15,'Marlboro Merah','','42000','44000','15','9','8 May 2024, 14:41','24 June 2024, 10:12'),(16,'BR015',13,15,'Magnum','','24350','27000','15','9','8 May 2024, 14:42','7 June 2024, 9:34'),(17,'BR016',13,15,'Esse Juicy','','36650','38000','15','','14 May 2024, 12:58','6 June 2024, 11:32'),(18,'BR017',13,15,'Jazy Bold','','24500','27000','15','3','14 May 2024, 13:22','6 June 2024, 11:31'),(19,'BR018',13,15,'Samsu','','18200','21000','15','9','14 May 2024, 13:23',NULL),(20,'BR019',13,15,'Samsu Refill','','19300','25000','15','3','14 May 2024, 13:27',NULL),(21,'BR020',13,15,'Classmild','','27100','30000','15','11','14 May 2024, 13:29','6 June 2024, 11:30'),(22,'BR021',13,15,'Djarum Super','','22900','25000','15','6','14 May 2024, 13:30','6 June 2024, 11:30'),(23,'BR022',13,15,'Djarum Coklat','','15250','17000','15','1','14 May 2024, 13:31','24 June 2024, 10:11'),(24,'BR023',13,15,'MLD Putih','','35100','38000','15','13','14 May 2024, 13:35','6 June 2024, 11:29'),(25,'BR024',13,15,'Juara Jambu','','13300','15000','15','8','14 May 2024, 13:39','6 June 2024, 11:26'),(26,'BR025',13,15,'Esse Change','','37650','40000','15','7','14 May 2024, 13:40','24 June 2024, 10:14'),(27,'BR026',13,15,'Lucky Strike','','26500','29000','15','10','14 May 2024, 13:41',NULL),(28,'BR027',1,14,'Buku Tulis','','3050','5000','14','6','14 May 2024, 13:52',NULL),(29,'BR028',1,14,'Buku Expedisi','','9000','11000','14','1','14 May 2024, 14:04',NULL),(30,'BR029',1,14,'Tinta Suntik Canon','','20000','50000','14','1','14 May 2024, 14:07',NULL),(31,'BR030',1,14,'Stapler SDI','','12000','15000','14','5','14 May 2024, 14:07',NULL),(32,'BR031',1,17,'Isi Stapler No.10 SDI Kecil','','2400','4000','17','7','14 May 2024, 14:11',NULL),(33,'BR032',1,14,'Memo Stick','','7000','10000','14','1','14 May 2024, 14:14',NULL),(34,'BR033',1,14,'Index Pembatas Kertas','','3500','7000','14','1','14 May 2024, 14:19',NULL),(35,'BR034',1,17,'Isi Cutter Kecil','','2200','5000','17','8','14 May 2024, 14:20',NULL),(36,'BR035',1,14,'Kwitansi Vision Besar','','3400','8000','14','10','14 May 2024, 14:23',NULL),(37,'BR036',1,17,'Amplop Paperline 110','','17500','20000','17','5','14 May 2024, 14:24',NULL),(38,'BR037',1,14,'Amplop Coklat/Kabinet','','800','4500','14','7','14 May 2024, 14:27',NULL),(39,'BR038',1,14,'Pita Mesin Tik DAITO','','10000','15000','14','6','14 May 2024, 14:28',NULL),(40,'BR039',1,0,'Spidol White Board Snowman','','6500','8500','#','6','14 May 2024, 14:29',NULL),(41,'BR040',1,14,'Nota Kontan','','3000','5000','14','6','14 May 2024, 14:31',NULL),(42,'BR041',1,14,'CD-R GT PRO','','2300','5000','14','29','14 May 2024, 14:33',NULL),(43,'BR042',1,14,'DVD-R GT PRO','','2300','5000','14','13','14 May 2024, 14:35',NULL),(44,'BR043',1,18,'HVS A4 Copy Paper','','40400','45000','18','2','14 May 2024, 14:35',NULL),(45,'BR044',1,13,'HVS F4 Copy Paper','','46000','50000','13','5','14 May 2024, 14:37',NULL),(46,'BR045',1,14,'Pensil 2b Faber Castel','','3500','7000','14','12','15 May 2024, 14:10',NULL),(47,'BR046',1,14,'Reffil PANTEL Hitam','','13333','17000','14','8','15 May 2024, 14:13',NULL),(48,'BR047',1,14,'Reffil PANTEL Biru','','13333','17000','14','4','15 May 2024, 14:15',NULL),(49,'BR048',1,17,'Trigonal Clip Joyco No.3','','1650','3500','17','5','15 May 2024, 14:16',NULL),(50,'BR049',1,14,'Map Odner Box File R&amp;R','','14000','19000','14','2','15 May 2024, 14:18',NULL),(51,'BR050',1,14,'Map Odner Forte','','12500','19000','14','2','15 May 2024, 14:19',NULL),(52,'BR051',1,14,'Map Biasa R&amp;R','','370','1000','14','85','15 May 2024, 14:20',NULL),(53,'BR052',1,14,'Map Jinjing','','5000','7000','14','4','15 May 2024, 14:21',NULL),(54,'BR053',1,14,'Map Biola Biasa','','1370','3000','14','17','15 May 2024, 14:21',NULL),(55,'BR054',1,14,'Box Lipat','','12000','17000','14','1','15 May 2024, 14:22',NULL),(56,'BR055',1,14,'Binder Clip No.260 Joyco','','1300','3500','14','43','15 May 2024, 14:22',NULL),(57,'BR056',1,14,'Binder Clip No.200 Joyco','','900','2000','14','36','15 May 2024, 14:27',NULL),(58,'BR057',1,17,'Binder Clip No.111 Joyco','','3660','4500','17','12','15 May 2024, 14:28',NULL),(59,'BR058',1,17,'Binder Clip No.155 Joyco','','500','6000','17','10','15 May 2024, 14:30',NULL),(60,'BR059',1,17,'Binder Clip no.107 Joyco','','2650','4000','17','13','15 May 2024, 14:32','5 June 2024, 13:04'),(61,'BR060',1,17,'Binder Clip No.105','','2350','3500','17','18','15 May 2024, 14:33','5 June 2024, 13:03'),(62,'BR061',1,14,'Tip-ex Cair Kenko','','3750','8000','14','11','15 May 2024, 14:36',NULL),(63,'BR062',1,14,'Tip-ex Roll Joyko','','5333','8000','14','11','15 May 2024, 14:37',NULL),(64,'BR063',1,14,'Cutter A-300-A','','5000','8000','14','1','15 May 2024, 14:38',NULL),(65,'BR064',1,14,'Lakban Hitam 2&quot; Daimaru','','13500','20000','14','4','15 May 2024, 14:39',NULL),(66,'BR065',1,14,'Materai 10.000','','10000','11000','14','194','15 May 2024, 14:40','26 June 2024, 16:00'),(67,'BR066',1,0,'Baterai Alkaline AA','','13500','18000','#','5','15 May 2024, 14:41',NULL),(68,'BR067',1,14,'Baterai Alkaline AA','','13500','18000','14','5','15 May 2024, 14:43',NULL),(69,'BR068',1,14,'Baterai Alkaline AAA','','13500','18000','14','4','15 May 2024, 14:44','19 June 2024, 12:31'),(70,'BR069',1,14,'Lem Glue','','1791','5000','14','8','16 May 2024, 8:33',NULL),(71,'BR070',1,14,'Lem Stik Kecil JOYCO','','3500','5000','14','13','16 May 2024, 8:37','16 May 2024, 8:38'),(72,'BR071',1,14,'Pulpen Balliner Biru PILOT','','17000','22000','14','10','16 May 2024, 8:39',NULL),(73,'BR072',1,14,'Pulpen Balliner Hijau PILOT','','17000','22000','14','7','16 May 2024, 8:40',NULL),(74,'BR073',1,14,'Pulpen Balliner Hitam PILOT','','17000','22000','14','7','16 May 2024, 8:41',NULL),(75,'BR074',1,14,'Pulpen Biasa Castello','','1600','3000','14','13','16 May 2024, 8:41',NULL),(76,'BR075',1,14,'Pulpen Tizo Biru Gel Liner','','3750','6000','14','2','16 May 2024, 8:42',NULL),(77,'BR076',1,14,'Pulpen Tizo Hitam Gel Liner','','3750','6000','14','12','16 May 2024, 8:45',NULL),(78,'BR077',1,14,'Solasiban Bening Besar DAIMARU','','8000','15000','14','3','16 May 2024, 8:46',NULL),(79,'BR078',1,14,'Solasiban Bening Kecil DAIMARU','','2000','5000','14','8','16 May 2024, 8:47',NULL),(80,'BR079',1,14,'Stabilo Joyco','','2500','7000','14','14','16 May 2024, 8:48',NULL),(81,'BR080',1,14,'Double Tipe Besar','','5000','8000','14','2','16 May 2024, 8:50',NULL),(82,'BR081',1,14,'Double Tipe Kecil','','2000','5000','14','4','16 May 2024, 8:53',NULL),(83,'BR082',1,14,'Lebel Stiker','','3500','5000','14','4','16 May 2024, 8:54',NULL),(84,'BR083',1,14,'Spidol Permanent SNOWMAN','','4500','8500','14','8','16 May 2024, 8:55',NULL),(85,'BR084',6,14,'Bengbeng','','1800','2000','14','5','16 May 2024, 8:57',NULL),(86,'BR085',6,14,'Pop Mie','','4400','6000','14','6','16 May 2024, 8:58','6 June 2024, 11:25'),(87,'BR086',6,14,'Keju Cake','','1800','2000','14','3','16 May 2024, 8:59',NULL),(88,'BR087',6,14,'Nabati Siip','','400','500','14','2','16 May 2024, 8:59',NULL),(89,'BR088',6,14,'Wafer Selamat','','950','2000','14','21','16 May 2024, 9:00',NULL),(90,'BR089',6,14,'Kalpa','','1750','2000','14','8','16 May 2024, 9:01',NULL),(91,'BR090',6,14,'Sarigandum','','1750','2000','14','12','16 May 2024, 9:04',NULL),(92,'BR091',6,14,'Monde Eggroll','','3000','4000','14','8','16 May 2024, 9:05',NULL),(93,'BR092',6,14,'Chocholatos','','1750','2000','14','19','16 May 2024, 9:05','19 June 2024, 12:36'),(94,'BR093',6,14,'Sukro Garuda','','900','1000','14','25','16 May 2024, 9:06',NULL),(95,'BR094',6,14,'Nextar','','1700','2000','14','2','16 May 2024, 9:06',NULL),(96,'BR095',6,14,'Ritz Chocholate','','1750','2000','14','1','16 May 2024, 9:07',NULL),(97,'BR096',6,14,'Blastoz','','1750','2000','14','7','16 May 2024, 9:07',NULL),(98,'BR097',6,14,'Wafle Tango','','1750','2000','14','10','16 May 2024, 9:08',NULL),(99,'BR098',6,14,'Superstar','','875','2000','14','2','16 May 2024, 9:09',NULL),(100,'BR099',6,14,'Arden','','1750','2000','14','1','16 May 2024, 9:09',NULL),(101,'BR100',6,14,'Malkist Keju Panggang','','1750','2000','14','9','16 May 2024, 9:10',NULL),(102,'BR101',6,14,'Astor Single','','875','1000','14','9','16 May 2024, 9:11',NULL),(103,'BR102',6,14,'Oreo cake','','1800','2000','14','10','16 May 2024, 9:11',NULL),(104,'BR103',6,14,'Hexos','','1200','3000','14','10','16 May 2024, 9:12',NULL),(105,'BR104',6,14,'Biskies Black','','1750','2000','14','11','16 May 2024, 9:12',NULL),(106,'BR105',6,14,'Choki-Choki','','850','1000','14','6','16 May 2024, 9:13',NULL),(107,'BR106',6,14,'Gerry Salut Wafer','','1750','2000','14','18','16 May 2024, 9:14',NULL),(108,'BR107',6,14,'Chunkybar','','7500','9000','14','11','16 May 2024, 9:15',NULL),(109,'BR108',6,14,'Ozlo','','1800','2000','14','1','16 May 2024, 9:16',NULL),(110,'BR109',6,14,'Granola','','540','650','14','58','16 May 2024, 9:17','10 June 2024, 20:16'),(111,'BR110',6,14,'Slai Olai','','1750','2000','14','13','16 May 2024, 9:18',NULL),(112,'BR111',6,14,'Gerry Salut Roll','','437','500','14','','16 May 2024, 9:19','6 June 2024, 11:24'),(113,'BR112',6,14,'Apetito','','1750','2000','14','','16 May 2024, 9:20','6 June 2024, 11:22'),(114,'BR113',6,14,'Choki Stik','','1750','2000','14','8','16 May 2024, 9:20',NULL),(115,'BR114',6,14,'Roma Kelapa Cream','','1750','2000','14','8','16 May 2024, 9:21',NULL),(116,'BR115',6,14,'Chochopie','','1750','2000','14','9','16 May 2024, 9:21',NULL),(117,'BR116',6,14,'Trick','','900','1000','14','27','16 May 2024, 9:22',NULL),(118,'BR117',6,14,'Kacang Garuda','','900','1000','14','20','16 May 2024, 9:23',NULL),(119,'BR118',6,14,'Tolak Angin','','3250','4000','14','12','16 May 2024, 9:23',NULL),(120,'BR119',6,14,'Larutan Serbuk','','1250','3000','14','28','16 May 2024, 9:24',NULL),(121,'BR120',6,14,'Chiki Balls Besar','','6000','7000','14','3','16 May 2024, 9:25',NULL),(122,'BR121',6,14,'Rin-Bee','','7000','8000','14','3','16 May 2024, 9:26',NULL),(123,'BR122',6,14,'Qtella Tempe','','6000','8000','14','6','16 May 2024, 9:27','28 May 2024, 13:55'),(124,'BR123',6,14,'French Fries ','','7000','8000','14','2','16 May 2024, 9:28','6 June 2024, 11:20'),(125,'BR124',6,14,'Tic-tic Kecil','','1750','2000','14','2','16 May 2024, 9:29',NULL),(126,'BR125',6,14,'Serena','','4500','5000','14','5','16 May 2024, 9:29','6 June 2024, 11:22'),(127,'BR126',6,14,'Ahh','','450','500','14','17','16 May 2024, 9:32',NULL),(128,'BR127',6,14,'Toppo','','1750','2000','14','11','16 May 2024, 9:34',NULL),(129,'BR128',6,14,'Oreo','','1800','2000','14','9','16 May 2024, 9:35',NULL),(130,'BR129',6,14,'Good Time','','1750','2000','14','11','16 May 2024, 9:35',NULL),(131,'BR130',6,14,'Mini Astor','','1750','2000','14','9','16 May 2024, 9:36','6 June 2024, 11:23'),(132,'BR131',6,14,'Pocky','','6800','8000','14','3','16 May 2024, 9:37',NULL),(133,'BR132',6,14,'Malkist Crackers','','900','1000','14','19','16 May 2024, 9:37',NULL),(134,'BR133',6,14,'Duosus','','1800','3000','14','2','16 May 2024, 9:38',NULL),(135,'BR134',6,14,'Taro Besar','','5500','7000','14','0','16 May 2024, 9:38','16 May 2024, 9:47'),(136,'BR135',6,14,'Qtella Kecil','','1750','2000','14','3','16 May 2024, 9:40','6 June 2024, 11:18'),(137,'BR136',6,14,'Kusuka','','1800','2000','14','1','16 May 2024, 9:40',NULL),(138,'BR137',6,14,'Twistko','','7000','8000','14','1','16 May 2024, 9:41',NULL),(139,'BR138',6,14,'Sponge Oishi','','1800','2000','14','14','16 May 2024, 9:41',NULL),(140,'BR139',6,14,'Chiki Balls Kecil','','1750','2000','14','0','16 May 2024, 9:42',NULL),(141,'BR140',6,14,'Chitato Lite Kecil','','1750','2000','14','4','16 May 2024, 9:43','6 June 2024, 11:17'),(142,'BR141',6,14,'Walut','','875','2000','14','1','16 May 2024, 9:43',NULL),(143,'BR142',6,14,'Sagonia','','1750','2000','14','5','16 May 2024, 9:44',NULL),(144,'BR143',6,14,'Better','','1750','2000','14','10','16 May 2024, 9:44',NULL),(145,'BR144',6,14,'Nori Seawed','','1750','2000','14','8','16 May 2024, 9:44',NULL),(146,'BR145',6,14,'Gerry Snack Chiki','','1800','3000','14','1','16 May 2024, 9:45',NULL),(147,'BR146',6,14,'Smax Ring','','4500','5000','14','3','16 May 2024, 9:45',NULL),(148,'BR147',6,14,'Oishi Poppy Pop','','7000','8000','14','2','16 May 2024, 9:47',NULL),(149,'BR148',6,14,'Imperial','','1800','2000','14','9','16 May 2024, 9:48',NULL),(150,'BR149',7,14,'Larutan Kaleng','','6000','8000','14','23','16 May 2024, 9:48',NULL),(151,'BR150',7,14,'Pocari Sweat','','6000','7000','14','','16 May 2024, 9:49','6 June 2024, 11:16'),(152,'BR151',7,14,'UltraMilk 250ml','','6000','7000','14','1','16 May 2024, 9:49','16 May 2024, 9:51'),(153,'BR152',7,14,'Ades 600ml','','2458','3000','14','13','16 May 2024, 9:51',NULL),(154,'BR153',7,14,'Cleo 550ml','','1708','3000','14','19','16 May 2024, 9:52','24 June 2024, 15:26'),(155,'BR154',7,14,'Cleo Mini','','875','1500','14','33','16 May 2024, 9:53','25 June 2024, 15:35'),(156,'BR155',7,14,'Nutriboost','','5500','7000','14','9','16 May 2024, 9:54',NULL),(157,'BR156',7,14,'Yakult','','1533','3000','14','14','16 May 2024, 9:54',NULL),(158,'BR157',7,14,'Pulpy Orange','','5583','7000','14','7','16 May 2024, 9:55','5 June 2024, 13:05'),(159,'BR158',7,14,'Freshtea Kecil Nusantara','','3166','5000','14','6','16 May 2024, 9:56',NULL),(160,'BR159',7,14,'Cimory Freshmilk','','5500','7000','14','3','16 May 2024, 9:57',NULL),(161,'BR160',7,14,'Cimory yoghurt','','7500','9000','14','5','16 May 2024, 9:57',NULL),(162,'BR161',7,14,'Cimory Stik','','2500','3000','14','1','16 May 2024, 9:58',NULL),(163,'BR162',6,14,'Kenzler Sosis/Bakso','','7500','10000','14','5','16 May 2024, 9:58',NULL),(164,'BR163',7,14,'Bear Brand','','9500','12000','14','9','16 May 2024, 9:59',NULL),(165,'BR164',7,14,'Teh Kotak','','3200','5000','14','3','16 May 2024, 10:00',NULL),(166,'BR165',7,14,'Soda','','3333','5000','14','4','16 May 2024, 10:00',NULL),(167,'BR166',7,14,'Coca Cola Botol Kecil','','3333','5000','14','10','16 May 2024, 10:01',NULL),(168,'BR167',7,14,'Fanta botol Kecil','','3333','5000','14','2','16 May 2024, 10:02',NULL),(169,'BR168',7,13,'Kapal Api Mix','','1250','3000','13','2','16 May 2024, 10:02','10 June 2024, 15:39'),(170,'BR169',7,13,'Luwak White Cofee Hot','','1200','3000','13','5','16 May 2024, 10:03','25 June 2024, 14:25'),(171,'BR170',7,13,'Indocafe Hot','','1200','3000','13','69','16 May 2024, 10:04','5 June 2024, 11:32'),(172,'BR171',7,13,'Energen','','1083','3000','13','31','16 May 2024, 10:06',NULL),(173,'BR172',7,13,'ABC Susu','','1058','3000','13','19','16 May 2024, 10:07',NULL),(174,'BR173',7,13,'Susu Frissian Flag Hot','','1350','3000','13','16','16 May 2024, 10:08','5 June 2024, 11:22'),(175,'BR174',7,13,'Goodday Hot','','1150','3000','13','42','16 May 2024, 10:09','5 June 2024, 11:26'),(176,'BR175',7,13,'Creamy Latte Hot','','1250','3000','13','7','16 May 2024, 10:09','5 June 2024, 11:24'),(177,'BR176',7,13,'Milo Hot','','1900','3000','13','45','16 May 2024, 10:10','5 June 2024, 11:27'),(178,'BR177',7,14,'Aqua Galon','','23000','25000','14','5','16 May 2024, 10:10','6 June 2024, 11:15'),(179,'BR178',7,17,'Ron 88','','30000','40000','17','8','16 May 2024, 10:11','6 June 2024, 11:14'),(180,'BR179',11,15,'Teh Daun Kelor','','25000','30000','15','1','16 May 2024, 10:12',NULL),(181,'BR180',9,15,'Rendang Sapi','','89000','99000','15','3','16 May 2024, 10:13',NULL),(182,'BR181',9,15,'Dendeng ','','81000','90000','15','','16 May 2024, 10:15','6 June 2024, 11:13'),(183,'BR182',11,14,'Tokai','','1800','3000','14','47','16 May 2024, 10:16',NULL),(184,'BR183',5,14,'Rinso Detergen','','4500','5000','14','8','16 May 2024, 10:17','6 June 2024, 11:14'),(185,'BR184',5,14,'Sunlight Jumbo','','15000','18000','14','3','16 May 2024, 10:17',NULL),(186,'BR185',5,14,'Sabun Agung','','800','1000','14','10','16 May 2024, 10:18',NULL),(187,'BR186',5,0,'Shampo Head &amp; Shoulder','','3328','5000','#','17','16 May 2024, 10:18',NULL),(188,'BR187',5,14,'Shampo Head &amp; Shoulder','','3328','5000','14','17','16 May 2024, 10:19',NULL),(189,'BR188',5,14,'Shampoo Sunsilk','','3328','5000','14','4','16 May 2024, 10:20',NULL),(190,'BR189',5,14,'Shampo Pantene','','3328','5000','14','5','16 May 2024, 10:21',NULL),(191,'BR190',14,14,'Mixagrif','','650','1500','14','4','16 May 2024, 10:23',NULL),(192,'BR191',14,14,'Panadol Extra','','1250','1500','14','15','16 May 2024, 10:24',NULL),(193,'BR192',14,14,'Bodrex','','425','1000','14','14','16 May 2024, 10:25',NULL),(194,'BR193',14,14,'Decolgen','','500','1000','14','4','16 May 2024, 10:26',NULL),(195,'BR194',11,14,'Pembalut','','400','1000','14','13','16 May 2024, 10:26',NULL),(196,'BR195',11,14,'Tisue Paseo','','12000','15000','14','34','16 May 2024, 10:27',NULL),(197,'BR196',5,14,'Downy','','4160','5000','14','12','16 May 2024, 10:28','6 June 2024, 11:12'),(198,'BR197',11,14,'Sikat Gigi Formula','','2750','5000','14','11','16 May 2024, 10:29',NULL),(199,'BR198',11,14,'Pepsodent','','4400','5000','14','3','16 May 2024, 10:29','19 June 2024, 12:41'),(200,'BR199',5,14,'Lifebuoy Cair','','4500','5000','14','3','16 May 2024, 10:30','6 June 2024, 11:11'),(201,'BR200',1,19,'Kertas Fhoto','','1500','2000','19','17','16 May 2024, 10:31',NULL),(202,'BR201',1,16,'Tinta Epson 664 ORI','','95000','100000','16','1','28 May 2024, 13:46',NULL),(203,'BR202',1,16,'Tinta Epson 003 ORI','','95000','100000','16','3','28 May 2024, 13:48',NULL),(204,'BR203',6,14,'Chitato Lite Besar','','9000','10000','14','3','28 May 2024, 13:48',NULL),(205,'BR204',6,14,'Chitato Besar','','9000','10000','14','5','28 May 2024, 13:50',NULL),(206,'BR205',6,14,'Chitato Mie Goreng Besar','','9000','10000','14','2','28 May 2024, 13:51','6 June 2024, 11:10'),(207,'BR206',6,14,'Piatos Besar','','9000','10000','14','5','28 May 2024, 13:54',NULL),(208,'BR207',7,13,'Nutrisari','','1200','3000','13','37','31 May 2024, 9:22',NULL),(209,'BR208',7,13,'Nutrisari Ice','','1200','4000','13','24','31 May 2024, 9:23',NULL),(210,'BR209',7,13,'Susu Frissian Flag Ice','','1350','4000','13','10','5 June 2024, 11:22',NULL),(211,'BR210',7,13,'Creamy Latte Ice','','1250','4000','13','10','5 June 2024, 11:25',NULL),(212,'BR211',7,13,'Goodday Ice','','1150','4000','13','10','5 June 2024, 11:26',NULL),(213,'BR212',7,13,'Milo Ice','','1900','4000','13','9','5 June 2024, 11:27',NULL),(214,'BR213',7,13,'Luwak White Cofee Ice','','1200','4000','13','10','5 June 2024, 11:29','25 June 2024, 14:25'),(215,'BR214',7,13,'Indocafe Ice','','1200','4000','13','8','5 June 2024, 11:32',NULL),(216,'BR215',7,13,'Es Kopi Susu Gula Aren (Less Sugar)','','6650','15000','13','7','5 June 2024, 11:33',NULL),(217,'BR216',7,13,'Vietnam Drip Robusta Hot','','3050','12000','13','8','5 June 2024, 11:34','5 June 2024, 11:36'),(218,'BR217',7,13,'Vietnam Drip Robusta Ice','','3150','14000','13','5','5 June 2024, 11:35','5 June 2024, 11:40'),(219,'BR218',7,13,'Vietnam Drip Arabica Hot','','5650','15000','13','6','5 June 2024, 11:36',NULL),(220,'BR219',7,13,'Vietnam Drip Arabica Ice','','5750','17000','13','5','5 June 2024, 11:37','5 June 2024, 11:40'),(221,'BR220',7,13,'V60 Arabica Hot','','6100','15000','13','5','5 June 2024, 11:38',NULL),(222,'BR221',7,13,'V60 Arabica Ice','','6200','17000','13','5','5 June 2024, 11:39',NULL),(223,'BR222',7,13,'V60 Robusta Hot','','3100','12000','13','10','5 June 2024, 11:40',NULL),(224,'BR223',7,13,'V60 Robusta Ice','','3200','14000','13','5','5 June 2024, 11:41',NULL),(225,'BR224',7,13,'Limo Cofee Shoot','','5900','15000','13','8','5 June 2024, 11:41',NULL),(226,'BR225',7,13,'Expresso','','2350','10000','13','5','5 June 2024, 11:42',NULL),(227,'BR226',7,13,'Tubruk Arabica','','5350','12000','13','4','5 June 2024, 11:43',NULL),(228,'BR227',7,13,'Tubruk Robusta','','2350','10000','13','10','5 June 2024, 11:44',NULL),(229,'BR228',7,13,'Caramel Cofeelatte Ice','','7050','20000','13','9','5 June 2024, 11:45',NULL),(230,'BR229',7,13,'Coffelatte Ice','','4750','18000','13','10','5 June 2024, 11:45',NULL),(231,'BR230',13,15,'L.A Bold','','34000','37000','15','0','5 June 2024, 12:51','6 June 2024, 11:09'),(232,'BR231',1,14,'Map Plastik Tali','','1833','4000','14','12','5 June 2024, 12:55',NULL),(233,'BR232',7,13,'Cappucino Ice','','4750','18000','13','9','5 June 2024, 13:43',NULL),(234,'BR233',11,14,'Nasi/ Gorengan &amp; Jus','','15000','18000','14','0','5 June 2024, 15:04','24 June 2024, 15:29'),(235,'BR234',11,14,'Nasi / Gorengan &amp; Jus','','25000','28000','14','0','5 June 2024, 15:56','24 June 2024, 15:24'),(236,'BR235',7,16,'Jus Markisa','','8000','10000','16','1','5 June 2024, 16:13',NULL),(237,'BR236',11,14,'Nasi/ Gorengan &amp; Jus','','25000','35000','14','0','5 June 2024, 16:15',NULL),(238,'BR237',11,14,'Nasi/ Gorengan &amp; Jus','','5000','8000','14','0','5 June 2024, 16:17',NULL),(239,'BR238',11,14,'Nasi/ Gorengan &amp; Jus','','20000','23000','14','0','5 June 2024, 16:20',NULL),(240,'BR239',11,14,'Nasi/ Gorengan &amp; Jus','','95000','98000','14','0','5 June 2024, 19:54','27 June 2024, 15:18'),(241,'BR240',11,14,'Nasi/ Gorengan &amp; Jus','','17000','27000','14','0','5 June 2024, 19:56',NULL),(242,'BR241',7,16,'Jus Honje','','8000','10000','16','6','5 June 2024, 19:59','6 June 2024, 11:04'),(243,'BR242',11,14,'Nasi/ Gorengan &amp; Jus','','30000','33000','14','0','6 June 2024, 15:43',NULL),(244,'BR243',6,14,'Snack','','187500','227500','14','0','6 June 2024, 16:01',NULL),(245,'BR244',11,14,'Nasi/ Gorengan &amp; Jus','','12000','22000','14','0','6 June 2024, 16:05',NULL),(246,'BR245',11,14,'Nasi/ Gorengan &amp; Jus','','20000','30000','14','0','6 June 2024, 19:51','25 June 2024, 15:56'),(247,'BR246',11,0,'Pulsa','','55000','58000','#','1','6 June 2024, 20:09',NULL),(248,'BR247',11,21,'Pulsa','','55000','58000','21','0','6 June 2024, 20:10',NULL),(249,'BR248',11,14,'Nasi/ Gorengan &amp; Jus','','18000','21000','14','0','6 June 2024, 20:11',NULL),(250,'BR249',11,14,'Nasi/ Gorengan &amp; Jus','','18000','28000','14','0','6 June 2024, 20:14',NULL),(251,'BR250',7,14,'Djangihe 100gr','','25000','30000','14','2','6 June 2024, 20:23',NULL),(252,'BR251',11,14,'Papandayan Wine 200gr','','75000','80000','14','0','6 June 2024, 20:30',NULL),(253,'BR252',7,16,'Jus Honje 1L','','30000','35000','16','3','7 June 2024, 19:48',NULL),(254,'BR253',11,14,'Nasi/ Gorengan &amp; Jus','','10000','13000','14','0','7 June 2024, 20:09',NULL),(255,'BR254',6,14,'Ratu Kriuk','','2000','2500','14','16','7 June 2024, 20:13',NULL),(256,'BR255',7,14,'Kapal Api Mix Mentah','','1250','2000','14','41','10 June 2024, 15:39',NULL),(257,'BR256',11,14,'Nasi/ Gorengan &amp; Jus','','15000','25000','14','0','10 June 2024, 16:27',NULL),(258,'BR257',11,14,'Apel','','35000','45000','14','0','10 June 2024, 16:32',NULL),(259,'BR258',9,14,'Nasi/ Gorengan &amp; Jus','','22000','32000','14','0','10 June 2024, 16:46','25 June 2024, 15:48'),(260,'BR259',11,17,'Snack','','39000','59000','17','0','10 June 2024, 19:53','26 June 2024, 14:45'),(261,'BR260',11,14,'Nasi/ Gorengan &amp; Jus','','16000','26000','14','0','10 June 2024, 20:03','26 June 2024, 15:48'),(262,'BR261',11,14,'Nasi/ Gorengan &amp; Jus','','8000','11000','14','0','10 June 2024, 20:07',NULL),(263,'BR262',11,14,'Nasi/ Gorengan &amp; Jus','','12000','15000','14','0','10 June 2024, 20:08',NULL),(264,'BR263',11,14,'Nasi/ Gorengan &amp; Jus','','17000','20000','14','0','10 June 2024, 20:20','21 June 2024, 15:40'),(265,'BR264',11,14,'Lap Microfibre','','157500','172500','14','0','11 June 2024, 15:18','21 June 2024, 15:36'),(266,'BR265',11,14,'Nasi/ Gorengan &amp; Jus','','14000','17000','14','0','11 June 2024, 15:22',NULL),(267,'BR266',11,14,'Nasi/ Gorengan &amp; Jus','','5000','8000','14','0','13 June 2024, 15:15',NULL),(269,'BR268',11,14,'Snack','','675000','750000','14','0','14 June 2024, 14:57','20 June 2024, 15:33'),(271,'BR270',11,21,'Pulsa','','155000','158000','21','0','14 June 2024, 15:01',NULL),(272,'BR271',6,15,'Permen Tamarin','','7500','10000','15','0','19 June 2024, 12:24',NULL),(273,'BR272',6,15,'Permen Kis','','7500','10000','15','0','19 June 2024, 12:24',NULL),(274,'BR273',6,15,'Permen Mint Z','','6000','9000','15','0','19 June 2024, 12:25',NULL),(275,'BR274',6,15,'Permen Kopiko','','11000','14000','15','0','19 June 2024, 12:25','25 June 2024, 9:04'),(276,'BR275',6,14,'Bonita','','1750','2000','14','22','19 June 2024, 12:31',NULL),(277,'BR276',6,14,'Superstar Snaps','','1800','2000','14','10','19 June 2024, 12:32',NULL),(278,'BR277',6,14,'Potabee','','9000','10000','14','5','19 June 2024, 12:34',NULL),(279,'BR278',6,14,'Ovaltine','','2150','3000','14','9','19 June 2024, 12:36',NULL),(280,'BR279',6,14,'Roma Kelapa','','1800','2000','14','10','19 June 2024, 12:38',NULL),(281,'BR280',14,14,'Tolak Angin Batuk','','3600','4500','14','5','19 June 2024, 12:41',NULL),(282,'BR281',7,14,'Freshtea Apel','','3200','5000','14','12','21 June 2024, 13:25','24 June 2024, 10:17'),(283,'BR282',11,14,'Gula Semut Aren 250gr','','15000','20000','14','1','24 June 2024, 15:08',NULL),(284,'BR283',11,21,'Token PLN','','160000','166000','21','0','24 June 2024, 15:11',NULL),(285,'BR284',6,14,'Potabee','','9000','10000','14','5','26 June 2024, 8:46',NULL),(286,'BR285',11,14,'Mangkok Lampu','','282500','317500','14','0','26 June 2024, 14:46',NULL),(287,'BR286',7,14,'Sprite Botol Kecil','','3200','5000','14','11','27 June 2024, 15:03',NULL);
/*!40000 ALTER TABLE `barang` ENABLE KEYS */;
UNLOCK TABLES;

--
-- Table structure for table `kategori`
--

DROP TABLE IF EXISTS `kategori`;
/*!40101 SET @saved_cs_client     = @@character_set_client */;
/*!40101 SET character_set_client = utf8 */;
CREATE TABLE `kategori` (
  `id_kategori` int(11) NOT NULL AUTO_INCREMENT,
  `nama_kategori` varchar(255) NOT NULL,
  `statusdata` enum('AKTIF','TIDAK') DEFAULT NULL,
  `waktudata` datetime NOT NULL DEFAULT current_timestamp(),
  PRIMARY KEY (`id_kategori`)
) ENGINE=InnoDB AUTO_INCREMENT=16 DEFAULT CHARSET=latin1;
/*!40101 SET character_set_client = @saved_cs_client */;

--
-- Dumping data for table `kategori`
--

LOCK TABLES `kategori` WRITE;
/*!40000 ALTER TABLE `kategori` DISABLE KEYS */;
INSERT INTO `kategori` VALUES (1,'ATK',NULL,'2024-04-15 21:31:49'),(5,'Sabun',NULL,'2024-04-17 21:31:57'),(6,'Jajanan/Makanan Ringan',NULL,'2024-04-18 21:32:01'),(7,'Minuman',NULL,'2024-04-21 21:32:05'),(9,'Makanan Berat','AKTIF','2024-04-22 21:33:53'),(11,'Lain-Lain','AKTIF','2024-05-06 09:16:06'),(13,'Rokok','AKTIF','2024-05-08 14:17:24'),(14,'Obat','AKTIF','2024-05-16 10:23:48'),(15,'Nasi/Gorengan &amp;amp;Jus','AKTIF','2024-06-05 15:04:42');
/*!40000 ALTER TABLE `kategori` ENABLE KEYS */;
UNLOCK TABLES;

--
-- Table structure for table `ksw_pelanggan`
--

DROP TABLE IF EXISTS `ksw_pelanggan`;
/*!40101 SET @saved_cs_client     = @@character_set_client */;
/*!40101 SET character_set_client = utf8 */;
CREATE TABLE `ksw_pelanggan` (
  `id_pelanggan` varchar(6) NOT NULL,
  `nm_pelanggan` varchar(100) DEFAULT NULL,
  `telepon` varchar(15) DEFAULT NULL,
  `identitas` varchar(150) DEFAULT NULL,
  `statusdata` enum('AKTIF','TIDAK') DEFAULT NULL,
  `waktudata` datetime NOT NULL DEFAULT current_timestamp(),
  PRIMARY KEY (`id_pelanggan`)
) ENGINE=MyISAM DEFAULT CHARSET=utf8mb4;
/*!40101 SET character_set_client = @saved_cs_client */;

--
-- Dumping data for table `ksw_pelanggan`
--

LOCK TABLES `ksw_pelanggan` WRITE;
/*!40000 ALTER TABLE `ksw_pelanggan` DISABLE KEYS */;
INSERT INTO `ksw_pelanggan` VALUES ('PW0037','Prilliana Susanty, S.Kom','081121111144','168','AKTIF','2024-05-29 10:00:22'),('PW0036','Fityan Aonillah, S.Hut, M.T., M.Sc','085319091900','164','AKTIF','2024-05-29 09:59:43'),('PW0035','Roni Setiawan, SH','0816640224','158','AKTIF','2024-05-29 09:58:54'),('PW0008','Drs. Bangbang Suryana','0000','016','AKTIF','2024-05-29 09:42:07'),('PW0009','Ir. Joelistyana W, MM','082120336642','033','AKTIF','2024-05-29 09:43:14'),('PW0010','Guslatip, BE','000','036','AKTIF','2024-05-29 09:43:51'),('PW0011','Dewi Shintya A','081323214676','073','AKTIF','2024-05-29 09:44:14'),('PW0012','Firman Krisnawan, S.Sos., M.Si','08122425354','076','AKTIF','2024-05-29 09:44:59'),('PW0013','Ade Supriatna, S.Sos','081320328543','081','AKTIF','2024-05-29 09:45:21'),('PW0014','Alan T','000','084','AKTIF','2024-05-29 09:45:37'),('PW0015','H. Wawan, SE, M.Si','000','087','AKTIF','2024-05-29 09:46:09'),('PW0016','Hj. Puji Priyanti Utami Dewi','081221174759','093','AKTIF','2024-05-29 09:46:36'),('PW0017','Suryana','000','100','AKTIF','2024-05-29 09:47:09'),('PW0018','Yusa Yudhataka','081214828991','106','AKTIF','2024-05-29 09:47:45'),('PW0019','Dede Sutedi, S.IP','082133344910','107','AKTIF','2024-05-29 09:48:18'),('PW0020','Asep Gunadi','000','114','AKTIF','2024-05-29 09:48:44'),('PW0021','Ir. H. Endang Syahrudin, ST, MM','082127433765','117','AKTIF','2024-05-29 09:51:49'),('PW0022','Engkus','000','129','AKTIF','2024-05-29 09:52:07'),('PW0023','Deden Kurnia, SE, M.Si','000','131','AKTIF','2024-05-29 09:52:49'),('PW0024','Teguh Nugraha, S.T., MM','081320242899','134','AKTIF','2024-05-29 09:53:16'),('PW0025','Ujang Nana','000','139','AKTIF','2024-05-29 09:53:33'),('PW0026','Drs. H. Yusep Y, MM','000','142','AKTIF','2024-05-29 09:54:08'),('PW0027','Yosef Chevy Muharam, SE, MM','085323333131','146','AKTIF','2024-05-29 09:54:45'),('PW0028','Ai Nurhasanah, ST, MM','082118173692','148','AKTIF','2024-05-29 09:55:11'),('PW0029','Windi Rahmikawati, S.Sos','082216151489','149','AKTIF','2024-05-29 09:55:39'),('PW0030','Deni Prasetya, SH','000','151','AKTIF','2024-05-29 09:56:08'),('PW0031','Nenden Leli','000','152','AKTIF','2024-05-29 09:56:22'),('PW0032','Elis Lestari','000','155','AKTIF','2024-05-29 09:56:49'),('PW0033','Ade Hendra','085295417783','156','AKTIF','2024-05-29 09:57:12'),('PW0034','Arief Rakhman, S.IP','082316188500','157','AKTIF','2024-05-29 09:57:44'),('PW0038','Drs. H. Yono Kusyono, MPd','081312727270','169','AKTIF','2024-05-29 10:01:04'),('PW0039','Drs Aam Rahmat Selamat, MPd','081314825688','171','AKTIF','2024-05-29 10:03:31'),('PW0040','Yadi Mulyadi, S.IP','08112101060','172','AKTIF','2024-05-29 10:04:07'),('PW0041','Rosi Yunita, S.Si., ME','085222032309','173','AKTIF','2024-05-29 10:04:40'),('PW0042','Ai Ruhimat, ST, MM','082120003113','176','AKTIF','2024-05-29 10:05:01'),('PW0043','Lia Aulia, SET, MM','081321369877','177','AKTIF','2024-05-29 10:05:31'),('PW0044','H. Wawan R Efendy, SE, MM','081312804717','178','AKTIF','2024-05-29 10:06:15'),('PW0045','Drs Roni A Sahroni, MM','081222377786','184','AKTIF','2024-05-29 10:06:41'),('PW0046','Adi Abdullah, ST, MM','081320466818','187','AKTIF','2024-05-29 10:07:32'),('PW0047','Yogi Cahyawan, SE, MM','082119267935','189','AKTIF','2024-05-29 10:08:21'),('PW0048','Dani Yogaswara, SE, MM','085223316717','190','AKTIF','2024-05-29 10:09:41'),('PW0049','Ai Nenden Anita, M.Pd','082115050080','191','AKTIF','2024-05-29 10:12:45'),('PW0050','Yuliani, S.IP','085175069132','192','AKTIF','2024-05-29 10:13:06'),('PW0051','Ila Diana, SE','082120226066','193','AKTIF','2024-05-29 10:13:37'),('PW0052','Ade Nirwana','085223233423','194','AKTIF','2024-05-29 10:13:56'),('PW0053','Wendi Ramadan, SE','082119793218','195','AKTIF','2024-05-29 10:14:32'),('PW0054','Drs Rudi Sonjaya Saehuri, M.Pd','081323423643','197','AKTIF','2024-05-29 10:15:09'),('PW0055','H Amin Bunyamin, S.Sos','081213837972','198','AKTIF','2024-05-29 10:15:32'),('PW0056','Harry Ahadiat Wiradjaja, ST, MM','081220330388','199','AKTIF','2024-05-29 10:16:01'),('PW0057','H. Ecep Sukron Munir, SE, MM','081221186709','200','AKTIF','2024-05-29 10:17:53'),('PW0058','Dimas Arif Munawir, SE, MM','085221510911','202','AKTIF','2024-05-29 10:18:47'),('PW0059','Fajar Ruslan','082127920856','203','AKTIF','2024-05-29 10:19:08'),('PW0060','Engkus Kusnadi','085221978865','204','AKTIF','2024-05-29 10:19:33'),('PW0061','Asep Yudi','000','205','AKTIF','2024-05-29 10:19:58'),('PW0062','Andi Sutiandi','082315338876','206','AKTIF','2024-05-29 10:20:38'),('PW0063','Beni Sutrisno','082128991589','207','AKTIF','2024-05-29 10:21:08'),('PW0064','Dani Nurdiana, SE','085324444678','208','AKTIF','2024-05-29 10:22:18'),('PW0065','Lala Heryana, S.STP, M.Si','082116772797','211','AKTIF','2024-05-29 10:25:12'),('PW0066','Srie Yuniatun, SP, MP','082240031129','212','AKTIF','2024-05-29 10:26:03'),('PW0067','Andri Herdiana, S.IP','081320022930','213','AKTIF','2024-05-29 10:26:41'),('PW0068','Dedi Sonjaya','000','214','AKTIF','2024-05-29 10:27:13'),('PW0069','Ade Holiludin','000','215','AKTIF','2024-05-29 10:27:35'),('PW0070','Adam Nugraha, S.IP','082347372456','216','AKTIF','2024-05-29 10:28:48'),('PW0071','Dr. Ruby Azhara, S.STP, M.Si','081223160337','217','AKTIF','2024-05-29 10:30:07'),('PW0072','Miftahudin Suryana, S.IP','0811212258','218','AKTIF','2024-05-29 10:30:38'),('PW0073','Agung Nurbudiansyah, S.IP','000','219','AKTIF','2024-05-29 10:31:48'),('PW0074','Suherman, S.STP','082126991666','220','AKTIF','2024-05-29 10:32:22'),('PW0075','Qais Asegaf','000','221','AKTIF','2024-05-29 10:32:42'),('PW0076','Anita Rohmat, SP','082120492851','222','AKTIF','2024-05-29 10:33:24'),('PW0077','Aap Pathudin, S.IP','000','224','AKTIF','2024-05-29 10:33:51'),('PW0078','Sri Yulia, S.Sos, MM','081324711649','225','AKTIF','2024-05-29 10:34:21'),('PW0079','Yusuf Iskandar','082118545011','226','AKTIF','2024-05-29 10:34:54'),('PW0080','Irfan Faisal','000','227','AKTIF','2024-05-29 10:35:20'),('PW0081','Erwin Faisal Lesmana, S.Pd','081221478445','228','AKTIF','2024-05-29 10:36:46'),('PW0082','Rizki Muhibbudin','081357015400','229','AKTIF','2024-05-29 10:37:24'),('PW0083','Haries Nursyamsu, SH, MH','081312136663','230','AKTIF','2024-05-29 10:38:26'),('PW0084','Sena Adikrisna, SH','08112128699','231','AKTIF','2024-05-29 10:40:29'),('PW0085','Gian Jatnika Munggaran, S.Kom','085200064224','232','AKTIF','2024-05-29 10:41:10'),('PW0086','Supena','081214945315','233','AKTIF','2024-05-29 10:42:02'),('PW0087','Asep Wahyudin, S.IP','082317161719','234','AKTIF','2024-05-29 10:42:35'),('PW0088','Dede Yusuf ','08112311105','235','AKTIF','2024-05-29 10:43:05'),('PW0089','Anton Watoni, S.AP','085900220214','240','AKTIF','2024-05-29 10:44:03'),('PW0090','Vittriah, S.E., M.Ak','08128156281','241','AKTIF','2024-05-29 10:44:32'),('PW0091','Asep Yanto Risdiyanto, S.Pt., MM','0895346159911','242','AKTIF','2024-05-29 10:46:37'),('PW0092','Dzikri Miftahul Huda, S.AP','088218028612','243','AKTIF','2024-05-29 10:48:49'),('PW0093','Hj. Rd. Ane Rochmawaty, S.IP., S.T.P., MM','081320081895','244','AKTIF','2024-05-29 10:50:13'),('PW0094','Rohimah, S.Si','082316080030','245','AKTIF','2024-05-29 10:50:32'),('PW0095','Atep Dadi Sumardi, S.T., M.T','081221727101','246','AKTIF','2024-05-29 10:51:20'),('PW0096','Agi Nurhidayah, S.Si., M.T','081232111119','247','AKTIF','2024-05-29 10:52:07'),('PW0097','Eful Syaeful Uyun, S.T','081320447484','248','AKTIF','2024-05-29 10:52:39'),('PW0098','Ine Susyane, S.T','082120822851','249','AKTIF','2024-05-29 10:53:18'),('PW0099','Imat Rohimat, S.IP','081394020022','250','AKTIF','2024-05-29 10:53:56'),('PW0100','Dadan Sunandar, S.Si','085322991844','251','AKTIF','2024-05-29 10:54:31'),('PW0101','Nurul Hikmah, S.Stat','081320725551','252','AKTIF','2024-05-29 10:55:18'),('PW0102','Nurhayati, S.KM','082211806841','255','AKTIF','2024-05-29 10:56:26'),('PW0103','Dr. Ratih Tedjasukmana','081324692229','256','AKTIF','2024-05-29 10:57:05'),('PW0104','Kania Dewi Kinasih, SE','0895334828545','257','AKTIF','2024-05-29 10:57:35'),('PW0105','Intan Ayu Hardiyanti, SE','087742275648','258','AKTIF','2024-05-29 10:58:03'),('PW0106','Mona Febriyanti, S.Ak','082214153239','259','AKTIF','2024-05-29 10:58:32'),('PW0107','Rizal Muhamad Syahid, S.Sos, M.Si','089649833317','260','AKTIF','2024-05-29 10:59:04'),('PW0108','Asep Priyatin Saputra, S.STP., M.Si','000','261','AKTIF','2024-05-29 11:00:03'),('PW0109','Eka Surtika, S.IP','082214037796','262','AKTIF','2024-05-29 11:00:44'),('PW0110','Shinta Lestari, S.Tr. IP','000','263','AKTIF','2024-05-29 11:01:21'),('PW0111','Ratna Sari Aisyah, SE','081317171683','264','AKTIF','2024-06-05 13:10:38'),('PW0112','Tamu','000','000','AKTIF','2024-06-05 14:13:52'),('PW0113','Febi / IT PSDA','085161584626','000','AKTIF','2024-06-05 14:15:23'),('PW0114','Bidang PSDA','000','-','AKTIF','2024-06-05 14:46:18'),('PW0115','Bidang FISIK','000','-','AKTIF','2024-06-05 14:46:33'),('PW0116','Bidang LITBANG','00','-','AKTIF','2024-06-05 15:33:52'),('PW0117','Bidang PPE','00','-','AKTIF','2024-06-05 16:10:37'),('PW0118','UMUM / SEKBAN','000','-','AKTIF','2024-06-05 19:51:29'),('PW0119','UMUM / KEPALA','000','-','AKTIF','2024-06-05 19:51:54'),('PW0120','UMUM / MAMIN','000','-','AKTIF','2024-06-05 19:52:37'),('PW0121','UMUM / ATK','000','-','AKTIF','2024-06-05 19:53:01'),('PW0122','Bidang PPM','000','-','AKTIF','2024-06-05 19:58:20'),('PW0123','Bidang PEP','0','-','AKTIF','2024-06-24 15:02:20'),('PW0124','Nida Fauziyyah Sambas, S.Mat','082121635664','266','AKTIF','2024-06-25 15:51:19'),('PW0125','BAU / KEUANGAN','-','-','AKTIF','2024-06-25 15:53:41'),('PW0126','UMUM / LISTRIK','-','-','AKTIF','2024-06-26 16:11:36');
/*!40000 ALTER TABLE `ksw_pelanggan` ENABLE KEYS */;
UNLOCK TABLES;

--
-- Table structure for table `login`
--

DROP TABLE IF EXISTS `login`;
/*!40101 SET @saved_cs_client     = @@character_set_client */;
/*!40101 SET character_set_client = utf8 */;
CREATE TABLE `login` (
  `id_login` int(11) NOT NULL AUTO_INCREMENT,
  `user` varchar(255) NOT NULL,
  `pass` char(32) NOT NULL,
  `id_member` int(11) NOT NULL,
  PRIMARY KEY (`id_login`)
) ENGINE=InnoDB AUTO_INCREMENT=2 DEFAULT CHARSET=latin1;
/*!40101 SET character_set_client = @saved_cs_client */;

--
-- Dumping data for table `login`
--

LOCK TABLES `login` WRITE;
/*!40000 ALTER TABLE `login` DISABLE KEYS */;
INSERT INTO `login` VALUES (1,'admin','202cb962ac59075b964b07152d234b70',1);
/*!40000 ALTER TABLE `login` ENABLE KEYS */;
UNLOCK TABLES;

--
-- Table structure for table `member`
--

DROP TABLE IF EXISTS `member`;
/*!40101 SET @saved_cs_client     = @@character_set_client */;
/*!40101 SET character_set_client = utf8 */;
CREATE TABLE `member` (
  `id_member` int(11) NOT NULL AUTO_INCREMENT,
  `nm_member` varchar(255) NOT NULL,
  `alamat_member` text NOT NULL,
  `telepon` varchar(255) NOT NULL,
  `email` varchar(255) NOT NULL,
  `gambar` text NOT NULL,
  `NIK` text NOT NULL,
  PRIMARY KEY (`id_member`)
) ENGINE=InnoDB AUTO_INCREMENT=2 DEFAULT CHARSET=latin1;
/*!40101 SET character_set_client = @saved_cs_client */;

--
-- Dumping data for table `member`
--

LOCK TABLES `member` WRITE;
/*!40000 ALTER TABLE `member` DISABLE KEYS */;
INSERT INTO `member` VALUES (1,'Kopsaw','Bappelitbangda Kab. Tasikmalaya','085161584626','example@gmail.com','unnamed.jpg','-');
/*!40000 ALTER TABLE `member` ENABLE KEYS */;
UNLOCK TABLES;

--
-- Table structure for table `nota`
--

DROP TABLE IF EXISTS `nota`;
/*!40101 SET @saved_cs_client     = @@character_set_client */;
/*!40101 SET character_set_client = utf8 */;
CREATE TABLE `nota` (
  `id_nota` varchar(14) NOT NULL COMMENT 'TRXMMYYY.0001',
  `id_member` int(11) NOT NULL,
  `id_pelanggan` varchar(6) DEFAULT NULL,
  `jumlah` varchar(255) NOT NULL,
  `total` varchar(255) NOT NULL,
  `bayar` bigint(20) DEFAULT NULL,
  `kembalian` bigint(20) DEFAULT NULL,
  `status_nota` enum('Lunas','Hutang') DEFAULT NULL,
  `waktudata` datetime NOT NULL DEFAULT current_timestamp(),
  `periode` varchar(255) DEFAULT NULL,
  PRIMARY KEY (`id_nota`)
) ENGINE=InnoDB DEFAULT CHARSET=latin1;
/*!40101 SET character_set_client = @saved_cs_client */;

--
-- Dumping data for table `nota`
--

LOCK TABLES `nota` WRITE;
/*!40000 ALTER TABLE `nota` DISABLE KEYS */;
INSERT INTO `nota` VALUES ('TRX062024.0001',1,'PW0016','19','311000',311000,0,'Lunas','2024-06-05 15:03:35','06-2024'),('TRX062024.0002',1,'PW0016','1','33000',33000,0,'Lunas','2024-06-05 15:08:39','06-2024'),('TRX062024.0003',1,'PW0016','1','15000',15000,0,'Lunas','2024-06-05 15:13:24','06-2024'),('TRX062024.0004',1,'PW0117','10','20500',0,0,'Hutang','2024-06-05 16:11:00','06-2024'),('TRX062024.0005',1,'PW0114','15','137000',0,0,'Hutang','2024-06-05 16:17:01','06-2024'),('TRX062024.0006',1,'PW0072','2','11000',0,0,'Hutang','2024-06-05 16:18:41','06-2024'),('TRX062024.0007',1,'PW0024','3','74000',0,0,'Hutang','2024-06-05 16:22:02','06-2024'),('TRX062024.0008',1,'PW0100','2','30000',30000,0,'Lunas','2024-06-05 16:23:25','06-2024'),('TRX062024.0009',1,'PW0082','1','30000',0,0,'Hutang','2024-06-05 16:26:18','06-2024'),('TRX062024.0010',1,'PW0012','5','99000',99000,0,'Lunas','2024-06-05 16:28:21','06-2024'),('TRX062024.0011',1,'PW0067','2','34000',0,0,'Hutang','2024-06-05 16:29:45','06-2024'),('TRX062024.0012',1,'PW0019','3','11500',0,0,'Hutang','2024-06-05 16:31:29','06-2024'),('TRX062024.0013',1,'PW0062','1','18000',0,0,'Hutang','2024-06-05 16:32:59','06-2024'),('TRX062024.0014',1,'PW0109','2','18000',18000,0,'Lunas','2024-06-05 19:42:54','06-2024'),('TRX062024.0015',1,'PW0018','1','23000',0,0,'Hutang','2024-06-05 19:45:25','06-2024'),('TRX062024.0016',1,'PW0107','13','97000',97000,0,'Lunas','2024-06-05 19:49:13','06-2024'),('TRX062024.0017',1,'PW0087','1','3000',3000,0,'Lunas','2024-06-05 19:50:31','06-2024'),('TRX062024.0018',1,'PW0118','1','16000',0,0,'Hutang','2024-06-05 19:53:58','06-2024'),('TRX062024.0019',1,'PW0120','1','44000',0,0,'Hutang','2024-06-05 19:56:07','06-2024'),('TRX062024.0020',1,'PW0122','1','27000',0,0,'Hutang','2024-06-05 19:58:33','06-2024'),('TRX062024.0021',1,'PW0116','8','334000',0,0,'Hutang','2024-06-05 20:03:44','06-2024'),('TRX062024.0022',1,'PW0115','3','51000',0,0,'Hutang','2024-06-05 20:05:06','06-2024'),('TRX062024.0023',1,'PW0112','21','345000',345000,0,'Lunas','2024-06-05 20:14:30','06-2024'),('TRX062024.0024',1,'PW0082','1','30000',0,0,'Hutang','2024-06-05 20:23:54','06-2024'),('TRX062024.0025',1,'PW0092','2','9000',9000,0,'Lunas','2024-06-06 11:00:46','06-2024'),('TRX062024.0026',1,'PW0057','3','50000',50000,0,'Lunas','2024-06-06 11:02:00','06-2024'),('TRX062024.0027',1,'PW0024','3','84000',0,0,'Hutang','2024-06-06 15:46:26','06-2024'),('TRX062024.0028',1,'PW0072','2','48000',0,0,'Hutang','2024-06-06 15:47:42','06-2024'),('TRX062024.0029',1,'PW0058','1','3000',0,0,'Hutang','2024-06-06 15:49:27','06-2024'),('TRX062024.0030',1,'PW0058','1','3000',0,0,'Hutang','2024-06-06 15:56:14','06-2024'),('TRX062024.0031',1,'PW0116','32','400500',0,0,'Hutang','2024-06-06 16:08:58','06-2024'),('TRX062024.0032',1,'PW0120','13','242000',0,0,'Hutang','2024-06-06 19:53:33','06-2024'),('TRX062024.0033',1,'PW0119','2','30000',0,0,'Hutang','2024-06-06 19:55:03','06-2024'),('TRX062024.0034',1,'PW0118','2','34000',0,0,'Hutang','2024-06-06 19:56:30','06-2024'),('TRX062024.0035',1,'PW0116','1','14000',0,0,'Hutang','2024-06-06 19:57:46','06-2024'),('TRX062024.0036',1,'PW0117','1','48000',0,0,'Hutang','2024-06-06 19:58:41','06-2024'),('TRX062024.0037',1,'PW0115','6','146000',0,0,'Hutang','2024-06-06 20:00:53','06-2024'),('TRX062024.0038',1,'PW0114','10','174000',0,0,'Hutang','2024-06-06 20:05:08','06-2024'),('TRX062024.0039',1,'PW0069','1','3000',0,0,'Hutang','2024-06-06 20:06:26','06-2024'),('TRX062024.0040',1,'PW0067','1','7500',0,0,'Hutang','2024-06-06 20:07:34','06-2024'),('TRX062024.0041',1,'PW0070','1','34000',0,0,'Hutang','2024-06-06 20:08:17','06-2024'),('TRX062024.0042',1,'PW0082','1','30000',0,0,'Hutang','2024-06-06 20:08:55','06-2024'),('TRX062024.0043',1,'PW0018','2','79000',0,0,'Hutang','2024-06-06 20:13:04','06-2024'),('TRX062024.0044',1,'PW0122','1','28000',0,0,'Hutang','2024-06-06 20:15:17','06-2024'),('TRX062024.0045',1,'PW0012','1','26000',0,0,'Hutang','2024-06-06 20:15:50','06-2024'),('TRX062024.0046',1,'PW0035','14','196000',196000,0,'Lunas','2024-06-06 20:19:12','06-2024'),('TRX062024.0047',1,'PW0081','1','26000',26000,0,'Lunas','2024-06-06 20:20:01','06-2024'),('TRX062024.0048',1,'PW0112','45','511500',511500,0,'Lunas','2024-06-06 20:32:22','06-2024'),('TRX062024.0049',1,'PW0103','2','30000',30000,0,'Lunas','2024-06-06 20:33:16','06-2024'),('TRX062024.0050',1,'PW0100','1','15000',15000,0,'Lunas','2024-06-07 19:47:46','06-2024'),('TRX062024.0051',1,'PW0024','6','84200',0,0,'Hutang','2024-06-07 19:52:18','06-2024'),('TRX062024.0052',1,'PW0114','3','55000',0,0,'Hutang','2024-06-07 19:54:25','06-2024'),('TRX062024.0053',1,'PW0120','10','186000',0,0,'Hutang','2024-06-07 19:59:12','06-2024'),('TRX062024.0054',1,'PW0078','1','17000',0,0,'Hutang','2024-06-07 20:00:01','06-2024'),('TRX062024.0055',1,'PW0072','2','48000',0,0,'Hutang','2024-06-07 20:01:16','06-2024'),('TRX062024.0056',1,'PW0057','4','56100',0,0,'Hutang','2024-06-07 20:02:37','06-2024'),('TRX062024.0057',1,'PW0021','2','64000',0,0,'Hutang','2024-06-07 20:04:11','06-2024'),('TRX062024.0058',1,'PW0117','1','16000',0,0,'Hutang','2024-06-07 20:05:23','06-2024'),('TRX062024.0059',1,'PW0090','1','17000',0,0,'Hutang','2024-06-07 20:06:14','06-2024'),('TRX062024.0060',1,'PW0037','2','27000',0,0,'Hutang','2024-06-07 20:08:28','06-2024'),('TRX062024.0061',1,'PW0076','2','14100',0,0,'Hutang','2024-06-07 20:11:35','06-2024'),('TRX062024.0062',1,'PW0058','1','30000',0,0,'Hutang','2024-06-07 20:12:12','06-2024'),('TRX062024.0063',1,'PW0107','1','3000',3000,0,'Lunas','2024-06-07 20:13:03','06-2024'),('TRX062024.0064',1,'PW0112','32','350000',350000,0,'Lunas','2024-06-07 20:19:57','06-2024'),('TRX062024.0065',1,'PW0090','1','16000',0,0,'Hutang','2024-06-07 20:31:14','06-2024'),('TRX062024.0066',1,'PW0107','10','98000',98000,0,'Lunas','2024-06-10 15:43:39','06-2024'),('TRX062024.0067',1,'PW0019','2','21000',0,0,'Hutang','2024-06-10 16:00:21','06-2024'),('TRX062024.0068',1,'PW0012','1','17000',0,0,'Hutang','2024-06-10 16:12:29','06-2024'),('TRX062024.0069',1,'PW0102','2','22000',22000,0,'Lunas','2024-06-10 16:13:17','06-2024'),('TRX062024.0071',1,'PW0120','1','40000',0,0,'Hutang','2024-06-10 16:25:19','06-2024'),('TRX062024.0072',1,'PW0121','1','12000',0,0,'Hutang','2024-06-10 16:25:56','06-2024'),('TRX062024.0073',1,'PW0118','8','46000',0,0,'Hutang','2024-06-10 16:32:27','06-2024'),('TRX062024.0074',1,'PW0119','1','45000',0,0,'Hutang','2024-06-10 16:34:56','06-2024'),('TRX062024.0075',1,'PW0122','16','138500',138500,0,'Lunas','2024-06-10 16:39:13','06-2024'),('TRX062024.0076',1,'PW0119','1','4500',0,0,'Hutang','2024-06-10 16:39:56','06-2024'),('TRX062024.0077',1,'PW0072','2','48000',0,0,'Hutang','2024-06-10 16:41:45','06-2024'),('TRX062024.0078',1,'PW0082','2','60000',0,0,'Hutang','2024-06-10 16:42:42','06-2024'),('TRX062024.0079',1,'PW0115','11','35000',0,0,'Hutang','2024-06-10 16:44:33','06-2024'),('TRX062024.0080',1,'PW0057','4','76000',76000,0,'Lunas','2024-06-10 16:48:04','06-2024'),('TRX062024.0081',1,'PW0116','97','1112500',0,0,'Hutang','2024-06-10 20:00:04','06-2024'),('TRX062024.0082',1,'PW0011','2','4400',0,0,'Hutang','2024-06-10 20:01:10','06-2024'),('TRX062024.0083',1,'PW0078','1','17000',0,0,'Hutang','2024-06-10 20:01:44','06-2024'),('TRX062024.0084',1,'PW0114','8','31000',0,0,'Hutang','2024-06-10 20:02:44','06-2024'),('TRX062024.0085',1,'PW0021','4','103000',0,0,'Hutang','2024-06-10 20:04:51','06-2024'),('TRX062024.0086',1,'PW0117','1','12000',0,0,'Hutang','2024-06-10 20:05:25','06-2024'),('TRX062024.0087',1,'PW0070','1','22000',0,0,'Hutang','2024-06-10 20:05:59','06-2024'),('TRX062024.0088',1,'PW0067','1','35000',0,0,'Hutang','2024-06-10 20:06:31','06-2024'),('TRX062024.0089',1,'PW0096','3','12000',12000,0,'Lunas','2024-06-10 20:07:19','06-2024'),('TRX062024.0090',1,'PW0024','3','37000',0,0,'Hutang','2024-06-10 20:11:56','06-2024'),('TRX062024.0091',1,'PW0024','1','34000',0,0,'Hutang','2024-06-10 20:13:11','06-2024'),('TRX062024.0092',1,'PW0076','1','11000',0,0,'Hutang','2024-06-10 20:14:13','06-2024'),('TRX062024.0093',1,'PW0112','32','295600',295600,0,'Lunas','2024-06-10 20:22:06','06-2024'),('TRX062024.0094',1,'PW0040','13','238000',238000,0,'Lunas','2024-06-11 15:01:47','06-2024'),('TRX062024.0095',1,'PW0058','9','106800',0,0,'Hutang','2024-06-11 15:05:03','06-2024'),('TRX062024.0096',1,'PW0019','1','3000',0,0,'Hutang','2024-06-11 15:05:50','06-2024'),('TRX062024.0097',1,'PW0050','4','7000',7000,0,'Lunas','2024-06-11 15:06:48','06-2024'),('TRX062024.0098',1,'PW0074','9','127000',127000,0,'Lunas','2024-06-11 15:08:23','06-2024'),('TRX062024.0099',1,'PW0087','2','33000',50000,17000,'Lunas','2024-06-11 15:09:38','06-2024'),('TRX062024.0100',1,'PW0024','9','131000',0,0,'Hutang','2024-06-11 15:18:04','06-2024'),('TRX062024.0101',1,'PW0120','3','91000',0,0,'Hutang','2024-06-11 15:20:10','06-2024'),('TRX062024.0102',1,'PW0121','1','6000',0,0,'Hutang','2024-06-11 15:20:50','06-2024'),('TRX062024.0103',1,'PW0067','3','17000',0,0,'Hutang','2024-06-11 15:21:48','06-2024'),('TRX062024.0104',1,'PW0018','1','17000',0,0,'Hutang','2024-06-11 15:24:01','06-2024'),('TRX062024.0105',1,'PW0122','1','25000',0,0,'Hutang','2024-06-11 15:25:41','06-2024'),('TRX062024.0106',1,'PW0012','3','51000',0,0,'Hutang','2024-06-11 15:34:27','06-2024'),('TRX062024.0107',1,'PW0112','15','194000',194000,0,'Lunas','2024-06-11 15:41:47','06-2024'),('TRX062024.0108',1,'PW0072','4','94000',94000,0,'Lunas','2024-06-12 15:06:35','06-2024'),('TRX062024.0109',1,'PW0078','7','17000',100000,83000,'Lunas','2024-06-12 15:08:55','06-2024'),('TRX062024.0110',1,'PW0027','1','31000',0,0,'Hutang','2024-06-12 15:09:29','06-2024'),('TRX062024.0111',1,'PW0069','1','3000',0,0,'Hutang','2024-06-12 15:09:55','06-2024'),('TRX062024.0112',1,'PW0087','2','48000',50000,2000,'Lunas','2024-06-12 15:11:23','06-2024'),('TRX062024.0113',1,'PW0033','1','3000',10000,7000,'Lunas','2024-06-12 15:11:53','06-2024'),('TRX062024.0114',1,'PW0024','4','94000',0,0,'Hutang','2024-06-12 15:13:25','06-2024'),('TRX062024.0115',1,'PW0114','128','323000',0,0,'Hutang','2024-06-12 15:18:15','06-2024'),('TRX062024.0116',1,'PW0013','1','21000',21000,0,'Lunas','2024-06-12 15:18:55','06-2024'),('TRX062024.0117',1,'PW0011','1','9000',0,0,'Hutang','2024-06-12 15:19:47','06-2024'),('TRX062024.0118',1,'PW0018','1','11000',0,0,'Hutang','2024-06-12 15:24:38','06-2024'),('TRX062024.0119',1,'PW0041','1','15000',15000,0,'Lunas','2024-06-12 15:25:15','06-2024'),('TRX062024.0120',1,'PW0112','29','332000',332000,0,'Lunas','2024-06-12 15:29:08','06-2024'),('TRX062024.0121',1,'PW0027','2','4200',0,0,'Hutang','2024-06-13 14:54:45','06-2024'),('TRX062024.0122',1,'PW0069','3','9000',0,0,'Hutang','2024-06-13 14:55:27','06-2024'),('TRX062024.0123',1,'PW0070','1','34000',0,0,'Hutang','2024-06-13 14:56:08','06-2024'),('TRX062024.0124',1,'PW0067','1','40000',20000,0,'Hutang','2024-06-13 14:58:18','06-2024'),('TRX062024.0125',1,'PW0024','3','63000',0,0,'Hutang','2024-06-13 15:00:48','06-2024'),('TRX062024.0126',1,'PW0018','1','3000',0,0,'Hutang','2024-06-13 15:01:17','06-2024'),('TRX062024.0127',1,'PW0100','1','15000',15000,0,'Lunas','2024-06-13 15:02:20','06-2024'),('TRX062024.0128',1,'PW0050','3','9000',9000,0,'Lunas','2024-06-13 15:03:01','06-2024'),('TRX062024.0129',1,'PW0094','2','78000',78000,0,'Lunas','2024-06-13 15:03:48','06-2024'),('TRX062024.0130',1,'PW0013','1','21000',21000,0,'Lunas','2024-06-13 15:04:17','06-2024'),('TRX062024.0131',1,'PW0019','3','34000',0,0,'Hutang','2024-06-13 15:10:02','06-2024'),('TRX062024.0132',1,'PW0072','2','48000',0,0,'Hutang','2024-06-13 15:11:08','06-2024'),('TRX062024.0133',1,'PW0057','3','41000',0,0,'Hutang','2024-06-13 15:12:01','06-2024'),('TRX062024.0134',1,'PW0117','2','32000',0,0,'Hutang','2024-06-13 15:12:55','06-2024'),('TRX062024.0135',1,'PW0120','2','50000',0,0,'Hutang','2024-06-13 15:13:53','06-2024'),('TRX062024.0136',1,'PW0087','1','15000',15000,0,'Lunas','2024-06-13 15:14:26','06-2024'),('TRX062024.0137',1,'PW0109','8','88000',88000,0,'Lunas','2024-06-13 15:15:26','06-2024'),('TRX062024.0138',1,'PW0082','2','43000',0,0,'Hutang','2024-06-13 15:17:36','06-2024'),('TRX062024.0139',1,'PW0076','1','8000',0,0,'Hutang','2024-06-13 15:18:09','06-2024'),('TRX062024.0140',1,'PW0119','1','44000',0,0,'Hutang','2024-06-13 15:19:11','06-2024'),('TRX062024.0141',1,'PW0036','1','25000',25000,0,'Lunas','2024-06-13 15:20:49','06-2024'),('TRX062024.0142',1,'PW0112','20','330000',330000,0,'Lunas','2024-06-13 15:25:49','06-2024'),('TRX062024.0143',1,'PW0011','4','29000',0,0,'Hutang','2024-06-14 14:45:52','06-2024'),('TRX062024.0144',1,'PW0082','1','30000',0,0,'Hutang','2024-06-14 14:46:20','06-2024'),('TRX062024.0145',1,'PW0067','3','12000',0,0,'Hutang','2024-06-14 14:47:08','06-2024'),('TRX062024.0146',1,'PW0122','54','90000',0,0,'Hutang','2024-06-14 14:49:41','06-2024'),('TRX062024.0147',1,'PW0119','4','52000',0,0,'Hutang','2024-06-14 14:50:37','06-2024'),('TRX062024.0148',1,'PW0121','5','149000',0,0,'Hutang','2024-06-14 14:52:48','06-2024'),('TRX062024.0149',1,'PW0072','1','3000',0,0,'Hutang','2024-06-14 14:54:16','06-2024'),('TRX062024.0150',1,'PW0012','2','43000',0,0,'Hutang','2024-06-14 14:55:04','06-2024'),('TRX062024.0151',1,'PW0115','2','65000',0,0,'Hutang','2024-06-14 14:56:31','06-2024'),('TRX062024.0152',1,'PW0120','1','25000',0,0,'Hutang','2024-06-14 14:56:58','06-2024'),('TRX062024.0153',1,'PW0120','1','235000',0,0,'Hutang','2024-06-14 14:58:14','06-2024'),('TRX062024.0154',1,'PW0114','1','130000',0,0,'Hutang','2024-06-14 15:00:55','06-2024'),('TRX062024.0155',1,'PW0019','1','18000',0,0,'Hutang','2024-06-14 15:01:21','06-2024'),('TRX062024.0156',1,'PW0024','1','158000',0,0,'Hutang','2024-06-14 15:02:29','06-2024'),('TRX062024.0157',1,'PW0100','3','10000',10000,0,'Lunas','2024-06-14 15:03:12','06-2024'),('TRX062024.0158',1,'PW0112','23','267000',267000,0,'Lunas','2024-06-14 15:09:51','06-2024'),('TRX062024.0159',1,'PW0117','1','53000',0,0,'Hutang','2024-06-14 15:10:21','06-2024'),('TRX062024.0160',1,'PW0076','1','8000',0,0,'Hutang','2024-06-14 15:11:18','06-2024'),('TRX062024.0161',1,'PW0070','1','17000',0,0,'Hutang','2024-06-14 15:11:53','06-2024'),('TRX062024.0162',1,'PW0050','5','5000',5000,0,'Lunas','2024-06-14 15:13:20','06-2024'),('TRX062024.0163',1,'PW0036','2','26000',26000,0,'Lunas','2024-06-19 15:24:48','06-2024'),('TRX062024.0164',1,'PW0083','20','360000',360000,0,'Lunas','2024-06-19 15:28:10','06-2024'),('TRX062024.0165',1,'PW0070','2','50000',0,0,'Hutang','2024-06-19 15:30:04','06-2024'),('TRX062024.0166',1,'PW0116','15','156000',0,0,'Hutang','2024-06-19 15:33:05','06-2024'),('TRX062024.0167',1,'PW0024','4','47000',0,0,'Hutang','2024-06-19 15:34:27','06-2024'),('TRX062024.0168',1,'PW0114','13','225000',0,0,'Hutang','2024-06-19 15:36:12','06-2024'),('TRX062024.0169',1,'PW0119','4','128000',0,0,'Hutang','2024-06-19 15:37:41','06-2024'),('TRX062024.0170',1,'PW0120','5','179000',0,0,'Hutang','2024-06-19 15:39:27','06-2024'),('TRX062024.0171',1,'PW0120','4','43000',0,0,'Hutang','2024-06-19 15:41:43','06-2024'),('TRX062024.0172',1,'PW0018','8','51000',0,0,'Hutang','2024-06-19 15:44:04','06-2024'),('TRX062024.0173',1,'PW0078','1','17000',0,0,'Hutang','2024-06-19 15:45:06','06-2024'),('TRX062024.0174',1,'PW0082','3','18000',0,0,'Hutang','2024-06-19 15:46:11','06-2024'),('TRX062024.0175',1,'PW0117','5','322000',0,0,'Hutang','2024-06-19 15:49:09','06-2024'),('TRX062024.0176',1,'PW0115','2','8000',0,0,'Hutang','2024-06-19 15:49:53','06-2024'),('TRX062024.0177',1,'PW0013','1','21000',21000,0,'Lunas','2024-06-19 15:50:22','06-2024'),('TRX062024.0178',1,'PW0067','1','39000',39000,0,'Lunas','2024-06-19 15:50:47','06-2024'),('TRX062024.0179',1,'PW0040','2','55000',60000,5000,'Lunas','2024-06-19 15:52:05','06-2024'),('TRX062024.0180',1,'PW0112','26','270000',270000,0,'Lunas','2024-06-20 12:27:58','06-2024'),('TRX062024.0181',1,'PW0087','2','37000',37000,0,'Lunas','2024-06-20 12:30:29','06-2024'),('TRX062024.0182',1,'PW0078','3','16000',0,0,'Hutang','2024-06-20 12:32:26','06-2024'),('TRX062024.0183',1,'PW0050','4','12000',12000,0,'Lunas','2024-06-20 15:21:04','06-2024'),('TRX062024.0184',1,'PW0040','16','150000',150000,0,'Lunas','2024-06-20 15:22:34','06-2024'),('TRX062024.0185',1,'PW0024','4','114000',0,0,'Hutang','2024-06-20 15:24:39','06-2024'),('TRX062024.0186',1,'PW0021','1','28000',0,0,'Hutang','2024-06-20 15:25:08','06-2024'),('TRX062024.0187',1,'PW0072','1','3000',0,0,'Hutang','2024-06-20 15:26:02','06-2024'),('TRX062024.0188',1,'PW0067','1','39000',39000,0,'Lunas','2024-06-20 15:27:26','06-2024'),('TRX062024.0189',1,'PW0089','1','7000',7000,0,'Lunas','2024-06-20 15:27:53','06-2024'),('TRX062024.0190',1,'PW0117','26','60400',0,0,'Hutang','2024-06-20 15:30:07','06-2024'),('TRX062024.0191',1,'PW0119','1','49000',0,0,'Hutang','2024-06-20 15:32:08','06-2024'),('TRX062024.0192',1,'PW0116','2','775000',0,0,'Hutang','2024-06-20 15:34:50','06-2024'),('TRX062024.0193',1,'PW0114','1','35000',0,0,'Hutang','2024-06-20 15:35:44','06-2024'),('TRX062024.0194',1,'PW0112','15','272000',272000,0,'Lunas','2024-06-20 15:39:53','06-2024'),('TRX062024.0195',1,'PW0105','12','43000',43000,0,'Lunas','2024-06-21 15:01:46','06-2024'),('TRX062024.0196',1,'PW0106','5','21000',21000,0,'Lunas','2024-06-21 15:03:10','06-2024'),('TRX062024.0197',1,'PW0104','22','55000',55000,0,'Lunas','2024-06-21 15:06:45','06-2024'),('TRX062024.0198',1,'PW0092','2','6000',6000,0,'Lunas','2024-06-21 15:07:11','06-2024'),('TRX062024.0199',1,'PW0081','2','31000',0,0,'Hutang','2024-06-21 15:08:47','06-2024'),('TRX062024.0200',1,'PW0107','4','48000',48000,0,'Lunas','2024-06-21 15:09:35','06-2024'),('TRX062024.0201',1,'PW0072','3','49200',0,0,'Hutang','2024-06-21 15:12:02','06-2024'),('TRX062024.0202',1,'PW0037','11','30700',0,0,'Hutang','2024-06-21 15:21:08','06-2024'),('TRX062024.0203',1,'PW0062','1','3000',0,0,'Hutang','2024-06-21 15:21:50','06-2024'),('TRX062024.0204',1,'PW0082','3','40200',0,0,'Hutang','2024-06-21 15:23:18','06-2024'),('TRX062024.0205',1,'PW0067','4','146000',146000,0,'Lunas','2024-06-21 15:25:01','06-2024'),('TRX062024.0206',1,'PW0050','2','7000',7000,0,'Lunas','2024-06-21 15:26:00','06-2024'),('TRX062024.0207',1,'PW0067','2','37000',0,0,'Hutang','2024-06-21 15:26:42','06-2024'),('TRX062024.0208',1,'PW0024','2','22000',0,0,'Hutang','2024-06-21 15:27:24','06-2024'),('TRX062024.0209',1,'PW0058','1','30000',0,0,'Hutang','2024-06-21 15:28:01','06-2024'),('TRX062024.0210',1,'PW0037','2','34000',0,0,'Hutang','2024-06-21 15:28:51','06-2024'),('TRX062024.0211',1,'PW0066','2','20000',0,0,'Hutang','2024-06-21 15:29:36','06-2024'),('TRX062024.0212',1,'PW0021','6','99400',0,0,'Hutang','2024-06-21 15:31:41','06-2024'),('TRX062024.0213',1,'PW0013','1','21000',21000,0,'Lunas','2024-06-21 15:33:03','06-2024'),('TRX062024.0214',1,'PW0117','2','126000',0,0,'Hutang','2024-06-21 15:34:55','06-2024'),('TRX062024.0215',1,'PW0012','1','31000',0,0,'Hutang','2024-06-21 15:35:22','06-2024'),('TRX062024.0216',1,'PW0121','1','172500',0,0,'Hutang','2024-06-21 15:37:43','06-2024'),('TRX062024.0217',1,'PW0011','2','18000',0,0,'Hutang','2024-06-21 15:39:11','06-2024'),('TRX062024.0218',1,'PW0076','1','20000',0,0,'Hutang','2024-06-21 15:41:29','06-2024'),('TRX062024.0219',1,'PW0018','1','20000',0,0,'Hutang','2024-06-21 15:41:58','06-2024'),('TRX062024.0220',1,'PW0112','42','598000',598000,0,'Lunas','2024-06-21 15:50:17','06-2024'),('TRX062024.0221',1,'PW0107','2','40000',40000,0,'Lunas','2024-06-24 14:43:24','06-2024'),('TRX062024.0222',1,'PW0019','2','31000',0,0,'Hutang','2024-06-24 14:44:17','06-2024'),('TRX062024.0223',1,'PW0040','3','102000',102000,0,'Lunas','2024-06-24 14:44:52','06-2024'),('TRX062024.0224',1,'PW0027','1','3000',0,0,'Hutang','2024-06-24 14:46:22','06-2024'),('TRX062024.0225',1,'PW0082','2','39000',0,0,'Hutang','2024-06-24 14:54:53','06-2024'),('TRX062024.0226',1,'PW0027','1','35000',0,0,'Hutang','2024-06-24 14:55:47','06-2024'),('TRX062024.0227',1,'PW0067','1','18000',0,0,'Hutang','2024-06-24 14:58:00','06-2024'),('TRX062024.0228',1,'PW0116','3','76000',0,0,'Hutang','2024-06-24 14:59:24','06-2024'),('TRX062024.0229',1,'PW0072','1','3000',0,0,'Hutang','2024-06-24 15:00:02','06-2024'),('TRX062024.0230',1,'PW0121','2','32000',0,0,'Hutang','2024-06-24 15:00:42','06-2024'),('TRX062024.0231',1,'PW0123','1','25000',0,0,'Hutang','2024-06-24 15:02:31','06-2024'),('TRX062024.0232',1,'PW0120','4','97000',0,0,'Hutang','2024-06-24 15:04:03','06-2024'),('TRX062024.0233',1,'PW0066','6','32000',32000,0,'Lunas','2024-06-24 15:05:17','06-2024'),('TRX062024.0234',1,'PW0012','1','17000',0,0,'Hutang','2024-06-24 15:06:02','06-2024'),('TRX062024.0235',1,'PW0114','11','128000',0,0,'Hutang','2024-06-24 15:08:01','06-2024'),('TRX062024.0236',1,'PW0018','4','45000',0,0,'Hutang','2024-06-24 15:10:27','06-2024'),('TRX062024.0237',1,'PW0019','1','166000',0,0,'Hutang','2024-06-24 15:13:13','06-2024'),('TRX062024.0238',1,'PW0060','1','21000',21000,0,'Lunas','2024-06-24 15:14:14','06-2024'),('TRX062024.0239',1,'PW0112','29','331000',331000,0,'Lunas','2024-06-24 15:22:30','06-2024'),('TRX062024.0240',1,'PW0024','2','63000',0,0,'Hutang','2024-06-24 15:25:28','06-2024'),('TRX062024.0241',1,'PW0119','25','122000',0,0,'Hutang','2024-06-24 15:28:01','06-2024'),('TRX062024.0242',1,'PW0076','1','18000',0,0,'Hutang','2024-06-24 15:31:54','06-2024'),('TRX062024.0243',1,'PW0067','1','18000',0,0,'Hutang','2024-06-24 15:32:22','06-2024'),('TRX062024.0244',1,'PW0114','1','45000',0,0,'Hutang','2024-06-24 15:33:01','06-2024'),('TRX062024.0245',1,'PW0072','1','28000',0,0,'Hutang','2024-06-24 15:35:24','06-2024'),('TRX062024.0246',1,'PW0115','1','25000',0,0,'Hutang','2024-06-24 15:37:50','06-2024'),('TRX062024.0247',1,'PW0012','1','15000',0,0,'Hutang','2024-06-24 15:38:26','06-2024'),('TRX062024.0248',1,'PW0027','1','20000',NULL,0,'Hutang','2024-06-24 15:38:53','06-2024'),('TRX062024.0251',1,'PW0037','2','40000',0,0,'Hutang','2024-06-25 14:18:42','06-2024'),('TRX062024.0252',1,'PW0024','11','133000',0,0,'Hutang','2024-06-25 15:31:44','06-2024'),('TRX062024.0253',1,'PW0057','1','35000',0,0,'Hutang','2024-06-25 15:34:07','06-2024'),('TRX062024.0254',1,'PW0117','32','180000',0,0,'Hutang','2024-06-25 15:36:36','06-2024'),('TRX062024.0255',1,'PW0070','2','25000',0,0,'Hutang','2024-06-25 15:38:54','06-2024'),('TRX062024.0256',1,'PW0078','1','17000',0,0,'Hutang','2024-06-25 15:40:14','06-2024'),('TRX062024.0257',1,'PW0076','1','3000',0,0,'Hutang','2024-06-25 15:40:42','06-2024'),('TRX062024.0258',1,'PW0019','4','52000',0,0,'Hutang','2024-06-25 15:41:58','06-2024'),('TRX062024.0259',1,'PW0050','2','6000',6000,0,'Lunas','2024-06-25 15:43:51','06-2024'),('TRX062024.0260',1,'PW0082','2','39000',0,0,'Hutang','2024-06-25 15:44:56','06-2024'),('TRX062024.0261',1,'PW0086','1','21000',21000,0,'Lunas','2024-06-25 15:45:28','06-2024'),('TRX062024.0262',1,'PW0067','1','35000',0,0,'Hutang','2024-06-25 15:46:27','06-2024'),('TRX062024.0263',1,'PW0114','5','61000',0,0,'Hutang','2024-06-25 15:49:04','06-2024'),('TRX062024.0264',1,'PW0124','2','4000',4000,0,'Lunas','2024-06-25 15:51:38','06-2024'),('TRX062024.0265',1,'PW0072','2','48000',0,0,'Hutang','2024-06-25 15:52:21','06-2024'),('TRX062024.0266',1,'PW0012','1','31000',0,0,'Hutang','2024-06-25 15:52:54','06-2024'),('TRX062024.0267',1,'PW0125','1','25000',0,0,'Hutang','2024-06-25 15:53:51','06-2024'),('TRX062024.0268',1,'PW0120','1','25000',0,0,'Hutang','2024-06-25 15:54:43','06-2024'),('TRX062024.0269',1,'PW0122','1','28000',0,0,'Hutang','2024-06-25 15:55:16','06-2024'),('TRX062024.0270',1,'PW0115','1','25000',0,0,'Hutang','2024-06-25 15:57:36','06-2024'),('TRX062024.0271',1,'PW0123','1','25000',0,0,'Hutang','2024-06-25 15:58:02','06-2024'),('TRX062024.0272',1,'PW0116','1','30000',0,0,'Hutang','2024-06-25 15:58:27','06-2024'),('TRX062024.0273',1,'PW0112','11','257000',257000,0,'Lunas','2024-06-25 16:02:01','06-2024'),('TRX062024.0274',1,'PW0067','1','35000',0,0,'Hutang','2024-06-26 08:13:32','06-2024'),('TRX062024.0275',1,'PW0050','1','7000',7000,0,'Lunas','2024-06-26 14:48:37','06-2024'),('TRX062024.0276',1,'PW0057','5','100000',100000,0,'Lunas','2024-06-26 14:50:13','06-2024'),('TRX062024.0277',1,'PW0057','3','78000',0,0,'Hutang','2024-06-26 14:53:12','06-2024'),('TRX062024.0278',1,'PW0082','1','30000',0,0,'Hutang','2024-06-26 15:36:26','06-2024'),('TRX062024.0279',1,'PW0042','6','73000',73000,0,'Lunas','2024-06-26 15:38:01','06-2024'),('TRX062024.0280',1,'PW0081','1','3000',0,0,'Hutang','2024-06-26 15:38:25','06-2024'),('TRX062024.0281',1,'PW0024','7','56000',0,0,'Hutang','2024-06-26 15:40:43','06-2024'),('TRX062024.0282',1,'PW0083','7','128000',128000,0,'Lunas','2024-06-26 15:43:28','06-2024'),('TRX062024.0283',1,'PW0069','1','22000',0,0,'Hutang','2024-06-26 15:44:06','06-2024'),('TRX062024.0284',1,'PW0019','3','24000',0,0,'Hutang','2024-06-26 15:45:03','06-2024'),('TRX062024.0285',1,'PW0117','14','93000',0,0,'Hutang','2024-06-26 15:46:58','06-2024'),('TRX062024.0286',1,'PW0119','30','104000',0,0,'Hutang','2024-06-26 15:49:37','06-2024'),('TRX062024.0287',1,'PW0123','5','71000',0,0,'Hutang','2024-06-26 15:51:35','06-2024'),('TRX062024.0288',1,'PW0122','2','16000',0,0,'Hutang','2024-06-26 15:52:24','06-2024'),('TRX062024.0289',1,'PW0100','1','15000',15000,0,'Lunas','2024-06-26 15:52:58','06-2024'),('TRX062024.0290',1,'PW0012','1','17000',0,0,'Hutang','2024-06-26 15:53:36','06-2024'),('TRX062024.0291',1,'PW0118','1','3000',0,0,'Hutang','2024-06-26 15:54:22','06-2024'),('TRX062024.0292',1,'PW0087','4','41000',41000,0,'Lunas','2024-06-26 15:55:14','06-2024'),('TRX062024.0293',1,'PW0042','1','21000',21000,0,'Lunas','2024-06-26 15:55:48','06-2024'),('TRX062024.0294',1,'PW0095','2','62000',0,0,'Hutang','2024-06-26 15:57:32','06-2024'),('TRX062024.0295',1,'PW0109','3','5000',5000,0,'Lunas','2024-06-26 15:58:28','06-2024'),('TRX062024.0296',1,'PW0116','11','37000',0,0,'Hutang','2024-06-26 15:59:35','06-2024'),('TRX062024.0297',1,'PW0114','5','60000',0,0,'Hutang','2024-06-26 16:01:32','06-2024'),('TRX062024.0298',1,'PW0067','2','57000',0,0,'Hutang','2024-06-26 16:02:52','06-2024'),('TRX062024.0299',1,'PW0072','2','48000',0,0,'Hutang','2024-06-26 16:03:56','06-2024'),('TRX062024.0300',1,'PW0067','1','21000',0,0,'Hutang','2024-06-26 16:04:28','06-2024'),('TRX062024.0301',1,'PW0018','1','37000',0,0,'Hutang','2024-06-26 16:07:40','06-2024'),('TRX062024.0302',1,'PW0012','1','20000',0,0,'Hutang','2024-06-26 16:08:41','06-2024'),('TRX062024.0303',1,'PW0126','2','377500',0,0,'Hutang','2024-06-26 16:12:02','06-2024'),('TRX062024.0304',1,'PW0112','19','174500',174500,0,'Lunas','2024-06-26 16:16:33','06-2024'),('TRX062024.0305',1,'PW0060','3','6000',6000,0,'Lunas','2024-06-27 14:59:11','06-2024'),('TRX062024.0306',1,'PW0086','1','21000',21000,0,'Lunas','2024-06-27 14:59:39','06-2024'),('TRX062024.0307',1,'PW0082','2','39000',0,0,'Hutang','2024-06-27 15:01:47','06-2024'),('TRX062024.0308',1,'PW0029','1','10000',0,0,'Hutang','2024-06-27 15:02:43','06-2024'),('TRX062024.0309',1,'PW0019','3','36500',0,0,'Hutang','2024-06-27 15:07:34','06-2024'),('TRX062024.0310',1,'PW0115','1','16000',0,0,'Hutang','2024-06-27 15:08:01','06-2024'),('TRX062024.0311',1,'PW0024','5','139000',0,0,'Hutang','2024-06-27 15:09:58','06-2024'),('TRX062024.0312',1,'PW0109','4','12000',12000,0,'Lunas','2024-06-27 15:10:44','06-2024'),('TRX062024.0313',1,'PW0012','3','18000',0,0,'Hutang','2024-06-27 15:11:55','06-2024'),('TRX062024.0314',1,'PW0013','1','21000',21000,0,'Lunas','2024-06-27 15:12:24','06-2024'),('TRX062024.0315',1,'PW0081','2','45000',0,0,'Hutang','2024-06-27 15:16:33','06-2024'),('TRX062024.0316',1,'PW0024','1','98000',0,0,'Hutang','2024-06-27 15:22:17','06-2024'),('TRX062024.0317',1,'PW0018','1','17000',0,0,'Hutang','2024-06-27 15:22:53','06-2024');
/*!40000 ALTER TABLE `nota` ENABLE KEYS */;
UNLOCK TABLES;

--
-- Table structure for table `penjualan`
--

DROP TABLE IF EXISTS `penjualan`;
/*!40101 SET @saved_cs_client     = @@character_set_client */;
/*!40101 SET character_set_client = utf8 */;
CREATE TABLE `penjualan` (
  `id_penjualan` varchar(13) NOT NULL COMMENT 'PJMMYYY.0001',
  `id_barang` varchar(255) NOT NULL,
  `harga_satuan_beli` varchar(255) NOT NULL,
  `harga_satuan_jual` varchar(255) NOT NULL,
  `id_member` int(11) NOT NULL,
  `id_nota` varchar(14) DEFAULT NULL,
  `jumlah` varchar(255) NOT NULL,
  `total` varchar(255) NOT NULL,
  `waktudata` datetime NOT NULL DEFAULT current_timestamp(),
  PRIMARY KEY (`id_penjualan`)
) ENGINE=InnoDB DEFAULT CHARSET=latin1;
/*!40101 SET character_set_client = @saved_cs_client */;

--
-- Dumping data for table `penjualan`
--

LOCK TABLES `penjualan` WRITE;
/*!40000 ALTER TABLE `penjualan` DISABLE KEYS */;
INSERT INTO `penjualan` VALUES ('PJ062024.0001','BR169','1200','3000',1,'TRX062024.0001','3','9000','2024-06-05 15:03:35'),('PJ062024.0002','BR021','22900','25000',1,'TRX062024.0001','1','25000','2024-06-05 15:03:35'),('PJ062024.0003','BR018','18200','21000',1,'TRX062024.0001','1','21000','2024-06-05 15:03:35'),('PJ062024.0004','BR011','31000','33000',1,'TRX062024.0001','2','66000','2024-06-05 15:03:35'),('PJ062024.0005','BR160','7500','9000',1,'TRX062024.0001','1','9000','2024-06-05 15:03:35'),('PJ062024.0006','BR195','12000','15000',1,'TRX062024.0001','1','15000','2024-06-05 15:03:35'),('PJ062024.0007','BR161','2500','3000',1,'TRX062024.0001','5','15000','2024-06-05 15:03:35'),('PJ062024.0008','BR016','36650','38000',1,'TRX062024.0001','2','76000','2024-06-05 15:03:35'),('PJ062024.0009','BR019','19300','25000',1,'TRX062024.0001','3','75000','2024-06-05 15:03:35'),('PJ062024.0010','BR233','30000','33000',1,'TRX062024.0002','1','33000','2024-06-05 15:08:39'),('PJ062024.0011','BR195','12000','15000',1,'TRX062024.0003','1','15000','2024-06-05 15:13:24'),('PJ062024.0012','BR117','900','1200',1,'TRX062024.0004','4','4800','2024-06-05 16:11:00'),('PJ062024.0013','BR160','7500','9000',1,'TRX062024.0004','1','9000','2024-06-05 16:11:00'),('PJ062024.0014','BR154','875','1500',1,'TRX062024.0004','5','7500','2024-06-05 16:11:00'),('PJ062024.0015','BR153','1708','3000',1,'TRX062024.0005','8','24000','2024-06-05 16:17:01'),('PJ062024.0016','BR006','8250','15000',1,'TRX062024.0005','2','34000','2024-06-05 16:17:01'),('PJ062024.0017','BR235','8000','10000',1,'TRX062024.0005','4','44000','2024-06-05 16:17:01'),('PJ062024.0018','BR236','25000','35000',1,'TRX062024.0005','1','35000','2024-06-05 16:17:01'),('PJ062024.0019','BR168','891','3000',1,'TRX062024.0006','1','3000','2024-06-05 16:18:41'),('PJ062024.0020','BR237','5000','8000',1,'TRX062024.0006','1','8000','2024-06-05 16:18:41'),('PJ062024.0021','BR006','8250','15000',1,'TRX062024.0007','1','17000','2024-06-05 16:22:02'),('PJ062024.0022','BR011','31000','33000',1,'TRX062024.0007','1','34000','2024-06-05 16:22:02'),('PJ062024.0023','BR238','20000','23000',1,'TRX062024.0007','1','23000','2024-06-05 16:22:02'),('PJ062024.0024','BR220','6100','15000',1,'TRX062024.0008','2','30000','2024-06-05 16:23:25'),('PJ062024.0025','BR026','26500','29000',1,'TRX062024.0009','1','30000','2024-06-05 16:26:18'),('PJ062024.0026','BR218','5650','15000',1,'TRX062024.0010','4','60000','2024-06-05 16:28:21'),('PJ062024.0027','BR025','36650','39000',1,'TRX062024.0010','1','39000','2024-06-05 16:28:21'),('PJ062024.0028','BR006','8250','15000',1,'TRX062024.0011','2','34000','2024-06-05 16:29:45'),('PJ062024.0029','BR168','891','3000',1,'TRX062024.0012','1','3000','2024-06-05 16:31:29'),('PJ062024.0030','BR165','3333','5000',1,'TRX062024.0012','1','5500','2024-06-05 16:31:29'),('PJ062024.0031','BR173','1350','3000',1,'TRX062024.0012','1','3000','2024-06-05 16:31:29'),('PJ062024.0032','BR022','14750','16500',1,'TRX062024.0013','1','18000','2024-06-05 16:32:59'),('PJ062024.0033','BR174','1150','3000',1,'TRX062024.0014','1','3000','2024-06-05 19:42:54'),('PJ062024.0034','BR224','5900','15000',1,'TRX062024.0014','1','15000','2024-06-05 19:42:54'),('PJ062024.0035','BR238','20000','23000',1,'TRX062024.0015','1','23000','2024-06-05 19:45:25'),('PJ062024.0036','BR168','891','3000',1,'TRX062024.0016','5','15000','2024-06-05 19:49:13'),('PJ062024.0037','BR018','18200','21000',1,'TRX062024.0016','1','21000','2024-06-05 19:49:13'),('PJ062024.0038','BR013','36300','39000',1,'TRX062024.0016','1','39000','2024-06-05 19:49:13'),('PJ062024.0039','BR164','3200','5000',1,'TRX062024.0016','1','5000','2024-06-05 19:49:13'),('PJ062024.0040','BR203','9000','10000',1,'TRX062024.0016','1','10000','2024-06-05 19:49:13'),('PJ062024.0041','BR091','3000','4000',1,'TRX062024.0016','1','4000','2024-06-05 19:49:13'),('PJ062024.0042','BR117','900','1000',1,'TRX062024.0016','3','3000','2024-06-05 19:49:13'),('PJ062024.0043','BR168','891','3000',1,'TRX062024.0017','1','3000','2024-06-05 19:50:31'),('PJ062024.0044','BR195','12000','15000',1,'TRX062024.0018','1','16000','2024-06-05 19:53:58'),('PJ062024.0045','BR239','34000','44000',1,'TRX062024.0019','1','44000','2024-06-05 19:56:07'),('PJ062024.0046','BR240','17000','27000',1,'TRX062024.0020','1','27000','2024-06-05 19:58:33'),('PJ062024.0047','BR241','8000','10000',1,'TRX062024.0021','1','11000','2024-06-05 20:03:44'),('PJ062024.0048','BR235','8000','10000',1,'TRX062024.0021','1','11000','2024-06-05 20:03:44'),('PJ062024.0049','BR006','8250','15000',1,'TRX062024.0021','1','17000','2024-06-05 20:03:44'),('PJ062024.0050','BR220','6100','15000',1,'TRX062024.0021','1','17000','2024-06-05 20:03:44'),('PJ062024.0051','BR234','185000','195000',1,'TRX062024.0021','1','195000','2024-06-05 20:03:44'),('PJ062024.0052','BR226','5350','12000',1,'TRX062024.0021','2','28000','2024-06-05 20:03:44'),('PJ062024.0053','BR233','45000','55000',1,'TRX062024.0021','1','55000','2024-06-05 20:03:44'),('PJ062024.0054','BR218','5650','15000',1,'TRX062024.0022','3','51000','2024-06-05 20:05:06'),('PJ062024.0055','BR017','24500','27000',1,'TRX062024.0023','3','81000','2024-06-05 20:14:30'),('PJ062024.0056','BR170','1200','3000',1,'TRX062024.0023','2','6000','2024-06-05 20:14:30'),('PJ062024.0057','BR168','891','3000',1,'TRX062024.0023','2','6000','2024-06-05 20:14:30'),('PJ062024.0058','BR164','3200','5000',1,'TRX062024.0023','3','15000','2024-06-05 20:14:30'),('PJ062024.0059','BR023','35100','38000',1,'TRX062024.0023','1','38000','2024-06-05 20:14:30'),('PJ062024.0060','BR009','31700','34000',1,'TRX062024.0023','1','34000','2024-06-05 20:14:30'),('PJ062024.0061','BR108','1800','2000',1,'TRX062024.0023','1','2000','2024-06-05 20:14:30'),('PJ062024.0062','BR086','1800','2000',1,'TRX062024.0023','1','2000','2024-06-05 20:14:30'),('PJ062024.0063','BR218','5650','15000',1,'TRX062024.0023','1','15000','2024-06-05 20:14:30'),('PJ062024.0064','BR025','36650','39000',1,'TRX062024.0023','2','78000','2024-06-05 20:14:30'),('PJ062024.0065','BR022','14750','17000',1,'TRX062024.0023','4','68000','2024-06-05 20:14:30'),('PJ062024.0066','BR026','26500','29000',1,'TRX062024.0024','1','30000','2024-06-05 20:23:54'),('PJ062024.0067','BR085','4400','6000',1,'TRX062024.0025','1','6000','2024-06-06 11:00:46'),('PJ062024.0068','BR168','891','3000',1,'TRX062024.0025','1','3000','2024-06-06 11:00:46'),('PJ062024.0069','BR220','6100','15000',1,'TRX062024.0026','1','15000','2024-06-06 11:02:00'),('PJ062024.0070','BR117','900','1000',1,'TRX062024.0026','1','1000','2024-06-06 11:02:00'),('PJ062024.0071','BR009','31700','34000',1,'TRX062024.0026','1','34000','2024-06-06 11:02:00'),('PJ062024.0072','BR011','31000','33000',1,'TRX062024.0027','1','34000','2024-06-06 15:46:26'),('PJ062024.0073','BR215','6650','15000',1,'TRX062024.0027','1','17000','2024-06-06 15:46:26'),('PJ062024.0074','BR242','30000','33000',1,'TRX062024.0027','1','33000','2024-06-06 15:46:26'),('PJ062024.0075','BR168','891','3000',1,'TRX062024.0028','1','3000','2024-06-06 15:47:42'),('PJ062024.0076','BR014','41100','43000',1,'TRX062024.0028','1','45000','2024-06-06 15:47:42'),('PJ062024.0077','BR170','1200','3000',1,'TRX062024.0029','1','3000','2024-06-06 15:49:27'),('PJ062024.0078','BR170','1200','3000',1,'TRX062024.0030','1','3000','2024-06-06 15:56:14'),('PJ062024.0079','BR216','3050','12000',1,'TRX062024.0031','1','14000','2024-06-06 16:08:58'),('PJ062024.0080','BR224','5900','15000',1,'TRX062024.0031','2','34000','2024-06-06 16:08:58'),('PJ062024.0081','BR226','5350','12000',1,'TRX062024.0031','1','14000','2024-06-06 16:08:58'),('PJ062024.0082','BR195','12000','15000',1,'TRX062024.0031','1','16000','2024-06-06 16:08:58'),('PJ062024.0083','BR154','875','1500',1,'TRX062024.0031','24','48000','2024-06-06 16:08:58'),('PJ062024.0084','BR177','23000','25000',1,'TRX062024.0031','1','25000','2024-06-06 16:08:58'),('PJ062024.0085','BR243','187500','227500',1,'TRX062024.0031','1','227500','2024-06-06 16:08:58'),('PJ062024.0086','BR244','12000','22000',1,'TRX062024.0031','1','22000','2024-06-06 16:08:58'),('PJ062024.0087','BR011','31000','33000',1,'TRX062024.0032','2','68000','2024-06-06 19:53:33'),('PJ062024.0088','BR173','1350','3000',1,'TRX062024.0032','2','6000','2024-06-06 19:53:33'),('PJ062024.0089','BR170','1200','3000',1,'TRX062024.0032','2','6000','2024-06-06 19:53:33'),('PJ062024.0090','BR022','14750','17000',1,'TRX062024.0032','2','36000','2024-06-06 19:53:33'),('PJ062024.0091','BR164','3200','5000',1,'TRX062024.0032','1','6000','2024-06-06 19:53:33'),('PJ062024.0092','BR083','4500','8500',1,'TRX062024.0032','1','9000','2024-06-06 19:53:33'),('PJ062024.0093','BR174','1150','3000',1,'TRX062024.0032','2','6000','2024-06-06 19:53:33'),('PJ062024.0094','BR245','95000','105000',1,'TRX062024.0032','1','105000','2024-06-06 19:53:33'),('PJ062024.0095','BR153','1708','3000',1,'TRX062024.0033','1','3000','2024-06-06 19:55:03'),('PJ062024.0096','BR240','17000','27000',1,'TRX062024.0033','1','27000','2024-06-06 19:55:03'),('PJ062024.0097','BR015','23850','26000',1,'TRX062024.0034','1','28000','2024-06-06 19:56:30'),('PJ062024.0098','BR167','3333','5000',1,'TRX062024.0034','1','6000','2024-06-06 19:56:30'),('PJ062024.0099','BR226','5350','12000',1,'TRX062024.0035','1','14000','2024-06-06 19:57:46'),('PJ062024.0100','BR043','40400','45000',1,'TRX062024.0036','1','48000','2024-06-06 19:58:41'),('PJ062024.0101','BR044','46000','50000',1,'TRX062024.0037','1','53000','2024-06-06 20:00:53'),('PJ062024.0102','BR220','6100','15000',1,'TRX062024.0037','3','51000','2024-06-06 20:00:53'),('PJ062024.0103','BR218','5650','15000',1,'TRX062024.0037','1','17000','2024-06-06 20:00:53'),('PJ062024.0104','BR177','23000','25000',1,'TRX062024.0037','1','25000','2024-06-06 20:00:53'),('PJ062024.0105','BR006','8250','15000',1,'TRX062024.0038','5','85000','2024-06-06 20:05:08'),('PJ062024.0106','BR224','5900','15000',1,'TRX062024.0038','1','17000','2024-06-06 20:05:08'),('PJ062024.0107','BR168','891','3000',1,'TRX062024.0038','1','3000','2024-06-06 20:05:08'),('PJ062024.0108','BR220','6100','15000',1,'TRX062024.0038','2','34000','2024-06-06 20:05:08'),('PJ062024.0109','BR236','25000','35000',1,'TRX062024.0038','1','35000','2024-06-06 20:05:08'),('PJ062024.0110','BR152','2458','3000',1,'TRX062024.0039','1','3000','2024-06-06 20:06:26'),('PJ062024.0111','BR159','5500','7000',1,'TRX062024.0040','1','7500','2024-06-06 20:07:34'),('PJ062024.0112','BR011','31000','33000',1,'TRX062024.0041','1','34000','2024-06-06 20:08:17'),('PJ062024.0113','BR026','26500','29000',1,'TRX062024.0042','1','30000','2024-06-06 20:08:55'),('PJ062024.0114','BR247','55000','58000',1,'TRX062024.0043','1','58000','2024-06-06 20:13:04'),('PJ062024.0115','BR248','18000','21000',1,'TRX062024.0043','1','21000','2024-06-06 20:13:04'),('PJ062024.0116','BR249','18000','28000',1,'TRX062024.0044','1','28000','2024-06-06 20:15:17'),('PJ062024.0117','BR019','19300','25000',1,'TRX062024.0045','1','26000','2024-06-06 20:15:50'),('PJ062024.0118','BR011','31000','33000',1,'TRX062024.0046','1','33000','2024-06-06 20:19:12'),('PJ062024.0119','BR018','18200','21000',1,'TRX062024.0046','2','42000','2024-06-06 20:19:12'),('PJ062024.0120','BR021','22900','25000',1,'TRX062024.0046','4','100000','2024-06-06 20:19:12'),('PJ062024.0121','BR169','1200','3000',1,'TRX062024.0046','6','18000','2024-06-06 20:19:12'),('PJ062024.0122','BR173','1350','3000',1,'TRX062024.0046','1','3000','2024-06-06 20:19:12'),('PJ062024.0123','BR015','23850','26000',1,'TRX062024.0047','1','26000','2024-06-06 20:20:01'),('PJ062024.0124','BR159','5500','7000',1,'TRX062024.0048','4','28000','2024-06-06 20:32:22'),('PJ062024.0125','BR153','1708','3000',1,'TRX062024.0048','1','3000','2024-06-06 20:32:22'),('PJ062024.0126','BR139','1750','2000',1,'TRX062024.0048','1','2000','2024-06-06 20:32:22'),('PJ062024.0127','BR175','1250','3000',1,'TRX062024.0048','1','3000','2024-06-06 20:32:22'),('PJ062024.0128','BR190','650','1500',1,'TRX062024.0048','1','1500','2024-06-06 20:32:22'),('PJ062024.0129','BR152','2458','3000',1,'TRX062024.0048','1','3000','2024-06-06 20:32:22'),('PJ062024.0130','BR101','875','1000',1,'TRX062024.0048','1','1000','2024-06-06 20:32:22'),('PJ062024.0131','BR127','1750','2000',1,'TRX062024.0048','2','4000','2024-06-06 20:32:22'),('PJ062024.0132','BR086','1800','2000',1,'TRX062024.0048','1','2000','2024-06-06 20:32:22'),('PJ062024.0133','BR102','1800','2000',1,'TRX062024.0048','1','2000','2024-06-06 20:32:22'),('PJ062024.0134','BR250','25000','30000',1,'TRX062024.0048','2','60000','2024-06-06 20:32:22'),('PJ062024.0135','BR170','1200','3000',1,'TRX062024.0048','1','3000','2024-06-06 20:32:22'),('PJ062024.0136','BR022','14750','17000',1,'TRX062024.0048','2','34000','2024-06-06 20:32:22'),('PJ062024.0137','BR009','31700','34000',1,'TRX062024.0048','3','102000','2024-06-06 20:32:22'),('PJ062024.0138','BR017','24500','27000',1,'TRX062024.0048','2','54000','2024-06-06 20:32:22'),('PJ062024.0139','BR168','891','3000',1,'TRX062024.0048','3','9000','2024-06-06 20:32:22'),('PJ062024.0140','BR174','1150','3000',1,'TRX062024.0048','2','6000','2024-06-06 20:32:22'),('PJ062024.0141','BR218','5650','15000',1,'TRX062024.0048','2','30000','2024-06-06 20:32:22'),('PJ062024.0142','BR025','36650','39000',1,'TRX062024.0048','1','39000','2024-06-06 20:32:22'),('PJ062024.0143','BR024','13300','15000',1,'TRX062024.0048','1','15000','2024-06-06 20:32:22'),('PJ062024.0144','BR108','1800','2000',1,'TRX062024.0048','1','2000','2024-06-06 20:32:22'),('PJ062024.0145','BR094','1700','2000',1,'TRX062024.0048','1','2000','2024-06-06 20:32:22'),('PJ062024.0146','BR084','1800','2000',1,'TRX062024.0048','2','4000','2024-06-06 20:32:22'),('PJ062024.0147','BR162','7500','10000',1,'TRX062024.0048','1','10000','2024-06-06 20:32:22'),('PJ062024.0148','BR117','900','1000',1,'TRX062024.0048','5','5000','2024-06-06 20:32:22'),('PJ062024.0149','BR155','5500','7000',1,'TRX062024.0048','1','7000','2024-06-06 20:32:22'),('PJ062024.0150','BR251','75000','80000',1,'TRX062024.0048','1','80000','2024-06-06 20:32:22'),('PJ062024.0151','BR006','8250','15000',1,'TRX062024.0049','1','15000','2024-06-06 20:33:16'),('PJ062024.0152','BR215','6650','15000',1,'TRX062024.0049','1','15000','2024-06-06 20:33:16'),('PJ062024.0153','BR220','6100','15000',1,'TRX062024.0050','1','15000','2024-06-07 19:47:46'),('PJ062024.0154','BR241','8000','10000',1,'TRX062024.0051','2','22000','2024-06-07 19:52:18'),('PJ062024.0155','BR235','8000','10000',1,'TRX062024.0051','2','22000','2024-06-07 19:52:18'),('PJ062024.0156','BR252','30000','35000',1,'TRX062024.0051','1','37000','2024-06-07 19:52:18'),('PJ062024.0157','BR182','1800','3000',1,'TRX062024.0051','1','3200','2024-06-07 19:52:18'),('PJ062024.0158','BR021','22900','25000',1,'TRX062024.0052','1','27000','2024-06-07 19:54:25'),('PJ062024.0159','BR220','6100','15000',1,'TRX062024.0052','1','17000','2024-06-07 19:54:25'),('PJ062024.0160','BR241','8000','10000',1,'TRX062024.0052','1','11000','2024-06-07 19:54:25'),('PJ062024.0161','BR177','23000','25000',1,'TRX062024.0053','1','25000','2024-06-07 19:59:12'),('PJ062024.0162','BR168','891','3000',1,'TRX062024.0053','1','3000','2024-06-07 19:59:12'),('PJ062024.0163','BR153','1708','3000',1,'TRX062024.0053','3','9000','2024-06-07 19:59:12'),('PJ062024.0164','BR009','31700','34000',1,'TRX062024.0053','1','35000','2024-06-07 19:59:12'),('PJ062024.0165','BR010','24200','27000',1,'TRX062024.0053','1','28000','2024-06-07 19:59:12'),('PJ062024.0166','BR018','18200','21000',1,'TRX062024.0053','1','22000','2024-06-07 19:59:12'),('PJ062024.0167','BR230','34000','37000',1,'TRX062024.0053','1','38000','2024-06-07 19:59:12'),('PJ062024.0168','BR021','22900','25000',1,'TRX062024.0053','1','26000','2024-06-07 19:59:12'),('PJ062024.0169','BR220','6100','15000',1,'TRX062024.0054','1','17000','2024-06-07 20:00:01'),('PJ062024.0170','BR014','41950','44000',1,'TRX062024.0055','1','45000','2024-06-07 20:01:16'),('PJ062024.0171','BR168','891','3000',1,'TRX062024.0055','1','3000','2024-06-07 20:01:16'),('PJ062024.0172','BR218','5650','15000',1,'TRX062024.0056','1','17000','2024-06-07 20:02:37'),('PJ062024.0173','BR009','31700','34000',1,'TRX062024.0056','1','35000','2024-06-07 20:02:37'),('PJ062024.0174','BR152','2458','3000',1,'TRX062024.0056','1','3000','2024-06-07 20:02:37'),('PJ062024.0175','BR117','900','1000',1,'TRX062024.0056','1','1100','2024-06-07 20:02:37'),('PJ062024.0176','BR250','25000','30000',1,'TRX062024.0057','2','64000','2024-06-07 20:04:11'),('PJ062024.0177','BR195','12000','15000',1,'TRX062024.0058','1','16000','2024-06-07 20:05:23'),('PJ062024.0178','BR006','8250','15000',1,'TRX062024.0059','1','17000','2024-06-07 20:06:14'),('PJ062024.0179','BR241','8000','11000',1,'TRX062024.0060','1','11000','2024-06-07 20:08:28'),('PJ062024.0180','BR195','12000','15000',1,'TRX062024.0060','1','16000','2024-06-07 20:08:28'),('PJ062024.0181','BR093','900','1000',1,'TRX062024.0061','1','1100','2024-06-07 20:11:35'),('PJ062024.0182','BR253','10000','13000',1,'TRX062024.0061','1','13000','2024-06-07 20:11:35'),('PJ062024.0183','BR026','26500','29000',1,'TRX062024.0062','1','30000','2024-06-07 20:12:12'),('PJ062024.0184','BR168','891','3000',1,'TRX062024.0063','1','3000','2024-06-07 20:13:03'),('PJ062024.0185','BR254','2000','2500',1,'TRX062024.0064','3','7500','2024-06-07 20:19:57'),('PJ062024.0186','BR158','3166','5000',1,'TRX062024.0064','1','5000','2024-06-07 20:19:57'),('PJ062024.0187','BR087','400','500',1,'TRX062024.0064','1','500','2024-06-07 20:19:57'),('PJ062024.0188','BR103','1200','3000',1,'TRX062024.0064','1','3000','2024-06-07 20:19:57'),('PJ062024.0189','BR164','3200','5000',1,'TRX062024.0064','2','10000','2024-06-07 20:19:57'),('PJ062024.0190','BR022','14750','17000',1,'TRX062024.0064','4','68000','2024-06-07 20:19:57'),('PJ062024.0191','BR170','1200','3000',1,'TRX062024.0064','2','6000','2024-06-07 20:19:57'),('PJ062024.0192','BR182','1800','3000',1,'TRX062024.0064','2','6000','2024-06-07 20:19:57'),('PJ062024.0193','BR175','1250','3000',1,'TRX062024.0064','2','6000','2024-06-07 20:19:57'),('PJ062024.0194','BR019','19300','25000',1,'TRX062024.0064','1','25000','2024-06-07 20:19:57'),('PJ062024.0195','BR009','31700','34000',1,'TRX062024.0064','4','136000','2024-06-07 20:19:57'),('PJ062024.0196','BR020','27100','30000',1,'TRX062024.0064','1','30000','2024-06-07 20:19:57'),('PJ062024.0197','BR117','900','1000',1,'TRX062024.0064','3','3000','2024-06-07 20:19:57'),('PJ062024.0198','BR140','1750','2000',1,'TRX062024.0064','2','4000','2024-06-07 20:19:57'),('PJ062024.0199','BR149','6000','8000',1,'TRX062024.0064','1','8000','2024-06-07 20:19:57'),('PJ062024.0200','BR188','3328','5000',1,'TRX062024.0064','1','5000','2024-06-07 20:19:57'),('PJ062024.0201','BR017','24500','27000',1,'TRX062024.0064','1','27000','2024-06-07 20:19:57'),('PJ062024.0202','BR006','8250','15000',1,'TRX062024.0065','1','16000','2024-06-07 20:31:14'),('PJ062024.0203','BR013','36300','39000',1,'TRX062024.0066','2','78000','2024-06-10 15:43:39'),('PJ062024.0204','BR255','1250','2000',1,'TRX062024.0066','6','12000','2024-06-10 15:43:39'),('PJ062024.0205','BR118','3250','4000',1,'TRX062024.0066','2','8000','2024-06-10 15:43:39'),('PJ062024.0206','BR022','14750','17000',1,'TRX062024.0067','1','18000','2024-06-10 16:00:21'),('PJ062024.0207','BR168','1250','3000',1,'TRX062024.0067','1','3000','2024-06-10 16:00:21'),('PJ062024.0208','BR220','6100','15000',1,'TRX062024.0068','1','17000','2024-06-10 16:12:29'),('PJ062024.0209','BR065','10000','11000',1,'TRX062024.0069','2','22000','2024-06-10 16:13:17'),('PJ062024.0210','BR065','10000','11000',1,'TRX062024.0070','2','22000','2024-06-10 16:23:37'),('PJ062024.0211','BR178','30000','40000',1,'TRX062024.0071','1','40000','2024-06-10 16:25:19'),('PJ062024.0212','BR028','9000','11000',1,'TRX062024.0072','1','12000','2024-06-10 16:25:56'),('PJ062024.0213','BR153','1708','3000',1,'TRX062024.0073','7','21000','2024-06-10 16:32:27'),('PJ062024.0214','BR256','15000','25000',1,'TRX062024.0073','1','25000','2024-06-10 16:32:27'),('PJ062024.0215','BR257','35000','45000',1,'TRX062024.0074','1','45000','2024-06-10 16:34:56'),('PJ062024.0216','BR168','1250','3000',1,'TRX062024.0075','2','6000','2024-06-10 16:39:13'),('PJ062024.0217','BR173','1350','3000',1,'TRX062024.0075','1','3000','2024-06-10 16:39:13'),('PJ062024.0218','BR043','40400','45000',1,'TRX062024.0075','1','48000','2024-06-10 16:39:13'),('PJ062024.0219','BR044','46000','50000',1,'TRX062024.0075','1','53000','2024-06-10 16:39:13'),('PJ062024.0220','BR069','1791','5000',1,'TRX062024.0075','1','8500','2024-06-10 16:39:13'),('PJ062024.0221','BR051','370','1000',1,'TRX062024.0075','10','20000','2024-06-10 16:39:13'),('PJ062024.0222','BR118','3250','4000',1,'TRX062024.0076','1','4500','2024-06-10 16:39:56'),('PJ062024.0223','BR168','1250','3000',1,'TRX062024.0077','1','3000','2024-06-10 16:41:45'),('PJ062024.0224','BR014','41950','44000',1,'TRX062024.0077','1','45000','2024-06-10 16:41:45'),('PJ062024.0225','BR026','26500','29000',1,'TRX062024.0078','2','60000','2024-06-10 16:42:42'),('PJ062024.0226','BR195','12000','15000',1,'TRX062024.0079','1','15000','2024-06-10 16:44:33'),('PJ062024.0227','BR051','370','1000',1,'TRX062024.0079','10','20000','2024-06-10 16:44:33'),('PJ062024.0228','BR009','31700','34000',1,'TRX062024.0080','1','34000','2024-06-10 16:48:04'),('PJ062024.0229','BR168','1250','3000',1,'TRX062024.0080','1','3000','2024-06-10 16:48:04'),('PJ062024.0230','BR017','24500','27000',1,'TRX062024.0080','1','27000','2024-06-10 16:48:04'),('PJ062024.0231','BR258','12000','12000',1,'TRX062024.0080','1','12000','2024-06-10 16:48:04'),('PJ062024.0232','BR259','11500','12500',1,'TRX062024.0081','75','937500','2024-06-10 20:00:04'),('PJ062024.0233','BR226','5350','12000',1,'TRX062024.0081','1','14000','2024-06-10 20:00:04'),('PJ062024.0234','BR218','5650','15000',1,'TRX062024.0081','2','34000','2024-06-10 20:00:04'),('PJ062024.0235','BR224','5900','15000',1,'TRX062024.0081','2','34000','2024-06-10 20:00:04'),('PJ062024.0236','BR168','1250','3000',1,'TRX062024.0081','4','12000','2024-06-10 20:00:04'),('PJ062024.0237','BR220','6100','15000',1,'TRX062024.0081','2','34000','2024-06-10 20:00:04'),('PJ062024.0238','BR153','1708','3000',1,'TRX062024.0081','7','21000','2024-06-10 20:00:04'),('PJ062024.0239','BR006','8250','15000',1,'TRX062024.0081','1','17000','2024-06-10 20:00:04'),('PJ062024.0240','BR170','1200','3000',1,'TRX062024.0081','2','6000','2024-06-10 20:00:04'),('PJ062024.0241','BR174','1150','3000',1,'TRX062024.0081','1','3000','2024-06-10 20:00:04'),('PJ062024.0242','BR127','1750','2000',1,'TRX062024.0082','2','4400','2024-06-10 20:01:10'),('PJ062024.0243','BR220','6100','15000',1,'TRX062024.0083','1','17000','2024-06-10 20:01:44'),('PJ062024.0244','BR207','1200','3000',1,'TRX062024.0084','1','3000','2024-06-10 20:02:44'),('PJ062024.0245','BR208','1200','4000',1,'TRX062024.0084','7','28000','2024-06-10 20:02:44'),('PJ062024.0246','BR010','24200','27000',1,'TRX062024.0085','2','56000','2024-06-10 20:04:51'),('PJ062024.0247','BR015','24350','27000',1,'TRX062024.0085','1','28000','2024-06-10 20:04:51'),('PJ062024.0248','BR260','16000','19000',1,'TRX062024.0085','1','19000','2024-06-10 20:04:51'),('PJ062024.0249','BR065','10000','11000',1,'TRX062024.0086','1','12000','2024-06-10 20:05:25'),('PJ062024.0250','BR018','18200','21000',1,'TRX062024.0087','1','22000','2024-06-10 20:05:59'),('PJ062024.0251','BR009','31700','34000',1,'TRX062024.0088','1','35000','2024-06-10 20:06:31'),('PJ062024.0252','BR093','900','1000',1,'TRX062024.0089','2','2000','2024-06-10 20:07:19'),('PJ062024.0253','BR235','8000','10000',1,'TRX062024.0089','1','10000','2024-06-10 20:07:19'),('PJ062024.0254','BR262','12000','15000',1,'TRX062024.0090','1','15000','2024-06-10 20:11:56'),('PJ062024.0255','BR241','8000','10000',1,'TRX062024.0090','1','11000','2024-06-10 20:11:56'),('PJ062024.0256','BR235','8000','10000',1,'TRX062024.0090','1','11000','2024-06-10 20:11:56'),('PJ062024.0257','BR011','31000','33000',1,'TRX062024.0091','1','34000','2024-06-10 20:13:11'),('PJ062024.0258','BR261','8000','11000',1,'TRX062024.0092','1','11000','2024-06-10 20:14:13'),('PJ062024.0259','BR168','1250','3000',1,'TRX062024.0093','1','3000','2024-06-10 20:22:05'),('PJ062024.0260','BR024','13300','15000',1,'TRX062024.0093','1','15000','2024-06-10 20:22:05'),('PJ062024.0261','BR250','25000','30000',1,'TRX062024.0093','3','90000','2024-06-10 20:22:05'),('PJ062024.0262','BR098','875','2000',1,'TRX062024.0093','2','4000','2024-06-10 20:22:05'),('PJ062024.0263','BR101','875','1000',1,'TRX062024.0093','3','3000','2024-06-10 20:22:05'),('PJ062024.0264','BR109','540','650',1,'TRX062024.0093','4','2600','2024-06-10 20:22:05'),('PJ062024.0265','BR017','24500','27000',1,'TRX062024.0093','1','27000','2024-06-10 20:22:05'),('PJ062024.0266','BR175','1250','3000',1,'TRX062024.0093','1','3000','2024-06-10 20:22:05'),('PJ062024.0267','BR205','9000','10000',1,'TRX062024.0093','1','10000','2024-06-10 20:22:06'),('PJ062024.0268','BR018','18200','21000',1,'TRX062024.0093','1','21000','2024-06-10 20:22:06'),('PJ062024.0269','BR022','14750','17000',1,'TRX062024.0093','3','51000','2024-06-10 20:22:06'),('PJ062024.0270','BR025','36650','39000',1,'TRX062024.0093','1','39000','2024-06-10 20:22:06'),('PJ062024.0271','BR193','500','1000',1,'TRX062024.0093','4','4000','2024-06-10 20:22:06'),('PJ062024.0272','BR117','900','1000',1,'TRX062024.0093','5','5000','2024-06-10 20:22:06'),('PJ062024.0273','BR263','18000','18000',1,'TRX062024.0093','1','18000','2024-06-10 20:22:06'),('PJ062024.0274','BR009','31700','34000',1,'TRX062024.0094','4','136000','2024-06-11 15:01:47'),('PJ062024.0275','BR174','1150','3000',1,'TRX062024.0094','5','15000','2024-06-11 15:01:47'),('PJ062024.0276','BR230','34000','37000',1,'TRX062024.0094','1','37000','2024-06-11 15:01:47'),('PJ062024.0277','BR022','14750','17000',1,'TRX062024.0094','1','17000','2024-06-11 15:01:47'),('PJ062024.0278','BR220','6100','15000',1,'TRX062024.0094','1','15000','2024-06-11 15:01:47'),('PJ062024.0279','BR232','4750','18000',1,'TRX062024.0094','1','18000','2024-06-11 15:01:47'),('PJ062024.0280','BR168','1250','3000',1,'TRX062024.0095','1','3000','2024-06-11 15:05:03'),('PJ062024.0281','BR117','900','1000',1,'TRX062024.0095','4','4800','2024-06-11 15:05:03'),('PJ062024.0282','BR170','1200','3000',1,'TRX062024.0095','1','3000','2024-06-11 15:05:03'),('PJ062024.0283','BR026','26500','29000',1,'TRX062024.0095','1','30000','2024-06-11 15:05:03'),('PJ062024.0284','BR025','36650','39000',1,'TRX062024.0095','1','40000','2024-06-11 15:05:03'),('PJ062024.0285','BR021','22900','25000',1,'TRX062024.0095','1','26000','2024-06-11 15:05:03'),('PJ062024.0286','BR168','1250','3000',1,'TRX062024.0096','1','3000','2024-06-11 15:05:50'),('PJ062024.0287','BR152','2458','3000',1,'TRX062024.0097','1','3000','2024-06-11 15:06:47'),('PJ062024.0288','BR175','1250','3000',1,'TRX062024.0097','1','3000','2024-06-11 15:06:47'),('PJ062024.0289','BR087','400','500',1,'TRX062024.0097','2','1000','2024-06-11 15:06:48'),('PJ062024.0290','BR006','8250','15000',1,'TRX062024.0098','5','75000','2024-06-11 15:08:23'),('PJ062024.0291','BR224','5900','15000',1,'TRX062024.0098','3','45000','2024-06-11 15:08:23'),('PJ062024.0292','BR159','5500','7000',1,'TRX062024.0098','1','7000','2024-06-11 15:08:23'),('PJ062024.0293','BR168','1250','3000',1,'TRX062024.0099','1','3000','2024-06-11 15:09:38'),('PJ062024.0294','BR020','27100','30000',1,'TRX062024.0099','1','30000','2024-06-11 15:09:38'),('PJ062024.0295','BR235','8000','11000',1,'TRX062024.0100','1','11000','2024-06-11 15:18:04'),('PJ062024.0296','BR011','31000','34000',1,'TRX062024.0100','2','68000','2024-06-11 15:18:04'),('PJ062024.0297','BR254','2000','3000',1,'TRX062024.0100','4','12000','2024-06-11 15:18:04'),('PJ062024.0298','BR006','8250','17000',1,'TRX062024.0100','1','17000','2024-06-11 15:18:04'),('PJ062024.0299','BR238','20000','23000',1,'TRX062024.0100','1','23000','2024-06-11 15:18:04'),('PJ062024.0300','BR170','1200','3000',1,'TRX062024.0101','2','6000','2024-06-11 15:20:10'),('PJ062024.0301','BR264','75000','85000',1,'TRX062024.0101','1','85000','2024-06-11 15:20:10'),('PJ062024.0302','BR081','2000','5000',1,'TRX062024.0102','1','6000','2024-06-11 15:20:50'),('PJ062024.0303','BR091','3000','4000',1,'TRX062024.0103','2','8000','2024-06-11 15:21:48'),('PJ062024.0304','BR149','6000','8000',1,'TRX062024.0103','1','9000','2024-06-11 15:21:48'),('PJ062024.0305','BR265','14000','17000',1,'TRX062024.0104','1','17000','2024-06-11 15:24:01'),('PJ062024.0306','BR177','23000','25000',1,'TRX062024.0105','1','25000','2024-06-11 15:25:41'),('PJ062024.0307','BR220','6100','15000',1,'TRX062024.0106','1','17000','2024-06-11 15:34:27'),('PJ062024.0308','BR218','5650','15000',1,'TRX062024.0106','2','34000','2024-06-11 15:34:27'),('PJ062024.0309','BR153','1708','3000',1,'TRX062024.0107','1','3000','2024-06-11 15:41:46'),('PJ062024.0310','BR115','1750','2000',1,'TRX062024.0107','1','2000','2024-06-11 15:41:46'),('PJ062024.0311','BR102','1800','2000',1,'TRX062024.0107','1','2000','2024-06-11 15:41:46'),('PJ062024.0312','BR220','6100','15000',1,'TRX062024.0107','1','15000','2024-06-11 15:41:46'),('PJ062024.0313','BR218','5650','15000',1,'TRX062024.0107','5','75000','2024-06-11 15:41:46'),('PJ062024.0314','BR164','3200','5000',1,'TRX062024.0107','1','5000','2024-06-11 15:41:46'),('PJ062024.0315','BR228','7050','20000',1,'TRX062024.0107','1','20000','2024-06-11 15:41:46'),('PJ062024.0316','BR022','14750','17000',1,'TRX062024.0107','2','34000','2024-06-11 15:41:46'),('PJ062024.0317','BR010','24200','27000',1,'TRX062024.0107','1','27000','2024-06-11 15:41:47'),('PJ062024.0318','BR065','10000','11000',1,'TRX062024.0107','1','11000','2024-06-11 15:41:47'),('PJ062024.0319','BR168','1250','3000',1,'TRX062024.0108','2','6000','2024-06-12 15:06:35'),('PJ062024.0320','BR014','41950','44000',1,'TRX062024.0108','2','88000','2024-06-12 15:06:35'),('PJ062024.0321','BR093','900','1000',1,'TRX062024.0109','5','5000','2024-06-12 15:08:55'),('PJ062024.0322','BR107','7500','9000',1,'TRX062024.0109','1','9000','2024-06-12 15:08:55'),('PJ062024.0323','BR153','1708','3000',1,'TRX062024.0109','1','3000','2024-06-12 15:08:55'),('PJ062024.0324','BR020','27100','30000',1,'TRX062024.0110','1','31000','2024-06-12 15:09:29'),('PJ062024.0325','BR152','2458','3000',1,'TRX062024.0111','1','3000','2024-06-12 15:09:55'),('PJ062024.0326','BR006','8250','15000',1,'TRX062024.0112','1','15000','2024-06-12 15:11:23'),('PJ062024.0327','BR011','31000','33000',1,'TRX062024.0112','1','33000','2024-06-12 15:11:23'),('PJ062024.0328','BR053','1370','3000',1,'TRX062024.0113','1','3000','2024-06-12 15:11:53'),('PJ062024.0329','BR011','31000','33000',1,'TRX062024.0114','2','68000','2024-06-12 15:13:25'),('PJ062024.0330','BR220','6100','15000',1,'TRX062024.0114','1','15000','2024-06-12 15:13:25'),('PJ062024.0331','BR241','8000','10000',1,'TRX062024.0114','1','11000','2024-06-12 15:13:25'),('PJ062024.0332','BR154','875','1500',1,'TRX062024.0115','120','240000','2024-06-12 15:18:15'),('PJ062024.0333','BR153','1708','3000',1,'TRX062024.0115','4','12000','2024-06-12 15:18:15'),('PJ062024.0334','BR018','18200','21000',1,'TRX062024.0115','1','22000','2024-06-12 15:18:15'),('PJ062024.0335','BR017','24500','27000',1,'TRX062024.0115','1','28000','2024-06-12 15:18:15'),('PJ062024.0336','BR241','8000','10000',1,'TRX062024.0115','1','11000','2024-06-12 15:18:15'),('PJ062024.0337','BR235','8000','10000',1,'TRX062024.0115','1','11000','2024-06-12 15:18:15'),('PJ062024.0338','BR018','18200','21000',1,'TRX062024.0116','1','21000','2024-06-12 15:18:55'),('PJ062024.0339','BR147','7000','8000',1,'TRX062024.0117','1','9000','2024-06-12 15:19:47'),('PJ062024.0340','BR235','8000','10000',1,'TRX062024.0118','1','11000','2024-06-12 15:24:38'),('PJ062024.0341','BR006','8250','15000',1,'TRX062024.0119','1','15000','2024-06-12 15:25:15'),('PJ062024.0342','BR164','3200','5000',1,'TRX062024.0120','2','10000','2024-06-12 15:29:08'),('PJ062024.0343','BR170','1200','3000',1,'TRX062024.0120','5','15000','2024-06-12 15:29:08'),('PJ062024.0344','BR022','14750','17000',1,'TRX062024.0120','3','51000','2024-06-12 15:29:08'),('PJ062024.0345','BR009','31700','34000',1,'TRX062024.0120','3','102000','2024-06-12 15:29:08'),('PJ062024.0346','BR013','36300','39000',1,'TRX062024.0120','1','39000','2024-06-12 15:29:08'),('PJ062024.0347','BR018','18200','21000',1,'TRX062024.0120','1','21000','2024-06-12 15:29:08'),('PJ062024.0348','BR161','2500','3000',1,'TRX062024.0120','4','12000','2024-06-12 15:29:08'),('PJ062024.0349','BR159','5500','7000',1,'TRX062024.0120','1','7000','2024-06-12 15:29:08'),('PJ062024.0350','BR006','8250','15000',1,'TRX062024.0120','3','45000','2024-06-12 15:29:08'),('PJ062024.0351','BR021','22900','25000',1,'TRX062024.0120','1','25000','2024-06-12 15:29:08'),('PJ062024.0352','BR117','900','1000',1,'TRX062024.0120','5','5000','2024-06-12 15:29:08'),('PJ062024.0353','BR117','900','1000',1,'TRX062024.0121','1','1200','2024-06-13 14:54:45'),('PJ062024.0354','BR254','2000','2500',1,'TRX062024.0121','1','3000','2024-06-13 14:54:45'),('PJ062024.0355','BR172','1058','3000',1,'TRX062024.0122','1','3000','2024-06-13 14:55:27'),('PJ062024.0356','BR152','2458','3000',1,'TRX062024.0122','2','6000','2024-06-13 14:55:27'),('PJ062024.0357','BR011','31000','33000',1,'TRX062024.0123','1','34000','2024-06-13 14:56:08'),('PJ062024.0358','BR025','36650','39000',1,'TRX062024.0124','1','40000','2024-06-13 14:58:18'),('PJ062024.0359','BR006','8250','15000',1,'TRX062024.0125','1','17000','2024-06-13 15:00:48'),('PJ062024.0360','BR252','30000','35000',1,'TRX062024.0125','1','35000','2024-06-13 15:00:48'),('PJ062024.0361','BR241','8000','10000',1,'TRX062024.0125','1','11000','2024-06-13 15:00:48'),('PJ062024.0362','BR176','1900','3000',1,'TRX062024.0126','1','3000','2024-06-13 15:01:17'),('PJ062024.0363','BR220','6100','15000',1,'TRX062024.0127','1','15000','2024-06-13 15:02:20'),('PJ062024.0364','BR152','2458','3000',1,'TRX062024.0128','2','6000','2024-06-13 15:03:01'),('PJ062024.0365','BR175','1250','3000',1,'TRX062024.0128','1','3000','2024-06-13 15:03:01'),('PJ062024.0366','BR013','36300','39000',1,'TRX062024.0129','2','78000','2024-06-13 15:03:48'),('PJ062024.0367','BR018','18200','21000',1,'TRX062024.0130','1','21000','2024-06-13 15:04:17'),('PJ062024.0368','BR168','1250','3000',1,'TRX062024.0131','1','3000','2024-06-13 15:10:02'),('PJ062024.0369','BR010','24200','27000',1,'TRX062024.0131','1','28000','2024-06-13 15:10:02'),('PJ062024.0370','BR152','2458','3000',1,'TRX062024.0131','1','3000','2024-06-13 15:10:02'),('PJ062024.0371','BR168','1250','3000',1,'TRX062024.0132','1','3000','2024-06-13 15:11:08'),('PJ062024.0372','BR014','41950','44000',1,'TRX062024.0132','1','45000','2024-06-13 15:11:08'),('PJ062024.0373','BR168','1250','3000',1,'TRX062024.0133','1','3000','2024-06-13 15:12:00'),('PJ062024.0374','BR009','31700','34000',1,'TRX062024.0133','1','35000','2024-06-13 15:12:01'),('PJ062024.0375','BR152','2458','3000',1,'TRX062024.0133','1','3000','2024-06-13 15:12:01'),('PJ062024.0376','BR177','23000','25000',1,'TRX062024.0134','1','25000','2024-06-13 15:12:55'),('PJ062024.0377','BR076','3750','6000',1,'TRX062024.0134','1','7000','2024-06-13 15:12:55'),('PJ062024.0378','BR177','23000','25000',1,'TRX062024.0135','2','50000','2024-06-13 15:13:53'),('PJ062024.0379','BR006','8250','15000',1,'TRX062024.0136','1','15000','2024-06-13 15:14:26'),('PJ062024.0380','BR065','10000','11000',1,'TRX062024.0137','8','88000','2024-06-13 15:15:26'),('PJ062024.0381','BR026','26500','29000',1,'TRX062024.0138','1','30000','2024-06-13 15:17:36'),('PJ062024.0382','BR253','10000','13000',1,'TRX062024.0138','1','13000','2024-06-13 15:17:36'),('PJ062024.0383','BR266','5000','8000',1,'TRX062024.0139','1','8000','2024-06-13 15:18:09'),('PJ062024.0384','BR239','34000','44000',1,'TRX062024.0140','1','44000','2024-06-13 15:19:11'),('PJ062024.0385','BR267','25000','25000',1,'TRX062024.0141','1','25000','2024-06-13 15:20:49'),('PJ062024.0386','BR175','1250','3000',1,'TRX062024.0142','1','3000','2024-06-13 15:25:49'),('PJ062024.0387','BR149','6000','8000',1,'TRX062024.0142','1','8000','2024-06-13 15:25:49'),('PJ062024.0388','BR218','5650','15000',1,'TRX062024.0142','1','15000','2024-06-13 15:25:49'),('PJ062024.0389','BR022','14750','17000',1,'TRX062024.0142','3','51000','2024-06-13 15:25:49'),('PJ062024.0390','BR170','1200','3000',1,'TRX062024.0142','1','3000','2024-06-13 15:25:49'),('PJ062024.0391','BR009','31700','34000',1,'TRX062024.0142','3','102000','2024-06-13 15:25:49'),('PJ062024.0392','BR101','875','1000',1,'TRX062024.0142','1','1000','2024-06-13 15:25:49'),('PJ062024.0393','BR164','3200','5000',1,'TRX062024.0142','1','5000','2024-06-13 15:25:49'),('PJ062024.0394','BR250','25000','30000',1,'TRX062024.0142','2','60000','2024-06-13 15:25:49'),('PJ062024.0395','BR230','34000','37000',1,'TRX062024.0142','1','37000','2024-06-13 15:25:49'),('PJ062024.0396','BR013','36300','39000',1,'TRX062024.0142','1','39000','2024-06-13 15:25:49'),('PJ062024.0397','BR154','875','1500',1,'TRX062024.0142','4','6000','2024-06-13 15:25:49'),('PJ062024.0398','BR152','2458','3000',1,'TRX062024.0143','1','3000','2024-06-14 14:45:52'),('PJ062024.0399','BR134','5500','7000',1,'TRX062024.0143','1','8000','2024-06-14 14:45:52'),('PJ062024.0400','BR121','7000','8000',1,'TRX062024.0143','1','9000','2024-06-14 14:45:52'),('PJ062024.0401','BR147','7000','8000',1,'TRX062024.0143','1','9000','2024-06-14 14:45:52'),('PJ062024.0402','BR026','26500','29000',1,'TRX062024.0144','1','30000','2024-06-14 14:46:20'),('PJ062024.0403','BR091','3000','4000',1,'TRX062024.0145','2','9000','2024-06-14 14:47:08'),('PJ062024.0404','BR153','1708','3000',1,'TRX062024.0145','1','3000','2024-06-14 14:47:08'),('PJ062024.0405','BR153','1708','3000',1,'TRX062024.0146','14','42000','2024-06-14 14:49:41'),('PJ062024.0406','BR117','900','1000',1,'TRX062024.0146','24','28800','2024-06-14 14:49:41'),('PJ062024.0407','BR093','900','1000',1,'TRX062024.0146','16','19200','2024-06-14 14:49:41'),('PJ062024.0408','BR163','9500','12000',1,'TRX062024.0147','4','52000','2024-06-14 14:50:37'),('PJ062024.0409','BR025','36650','40000',1,'TRX062024.0148','2','80000','2024-06-14 14:52:48'),('PJ062024.0410','BR011','31000','34000',1,'TRX062024.0148','1','34000','2024-06-14 14:52:48'),('PJ062024.0411','BR022','14750','17000',1,'TRX062024.0148','1','18000','2024-06-14 14:52:48'),('PJ062024.0412','BR006','8250','15000',1,'TRX062024.0148','1','17000','2024-06-14 14:52:48'),('PJ062024.0413','BR168','1250','3000',1,'TRX062024.0149','1','3000','2024-06-14 14:54:16'),('PJ062024.0414','BR220','6100','15000',1,'TRX062024.0150','1','17000','2024-06-14 14:55:04'),('PJ062024.0415','BR019','19300','25000',1,'TRX062024.0150','1','26000','2024-06-14 14:55:04'),('PJ062024.0416','BR178','30000','40000',1,'TRX062024.0151','1','40000','2024-06-14 14:56:31'),('PJ062024.0417','BR256','15000','25000',1,'TRX062024.0151','1','25000','2024-06-14 14:56:31'),('PJ062024.0418','BR256','15000','25000',1,'TRX062024.0152','1','25000','2024-06-14 14:56:58'),('PJ062024.0419','BR268','195000','235000',1,'TRX062024.0153','1','235000','2024-06-14 14:58:14'),('PJ062024.0420','BR269','120000','130000',1,'TRX062024.0154','1','130000','2024-06-14 15:00:55'),('PJ062024.0421','BR022','14750','17000',1,'TRX062024.0155','1','18000','2024-06-14 15:01:21'),('PJ062024.0422','BR270','155000','158000',1,'TRX062024.0156','1','158000','2024-06-14 15:02:29'),('PJ062024.0423','BR149','6000','8000',1,'TRX062024.0157','1','8000','2024-06-14 15:03:12'),('PJ062024.0424','BR117','900','1000',1,'TRX062024.0157','2','2000','2024-06-14 15:03:12'),('PJ062024.0425','BR175','1250','3000',1,'TRX062024.0158','4','12000','2024-06-14 15:09:51'),('PJ062024.0426','BR250','25000','30000',1,'TRX062024.0158','2','60000','2024-06-14 15:09:51'),('PJ062024.0427','BR087','400','500',1,'TRX062024.0158','2','1000','2024-06-14 15:09:51'),('PJ062024.0428','BR126','450','500',1,'TRX062024.0158','2','1000','2024-06-14 15:09:51'),('PJ062024.0429','BR129','1750','2000',1,'TRX062024.0158','1','2000','2024-06-14 15:09:51'),('PJ062024.0430','BR220','6100','15000',1,'TRX062024.0158','1','15000','2024-06-14 15:09:51'),('PJ062024.0431','BR020','27100','30000',1,'TRX062024.0158','1','30000','2024-06-14 15:09:51'),('PJ062024.0432','BR006','8250','15000',1,'TRX062024.0158','1','15000','2024-06-14 15:09:51'),('PJ062024.0433','BR022','14750','17000',1,'TRX062024.0158','6','102000','2024-06-14 15:09:51'),('PJ062024.0434','BR017','24500','27000',1,'TRX062024.0158','1','27000','2024-06-14 15:09:51'),('PJ062024.0435','BR117','900','1000',1,'TRX062024.0158','2','2000','2024-06-14 15:09:51'),('PJ062024.0436','BR044','46000','50000',1,'TRX062024.0159','1','53000','2024-06-14 15:10:21'),('PJ062024.0437','BR266','5000','8000',1,'TRX062024.0160','1','8000','2024-06-14 15:11:18'),('PJ062024.0438','BR006','8250','15000',1,'TRX062024.0161','1','17000','2024-06-14 15:11:53'),('PJ062024.0439','BR175','1250','3000',1,'TRX062024.0162','1','3000','2024-06-14 15:13:20'),('PJ062024.0440','BR087','400','500',1,'TRX062024.0162','4','2000','2024-06-14 15:13:20'),('PJ062024.0441','BR258','15000','15000',1,'TRX062024.0163','1','15000','2024-06-19 15:24:48'),('PJ062024.0442','BR065','10000','11000',1,'TRX062024.0163','1','11000','2024-06-19 15:24:48'),('PJ062024.0443','BR218','5650','15000',1,'TRX062024.0164','3','45000','2024-06-19 15:28:10'),('PJ062024.0444','BR019','19300','25000',1,'TRX062024.0164','8','200000','2024-06-19 15:28:10'),('PJ062024.0445','BR168','1250','3000',1,'TRX062024.0164','3','9000','2024-06-19 15:28:10'),('PJ062024.0446','BR173','1350','3000',1,'TRX062024.0164','1','3000','2024-06-19 15:28:10'),('PJ062024.0447','BR009','31700','34000',1,'TRX062024.0164','1','34000','2024-06-19 15:28:10'),('PJ062024.0448','BR015','24350','27000',1,'TRX062024.0164','1','27000','2024-06-19 15:28:10'),('PJ062024.0449','BR152','2458','3000',1,'TRX062024.0164','1','3000','2024-06-19 15:28:10'),('PJ062024.0450','BR263','18000','18000',1,'TRX062024.0164','1','18000','2024-06-19 15:28:10'),('PJ062024.0451','BR018','18200','21000',1,'TRX062024.0164','1','21000','2024-06-19 15:28:10'),('PJ062024.0452','BR017','24500','27000',1,'TRX062024.0165','1','28000','2024-06-19 15:30:04'),('PJ062024.0453','BR018','18200','21000',1,'TRX062024.0165','1','22000','2024-06-19 15:30:04'),('PJ062024.0454','BR218','5650','15000',1,'TRX062024.0166','4','68000','2024-06-19 15:33:04'),('PJ062024.0455','BR168','1250','3000',1,'TRX062024.0166','2','6000','2024-06-19 15:33:04'),('PJ062024.0456','BR153','1708','3000',1,'TRX062024.0166','3','9000','2024-06-19 15:33:05'),('PJ062024.0457','BR154','875','1500',1,'TRX062024.0166','4','8000','2024-06-19 15:33:05'),('PJ062024.0458','BR043','40400','45000',1,'TRX062024.0166','1','48000','2024-06-19 15:33:05'),('PJ062024.0459','BR220','6100','15000',1,'TRX062024.0166','1','17000','2024-06-19 15:33:05'),('PJ062024.0460','BR220','6100','15000',1,'TRX062024.0167','1','17000','2024-06-19 15:34:27'),('PJ062024.0461','BR235','8000','10000',1,'TRX062024.0167','1','11000','2024-06-19 15:34:27'),('PJ062024.0462','BR241','8000','10000',1,'TRX062024.0167','1','11000','2024-06-19 15:34:27'),('PJ062024.0463','BR085','4400','6000',1,'TRX062024.0167','1','8000','2024-06-19 15:34:27'),('PJ062024.0464','BR177','23000','25000',1,'TRX062024.0168','1','25000','2024-06-19 15:36:12'),('PJ062024.0465','BR178','30000','40000',1,'TRX062024.0168','2','80000','2024-06-19 15:36:12'),('PJ062024.0466','BR065','10000','11000',1,'TRX062024.0168','10','120000','2024-06-19 15:36:12'),('PJ062024.0467','BR011','31450','34000',1,'TRX062024.0169','1','35000','2024-06-19 15:37:41'),('PJ062024.0468','BR006','8250','15000',1,'TRX062024.0169','1','17000','2024-06-19 15:37:41'),('PJ062024.0469','BR230','34000','37000',1,'TRX062024.0169','2','76000','2024-06-19 15:37:41'),('PJ062024.0470','BR230','34000','37000',1,'TRX062024.0170','3','114000','2024-06-19 15:39:27'),('PJ062024.0471','BR177','23000','25000',1,'TRX062024.0170','1','25000','2024-06-19 15:39:27'),('PJ062024.0472','BR178','30000','40000',1,'TRX062024.0170','1','40000','2024-06-19 15:39:27'),('PJ062024.0473','BR271','7500','10000',1,'TRX062024.0171','1','10000','2024-06-19 15:41:43'),('PJ062024.0474','BR272','7500','10000',1,'TRX062024.0171','1','10000','2024-06-19 15:41:43'),('PJ062024.0475','BR273','6000','9000',1,'TRX062024.0171','1','9000','2024-06-19 15:41:43'),('PJ062024.0476','BR274','11000','14000',1,'TRX062024.0171','1','14000','2024-06-19 15:41:43'),('PJ062024.0477','BR195','12000','15000',1,'TRX062024.0172','1','16000','2024-06-19 15:44:04'),('PJ062024.0478','BR199','4500','5000',1,'TRX062024.0172','2','12000','2024-06-19 15:44:04'),('PJ062024.0479','BR108','1800','2000',1,'TRX062024.0172','2','6000','2024-06-19 15:44:04'),('PJ062024.0480','BR094','1700','2000',1,'TRX062024.0172','2','6000','2024-06-19 15:44:04'),('PJ062024.0481','BR235','8000','10000',1,'TRX062024.0172','1','11000','2024-06-19 15:44:04'),('PJ062024.0482','BR220','6100','15000',1,'TRX062024.0173','1','17000','2024-06-19 15:45:06'),('PJ062024.0483','BR149','6000','8000',1,'TRX062024.0174','1','9000','2024-06-19 15:46:11'),('PJ062024.0484','BR091','3000','4000',1,'TRX062024.0174','2','9000','2024-06-19 15:46:11'),('PJ062024.0485','BR201','95000','100000',1,'TRX062024.0175','2','200000','2024-06-19 15:49:09'),('PJ062024.0486','BR195','12000','16000',1,'TRX062024.0175','1','16000','2024-06-19 15:49:09'),('PJ062024.0487','BR044','46000','53000',1,'TRX062024.0175','2','106000','2024-06-19 15:49:09'),('PJ062024.0488','BR048','1650','3500',1,'TRX062024.0176','2','8000','2024-06-19 15:49:53'),('PJ062024.0489','BR018','18200','21000',1,'TRX062024.0177','1','21000','2024-06-19 15:50:22'),('PJ062024.0490','BR025','36650','39000',1,'TRX062024.0178','1','39000','2024-06-19 15:50:47'),('PJ062024.0491','BR009','31700','34000',1,'TRX062024.0179','1','34000','2024-06-19 15:52:05'),('PJ062024.0492','BR018','18200','21000',1,'TRX062024.0179','1','21000','2024-06-19 15:52:05'),('PJ062024.0493','BR118','3250','4000',1,'TRX062024.0180','1','4000','2024-06-20 12:27:58'),('PJ062024.0494','BR017','24500','27000',1,'TRX062024.0180','3','81000','2024-06-20 12:27:58'),('PJ062024.0495','BR170','1200','3000',1,'TRX062024.0180','1','3000','2024-06-20 12:27:58'),('PJ062024.0496','BR164','3200','5000',1,'TRX062024.0180','1','5000','2024-06-20 12:27:58'),('PJ062024.0497','BR175','1250','3000',1,'TRX062024.0180','1','3000','2024-06-20 12:27:58'),('PJ062024.0498','BR157','5583','7000',1,'TRX062024.0180','3','21000','2024-06-20 12:27:58'),('PJ062024.0499','BR006','8250','15000',1,'TRX062024.0180','1','15000','2024-06-20 12:27:58'),('PJ062024.0500','BR125','4500','5000',1,'TRX062024.0180','1','5000','2024-06-20 12:27:58'),('PJ062024.0501','BR123','7000','8000',1,'TRX062024.0180','1','8000','2024-06-20 12:27:58'),('PJ062024.0502','BR093','900','1000',1,'TRX062024.0180','1','1000','2024-06-20 12:27:58'),('PJ062024.0503','BR149','6000','8000',1,'TRX062024.0180','1','8000','2024-06-20 12:27:58'),('PJ062024.0504','BR216','3050','12000',1,'TRX062024.0180','1','12000','2024-06-20 12:27:58'),('PJ062024.0505','BR020','27100','30000',1,'TRX062024.0180','1','30000','2024-06-20 12:27:58'),('PJ062024.0506','BR224','5900','15000',1,'TRX062024.0180','1','15000','2024-06-20 12:27:58'),('PJ062024.0507','BR152','2458','3000',1,'TRX062024.0180','1','3000','2024-06-20 12:27:58'),('PJ062024.0508','BR009','31700','34000',1,'TRX062024.0180','1','34000','2024-06-20 12:27:58'),('PJ062024.0509','BR117','900','1000',1,'TRX062024.0180','5','5000','2024-06-20 12:27:58'),('PJ062024.0510','BR022','14750','17000',1,'TRX062024.0180','1','17000','2024-06-20 12:27:58'),('PJ062024.0511','BR011','31450','34000',1,'TRX062024.0181','1','34000','2024-06-20 12:30:29'),('PJ062024.0512','BR168','1250','3000',1,'TRX062024.0181','1','3000','2024-06-20 12:30:29'),('PJ062024.0513','BR153','1708','3000',1,'TRX062024.0182','2','6000','2024-06-20 12:32:26'),('PJ062024.0514','BR107','7500','9000',1,'TRX062024.0182','1','10000','2024-06-20 12:32:26'),('PJ062024.0515','BR152','2458','3000',1,'TRX062024.0183','2','6000','2024-06-20 15:21:04'),('PJ062024.0516','BR175','1250','3000',1,'TRX062024.0183','2','6000','2024-06-20 15:21:04'),('PJ062024.0517','BR168','1250','3000',1,'TRX062024.0184','1','3000','2024-06-20 15:22:34'),('PJ062024.0518','BR017','24500','27000',1,'TRX062024.0184','2','54000','2024-06-20 15:22:34'),('PJ062024.0519','BR117','900','1000',1,'TRX062024.0184','5','5000','2024-06-20 15:22:34'),('PJ062024.0520','BR065','10000','11000',1,'TRX062024.0184','8','88000','2024-06-20 15:22:34'),('PJ062024.0521','BR011','31450','34000',1,'TRX062024.0185','2','70000','2024-06-20 15:24:39'),('PJ062024.0522','BR235','8000','10000',1,'TRX062024.0185','1','11000','2024-06-20 15:24:39'),('PJ062024.0523','BR242','30000','33000',1,'TRX062024.0185','1','33000','2024-06-20 15:24:39'),('PJ062024.0524','BR015','24350','27000',1,'TRX062024.0186','1','28000','2024-06-20 15:25:08'),('PJ062024.0525','BR168','1250','3000',1,'TRX062024.0187','1','3000','2024-06-20 15:26:02'),('PJ062024.0526','BR025','36650','39000',1,'TRX062024.0188','1','39000','2024-06-20 15:27:26'),('PJ062024.0527','BR155','5500','7000',1,'TRX062024.0189','1','7000','2024-06-20 15:27:53'),('PJ062024.0528','BR006','8250','15000',1,'TRX062024.0190','1','17000','2024-06-20 15:30:07'),('PJ062024.0529','BR176','1900','3000',1,'TRX062024.0190','1','3000','2024-06-20 15:30:07'),('PJ062024.0530','BR212','1900','4000',1,'TRX062024.0190','1','4000','2024-06-20 15:30:07'),('PJ062024.0531','BR241','8000','10000',1,'TRX062024.0190','1','10000','2024-06-20 15:30:07'),('PJ062024.0532','BR093','900','1000',1,'TRX062024.0190','10','12000','2024-06-20 15:30:07'),('PJ062024.0533','BR117','900','1000',1,'TRX062024.0190','12','14400','2024-06-20 15:30:07'),('PJ062024.0534','BR269','39000','49000',1,'TRX062024.0191','1','49000','2024-06-20 15:32:08'),('PJ062024.0535','BR256','15000','25000',1,'TRX062024.0192','1','25000','2024-06-20 15:34:50'),('PJ062024.0536','BR268','675000','750000',1,'TRX062024.0192','1','750000','2024-06-20 15:34:50'),('PJ062024.0537','BR236','25000','35000',1,'TRX062024.0193','1','35000','2024-06-20 15:35:44'),('PJ062024.0538','BR009','31700','34000',1,'TRX062024.0194','1','34000','2024-06-20 15:39:53'),('PJ062024.0539','BR230','34000','37000',1,'TRX062024.0194','1','37000','2024-06-20 15:39:53'),('PJ062024.0540','BR108','1800','2000',1,'TRX062024.0194','1','2000','2024-06-20 15:39:53'),('PJ062024.0541','BR084','1800','2000',1,'TRX062024.0194','1','2000','2024-06-20 15:39:53'),('PJ062024.0542','BR168','1250','3000',1,'TRX062024.0194','1','3000','2024-06-20 15:39:53'),('PJ062024.0543','BR250','25000','30000',1,'TRX062024.0194','2','60000','2024-06-20 15:39:53'),('PJ062024.0544','BR017','24500','27000',1,'TRX062024.0194','1','27000','2024-06-20 15:39:53'),('PJ062024.0545','BR022','14750','17000',1,'TRX062024.0194','3','51000','2024-06-20 15:39:53'),('PJ062024.0546','BR162','7500','10000',1,'TRX062024.0194','1','10000','2024-06-20 15:39:53'),('PJ062024.0547','BR025','36650','39000',1,'TRX062024.0194','1','39000','2024-06-20 15:39:53'),('PJ062024.0548','BR085','4400','6000',1,'TRX062024.0194','1','6000','2024-06-20 15:39:53'),('PJ062024.0549','BR093','900','1000',1,'TRX062024.0194','1','1000','2024-06-20 15:39:53'),('PJ062024.0550','BR164','3200','5000',1,'TRX062024.0195','3','15000','2024-06-21 15:01:46'),('PJ062024.0551','BR234','10000','10000',1,'TRX062024.0195','1','10000','2024-06-21 15:01:46'),('PJ062024.0552','BR121','7000','8000',1,'TRX062024.0195','1','8000','2024-06-21 15:01:46'),('PJ062024.0553','BR139','1750','2000',1,'TRX062024.0195','1','2000','2024-06-21 15:01:46'),('PJ062024.0554','BR117','900','1000',1,'TRX062024.0195','4','4000','2024-06-21 15:01:46'),('PJ062024.0555','BR276','1800','2000',1,'TRX062024.0195','1','2000','2024-06-21 15:01:46'),('PJ062024.0556','BR098','875','2000',1,'TRX062024.0195','1','2000','2024-06-21 15:01:46'),('PJ062024.0557','BR084','1800','2000',1,'TRX062024.0196','1','2000','2024-06-21 15:03:10'),('PJ062024.0558','BR165','3333','5000',1,'TRX062024.0196','1','5000','2024-06-21 15:03:10'),('PJ062024.0559','BR091','3000','4000',1,'TRX062024.0196','1','4000','2024-06-21 15:03:10'),('PJ062024.0560','BR164','3200','5000',1,'TRX062024.0196','2','10000','2024-06-21 15:03:10'),('PJ062024.0561','BR117','900','1000',1,'TRX062024.0197','6','6000','2024-06-21 15:06:45'),('PJ062024.0562','BR134','5500','7000',1,'TRX062024.0197','1','7000','2024-06-21 15:06:45'),('PJ062024.0563','BR098','875','2000',1,'TRX062024.0197','2','4000','2024-06-21 15:06:45'),('PJ062024.0564','BR158','3166','5000',1,'TRX062024.0197','2','10000','2024-06-21 15:06:45'),('PJ062024.0565','BR084','1800','2000',1,'TRX062024.0197','4','8000','2024-06-21 15:06:45'),('PJ062024.0566','BR087','400','500',1,'TRX062024.0197','4','2000','2024-06-21 15:06:45'),('PJ062024.0567','BR149','6000','8000',1,'TRX062024.0197','1','8000','2024-06-21 15:06:45'),('PJ062024.0568','BR164','3200','5000',1,'TRX062024.0197','2','10000','2024-06-21 15:06:45'),('PJ062024.0569','BR168','1250','3000',1,'TRX062024.0198','2','6000','2024-06-21 15:07:11'),('PJ062024.0570','BR015','24350','27000',1,'TRX062024.0199','1','28000','2024-06-21 15:08:47'),('PJ062024.0571','BR174','1150','3000',1,'TRX062024.0199','1','3000','2024-06-21 15:08:47'),('PJ062024.0572','BR168','1250','3000',1,'TRX062024.0200','3','9000','2024-06-21 15:09:35'),('PJ062024.0573','BR013','36300','39000',1,'TRX062024.0200','1','39000','2024-06-21 15:09:35'),('PJ062024.0574','BR168','1250','3000',1,'TRX062024.0201','1','3000','2024-06-21 15:12:02'),('PJ062024.0575','BR093','900','1000',1,'TRX062024.0201','1','1200','2024-06-21 15:12:02'),('PJ062024.0576','BR014','41950','44000',1,'TRX062024.0201','1','45000','2024-06-21 15:12:02'),('PJ062024.0577','BR100','1750','2000',1,'TRX062024.0202','1','2500','2024-06-21 15:21:08'),('PJ062024.0578','BR119','1250','3000',1,'TRX062024.0202','3','9600','2024-06-21 15:21:08'),('PJ062024.0579','BR091','3000','4000',1,'TRX062024.0202','1','4500','2024-06-21 15:21:08'),('PJ062024.0580','BR276','1800','2000',1,'TRX062024.0202','1','2200','2024-06-21 15:21:08'),('PJ062024.0581','BR113','1750','2000',1,'TRX062024.0202','1','2200','2024-06-21 15:21:08'),('PJ062024.0582','BR127','1750','2000',1,'TRX062024.0202','1','2200','2024-06-21 15:21:08'),('PJ062024.0583','BR275','1750','2000',1,'TRX062024.0202','1','2500','2024-06-21 15:21:08'),('PJ062024.0584','BR130','1750','2000',1,'TRX062024.0202','1','2500','2024-06-21 15:21:08'),('PJ062024.0585','BR097','1750','2000',1,'TRX062024.0202','1','2500','2024-06-21 15:21:08'),('PJ062024.0586','BR170','1200','3000',1,'TRX062024.0203','1','3000','2024-06-21 15:21:50'),('PJ062024.0587','BR149','6000','8000',1,'TRX062024.0204','1','9000','2024-06-21 15:23:18'),('PJ062024.0588','BR278','2150','3000',1,'TRX062024.0204','1','3200','2024-06-21 15:23:18'),('PJ062024.0589','BR017','24500','27000',1,'TRX062024.0204','1','28000','2024-06-21 15:23:18'),('PJ062024.0590','BR011','31450','34000',1,'TRX062024.0205','2','68000','2024-06-21 15:25:01'),('PJ062024.0591','BR025','36650','39000',1,'TRX062024.0205','2','78000','2024-06-21 15:25:01'),('PJ062024.0592','BR091','3000','4000',1,'TRX062024.0206','1','4000','2024-06-21 15:26:00'),('PJ062024.0593','BR172','1058','3000',1,'TRX062024.0206','1','3000','2024-06-21 15:26:00'),('PJ062024.0594','BR149','6000','8000',1,'TRX062024.0207','1','9000','2024-06-21 15:26:42'),('PJ062024.0595','BR017','24500','27000',1,'TRX062024.0207','1','28000','2024-06-21 15:26:42'),('PJ062024.0596','BR235','8000','10000',1,'TRX062024.0208','2','22000','2024-06-21 15:27:24'),('PJ062024.0597','BR026','26500','29000',1,'TRX062024.0209','1','30000','2024-06-21 15:28:01'),('PJ062024.0598','BR224','5900','15000',1,'TRX062024.0210','2','34000','2024-06-21 15:28:51'),('PJ062024.0599','BR160','7500','9000',1,'TRX062024.0211','2','20000','2024-06-21 15:29:36'),('PJ062024.0600','BR218','5650','15000',1,'TRX062024.0212','1','17000','2024-06-21 15:31:41'),('PJ062024.0601','BR011','31450','34000',1,'TRX062024.0212','1','35000','2024-06-21 15:31:41'),('PJ062024.0602','BR117','900','1000',1,'TRX062024.0212','2','2400','2024-06-21 15:31:41'),('PJ062024.0603','BR220','6100','15000',1,'TRX062024.0212','1','17000','2024-06-21 15:31:41'),('PJ062024.0604','BR015','24350','27000',1,'TRX062024.0212','1','28000','2024-06-21 15:31:41'),('PJ062024.0605','BR018','18200','21000',1,'TRX062024.0213','1','21000','2024-06-21 15:33:03'),('PJ062024.0606','BR195','12000','16000',1,'TRX062024.0214','1','16000','2024-06-21 15:34:55'),('PJ062024.0607','BR201','95000','110000',1,'TRX062024.0214','1','110000','2024-06-21 15:34:55'),('PJ062024.0608','BR020','27100','30000',1,'TRX062024.0215','1','31000','2024-06-21 15:35:22'),('PJ062024.0609','BR264','157500','172500',1,'TRX062024.0216','1','172500','2024-06-21 15:37:43'),('PJ062024.0610','BR147','7000','8000',1,'TRX062024.0217','1','9000','2024-06-21 15:39:11'),('PJ062024.0611','BR121','7000','8000',1,'TRX062024.0217','1','9000','2024-06-21 15:39:11'),('PJ062024.0612','BR263','17000','20000',1,'TRX062024.0218','1','20000','2024-06-21 15:41:29'),('PJ062024.0613','BR263','17000','20000',1,'TRX062024.0219','1','20000','2024-06-21 15:41:58'),('PJ062024.0614','BR218','5650','15000',1,'TRX062024.0220','2','30000','2024-06-21 15:50:17'),('PJ062024.0615','BR275','1750','2000',1,'TRX062024.0220','1','2000','2024-06-21 15:50:17'),('PJ062024.0616','BR108','1800','2000',1,'TRX062024.0220','1','2000','2024-06-21 15:50:17'),('PJ062024.0617','BR161','2500','3000',1,'TRX062024.0220','4','12000','2024-06-21 15:50:17'),('PJ062024.0618','BR159','5500','7000',1,'TRX062024.0220','1','7000','2024-06-21 15:50:17'),('PJ062024.0619','BR085','4400','6000',1,'TRX062024.0220','2','12000','2024-06-21 15:50:17'),('PJ062024.0620','BR148','1800','2000',1,'TRX062024.0220','1','2000','2024-06-21 15:50:17'),('PJ062024.0621','BR154','875','1500',1,'TRX062024.0220','2','3000','2024-06-21 15:50:17'),('PJ062024.0622','BR093','900','1000',1,'TRX062024.0220','1','1000','2024-06-21 15:50:17'),('PJ062024.0623','BR126','450','500',1,'TRX062024.0220','1','500','2024-06-21 15:50:17'),('PJ062024.0624','BR097','1750','2000',1,'TRX062024.0220','1','2000','2024-06-21 15:50:17'),('PJ062024.0625','BR254','2000','2500',1,'TRX062024.0220','1','2500','2024-06-21 15:50:17'),('PJ062024.0626','BR009','31700','34000',1,'TRX062024.0220','12','408000','2024-06-21 15:50:17'),('PJ062024.0627','BR020','27100','30000',1,'TRX062024.0220','1','30000','2024-06-21 15:50:17'),('PJ062024.0628','BR168','1250','3000',1,'TRX062024.0220','3','9000','2024-06-21 15:50:17'),('PJ062024.0629','BR149','6000','8000',1,'TRX062024.0220','1','8000','2024-06-21 15:50:17'),('PJ062024.0630','BR117','900','1000',1,'TRX062024.0220','1','1000','2024-06-21 15:50:17'),('PJ062024.0631','BR136','1800','2000',1,'TRX062024.0220','1','2000','2024-06-21 15:50:17'),('PJ062024.0632','BR089','1750','2000',1,'TRX062024.0220','1','2000','2024-06-21 15:50:17'),('PJ062024.0633','BR278','2150','3000',1,'TRX062024.0220','1','3000','2024-06-21 15:50:17'),('PJ062024.0634','BR021','22900','25000',1,'TRX062024.0220','1','25000','2024-06-21 15:50:17'),('PJ062024.0635','BR022','14750','17000',1,'TRX062024.0220','2','34000','2024-06-21 15:50:17'),('PJ062024.0636','BR220','6100','15000',1,'TRX062024.0221','1','15000','2024-06-24 14:43:24'),('PJ062024.0637','BR019','19300','25000',1,'TRX062024.0221','1','25000','2024-06-24 14:43:24'),('PJ062024.0638','BR168','1250','3000',1,'TRX062024.0222','1','3000','2024-06-24 14:44:17'),('PJ062024.0639','BR010','24200','27000',1,'TRX062024.0222','1','28000','2024-06-24 14:44:17'),('PJ062024.0640','BR009','31700','34000',1,'TRX062024.0223','3','102000','2024-06-24 14:44:52'),('PJ062024.0641','BR254','2000','2500',1,'TRX062024.0224','1','3000','2024-06-24 14:46:22'),('PJ062024.0642','BR149','6000','8000',1,'TRX062024.0225','1','9000','2024-06-24 14:54:53'),('PJ062024.0643','BR026','26500','29000',1,'TRX062024.0225','1','30000','2024-06-24 14:54:53'),('PJ062024.0644','BR252','30000','35000',1,'TRX062024.0226','1','35000','2024-06-24 14:55:47'),('PJ062024.0645','BR022','15250','17000',1,'TRX062024.0227','1','18000','2024-06-24 14:58:00'),('PJ062024.0646','BR018','18200','21000',1,'TRX062024.0228','1','22000','2024-06-24 14:59:24'),('PJ062024.0647','BR021','22900','25000',1,'TRX062024.0228','1','26000','2024-06-24 14:59:24'),('PJ062024.0648','BR017','24500','27000',1,'TRX062024.0228','1','28000','2024-06-24 14:59:24'),('PJ062024.0649','BR168','1250','3000',1,'TRX062024.0229','1','3000','2024-06-24 15:00:02'),('PJ062024.0650','BR195','12000','15000',1,'TRX062024.0230','2','32000','2024-06-24 15:00:42'),('PJ062024.0651','BR177','23000','25000',1,'TRX062024.0231','1','25000','2024-06-24 15:02:31'),('PJ062024.0652','BR009','31700','34000',1,'TRX062024.0232','1','35000','2024-06-24 15:04:03'),('PJ062024.0653','BR015','24350','27000',1,'TRX062024.0232','1','28000','2024-06-24 15:04:03'),('PJ062024.0654','BR006','8250','15000',1,'TRX062024.0232','2','34000','2024-06-24 15:04:03'),('PJ062024.0655','BR176','1900','3000',1,'TRX062024.0233','3','9000','2024-06-24 15:05:17'),('PJ062024.0656','BR091','3000','4000',1,'TRX062024.0233','2','8000','2024-06-24 15:05:17'),('PJ062024.0657','BR006','8250','15000',1,'TRX062024.0233','1','15000','2024-06-24 15:05:17'),('PJ062024.0658','BR220','6100','15000',1,'TRX062024.0234','1','17000','2024-06-24 15:06:02'),('PJ062024.0659','BR043','40400','45000',1,'TRX062024.0235','2','96000','2024-06-24 15:08:01'),('PJ062024.0660','BR207','1200','3000',1,'TRX062024.0235','2','6000','2024-06-24 15:08:01'),('PJ062024.0661','BR208','1200','4000',1,'TRX062024.0235','5','20000','2024-06-24 15:08:01'),('PJ062024.0662','BR168','1250','3000',1,'TRX062024.0235','1','3000','2024-06-24 15:08:01'),('PJ062024.0663','BR174','1150','3000',1,'TRX062024.0235','1','3000','2024-06-24 15:08:01'),('PJ062024.0664','BR235','8000','10000',1,'TRX062024.0236','1','11000','2024-06-24 15:10:27'),('PJ062024.0665','BR282','15000','20000',1,'TRX062024.0236','1','22000','2024-06-24 15:10:27'),('PJ062024.0666','BR198','4400','5000',1,'TRX062024.0236','2','12000','2024-06-24 15:10:27'),('PJ062024.0667','BR283','160000','166000',1,'TRX062024.0237','1','166000','2024-06-24 15:13:13'),('PJ062024.0668','BR018','18200','21000',1,'TRX062024.0238','1','21000','2024-06-24 15:14:14'),('PJ062024.0669','BR170','1200','3000',1,'TRX062024.0239','6','18000','2024-06-24 15:22:30'),('PJ062024.0670','BR022','15250','17000',1,'TRX062024.0239','4','68000','2024-06-24 15:22:30'),('PJ062024.0671','BR182','1800','3000',1,'TRX062024.0239','1','3000','2024-06-24 15:22:30'),('PJ062024.0672','BR164','3200','5000',1,'TRX062024.0239','2','10000','2024-06-24 15:22:30'),('PJ062024.0673','BR278','2150','3000',1,'TRX062024.0239','1','3000','2024-06-24 15:22:30'),('PJ062024.0674','BR086','1800','2000',1,'TRX062024.0239','1','2000','2024-06-24 15:22:30'),('PJ062024.0675','BR171','1083','3000',1,'TRX062024.0239','1','3000','2024-06-24 15:22:30'),('PJ062024.0676','BR159','5500','7000',1,'TRX062024.0239','1','7000','2024-06-24 15:22:30'),('PJ062024.0677','BR006','8250','15000',1,'TRX062024.0239','5','75000','2024-06-24 15:22:30'),('PJ062024.0678','BR241','8000','10000',1,'TRX062024.0239','2','20000','2024-06-24 15:22:30'),('PJ062024.0679','BR179','25000','30000',1,'TRX062024.0239','1','30000','2024-06-24 15:22:30'),('PJ062024.0680','BR025','37650','40000',1,'TRX062024.0239','1','40000','2024-06-24 15:22:30'),('PJ062024.0681','BR218','5650','15000',1,'TRX062024.0239','1','15000','2024-06-24 15:22:30'),('PJ062024.0682','BR168','1250','3000',1,'TRX062024.0239','1','3000','2024-06-24 15:22:30'),('PJ062024.0683','BR009','31700','34000',1,'TRX062024.0239','1','34000','2024-06-24 15:22:30'),('PJ062024.0684','BR234','25000','28000',1,'TRX062024.0240','1','28000','2024-06-24 15:25:28'),('PJ062024.0685','BR011','31450','34000',1,'TRX062024.0240','1','35000','2024-06-24 15:25:28'),('PJ062024.0686','BR153','1708','3000',1,'TRX062024.0241','24','72000','2024-06-24 15:28:01'),('PJ062024.0687','BR233','40000','50000',1,'TRX062024.0241','1','50000','2024-06-24 15:28:01'),('PJ062024.0688','BR233','15000','18000',1,'TRX062024.0242','1','18000','2024-06-24 15:31:54'),('PJ062024.0689','BR233','15000','18000',1,'TRX062024.0243','1','18000','2024-06-24 15:32:22'),('PJ062024.0690','BR258','35000','45000',1,'TRX062024.0244','1','45000','2024-06-24 15:33:01'),('PJ062024.0691','BR267','25000','28000',1,'TRX062024.0245','1','28000','2024-06-24 15:35:24'),('PJ062024.0692','BR256','15000','25000',1,'TRX062024.0246','1','25000','2024-06-24 15:37:50'),('PJ062024.0693','BR262','12000','15000',1,'TRX062024.0247','1','15000','2024-06-24 15:38:26'),('PJ062024.0694','BR263','17000','20000',1,'TRX062024.0248','1','20000','2024-06-24 15:38:53'),('PJ062024.0698','BR282','15000','20000',1,'TRX062024.0251','2','40000','2024-06-25 14:18:42'),('PJ062024.0699','BR241','8000','10000',1,'TRX062024.0252','2','22000','2024-06-25 15:31:44'),('PJ062024.0700','BR233','15000','18000',1,'TRX062024.0252','1','18000','2024-06-25 15:31:44'),('PJ062024.0701','BR220','6100','15000',1,'TRX062024.0252','1','17000','2024-06-25 15:31:44'),('PJ062024.0702','BR011','31450','34000',1,'TRX062024.0252','1','35000','2024-06-25 15:31:44'),('PJ062024.0703','BR235','8000','10000',1,'TRX062024.0252','1','11000','2024-06-25 15:31:44'),('PJ062024.0704','BR254','2000','2500',1,'TRX062024.0252','3','9000','2024-06-25 15:31:44'),('PJ062024.0705','BR169','1200','3000',1,'TRX062024.0252','1','3000','2024-06-25 15:31:44'),('PJ062024.0706','BR022','15250','17000',1,'TRX062024.0252','1','18000','2024-06-25 15:31:44'),('PJ062024.0707','BR009','31700','34000',1,'TRX062024.0253','1','35000','2024-06-25 15:34:07'),('PJ062024.0708','BR043','40400','45000',1,'TRX062024.0254','1','48000','2024-06-25 15:36:36'),('PJ062024.0709','BR065','10000','11000',1,'TRX062024.0254','7','84000','2024-06-25 15:36:36'),('PJ062024.0710','BR154','875','1500',1,'TRX062024.0254','24','48000','2024-06-25 15:36:36'),('PJ062024.0711','BR173','1350','3000',1,'TRX062024.0255','1','3000','2024-06-25 15:38:54'),('PJ062024.0712','BR018','18200','21000',1,'TRX062024.0255','1','22000','2024-06-25 15:38:54'),('PJ062024.0713','BR220','6100','15000',1,'TRX062024.0256','1','17000','2024-06-25 15:40:14'),('PJ062024.0714','BR153','1708','3000',1,'TRX062024.0257','1','3000','2024-06-25 15:40:42'),('PJ062024.0715','BR168','1250','3000',1,'TRX062024.0258','2','6000','2024-06-25 15:41:58'),('PJ062024.0716','BR010','24200','27000',1,'TRX062024.0258','1','28000','2024-06-25 15:41:58'),('PJ062024.0717','BR022','15250','17000',1,'TRX062024.0258','1','18000','2024-06-25 15:41:58'),('PJ062024.0718','BR152','2458','3000',1,'TRX062024.0259','1','3000','2024-06-25 15:43:51'),('PJ062024.0719','BR172','1058','3000',1,'TRX062024.0259','1','3000','2024-06-25 15:43:51'),('PJ062024.0720','BR026','26500','29000',1,'TRX062024.0260','1','30000','2024-06-25 15:44:56'),('PJ062024.0721','BR149','6000','8000',1,'TRX062024.0260','1','9000','2024-06-25 15:44:56'),('PJ062024.0722','BR018','18200','21000',1,'TRX062024.0261','1','21000','2024-06-25 15:45:28'),('PJ062024.0723','BR009','31700','34000',1,'TRX062024.0262','1','35000','2024-06-25 15:46:27'),('PJ062024.0724','BR006','8250','15000',1,'TRX062024.0263','1','17000','2024-06-25 15:49:04'),('PJ062024.0725','BR208','1200','4000',1,'TRX062024.0263','3','12000','2024-06-25 15:49:04'),('PJ062024.0726','BR258','22000','32000',1,'TRX062024.0263','1','32000','2024-06-25 15:49:04'),('PJ062024.0727','BR153','1708','3000',1,'TRX062024.0264','1','3000','2024-06-25 15:51:38'),('PJ062024.0728','BR105','850','1000',1,'TRX062024.0264','1','1000','2024-06-25 15:51:38'),('PJ062024.0729','BR014','42000','44000',1,'TRX062024.0265','1','45000','2024-06-25 15:52:21'),('PJ062024.0730','BR168','1250','3000',1,'TRX062024.0265','1','3000','2024-06-25 15:52:21'),('PJ062024.0731','BR020','27100','30000',1,'TRX062024.0266','1','31000','2024-06-25 15:52:54'),('PJ062024.0732','BR177','23000','25000',1,'TRX062024.0267','1','25000','2024-06-25 15:53:51'),('PJ062024.0733','BR177','23000','25000',1,'TRX062024.0268','1','25000','2024-06-25 15:54:43'),('PJ062024.0734','BR010','24200','27000',1,'TRX062024.0269','1','28000','2024-06-25 15:55:16'),('PJ062024.0735','BR256','15000','25000',1,'TRX062024.0270','1','25000','2024-06-25 15:57:36'),('PJ062024.0736','BR256','15000','25000',1,'TRX062024.0271','1','25000','2024-06-25 15:58:02'),('PJ062024.0737','BR245','20000','30000',1,'TRX062024.0272','1','30000','2024-06-25 15:58:27'),('PJ062024.0738','BR017','24500','27000',1,'TRX062024.0273','1','27000','2024-06-25 16:02:01'),('PJ062024.0739','BR022','15250','17000',1,'TRX062024.0273','3','51000','2024-06-25 16:02:01'),('PJ062024.0740','BR170','1200','3000',1,'TRX062024.0273','1','3000','2024-06-25 16:02:01'),('PJ062024.0741','BR019','19300','25000',1,'TRX062024.0273','1','25000','2024-06-25 16:02:01'),('PJ062024.0742','BR009','31700','34000',1,'TRX062024.0273','4','136000','2024-06-25 16:02:01'),('PJ062024.0743','BR220','6100','15000',1,'TRX062024.0273','1','15000','2024-06-25 16:02:01'),('PJ062024.0744','BR009','31700','34000',1,'TRX062024.0274','1','35000','2024-06-26 08:13:32'),('PJ062024.0745','BR120','6000','7000',1,'TRX062024.0275','1','7000','2024-06-26 14:48:37'),('PJ062024.0746','BR010','24200','27000',1,'TRX062024.0276','1','27000','2024-06-26 14:50:13'),('PJ062024.0747','BR218','5650','15000',1,'TRX062024.0276','1','15000','2024-06-26 14:50:13'),('PJ062024.0748','BR163','9500','12000',1,'TRX062024.0276','1','12000','2024-06-26 14:50:13'),('PJ062024.0749','BR018','18200','21000',1,'TRX062024.0276','1','21000','2024-06-26 14:50:13'),('PJ062024.0750','BR019','19300','25000',1,'TRX062024.0276','1','25000','2024-06-26 14:50:13'),('PJ062024.0751','BR218','5650','15000',1,'TRX062024.0277','1','17000','2024-06-26 14:53:12'),('PJ062024.0752','BR009','31700','34000',1,'TRX062024.0277','1','35000','2024-06-26 14:53:12'),('PJ062024.0753','BR021','22900','25000',1,'TRX062024.0277','1','26000','2024-06-26 14:53:12'),('PJ062024.0754','BR026','26500','29000',1,'TRX062024.0278','1','30000','2024-06-26 15:36:26'),('PJ062024.0755','BR168','1250','3000',1,'TRX062024.0279','1','3000','2024-06-26 15:38:01'),('PJ062024.0756','BR025','37650','40000',1,'TRX062024.0279','1','40000','2024-06-26 15:38:01'),('PJ062024.0757','BR117','900','1000',1,'TRX062024.0279','2','2000','2024-06-26 15:38:01'),('PJ062024.0758','BR170','1200','3000',1,'TRX062024.0279','1','3000','2024-06-26 15:38:01'),('PJ062024.0759','BR021','22900','25000',1,'TRX062024.0279','1','25000','2024-06-26 15:38:01'),('PJ062024.0760','BR174','1150','3000',1,'TRX062024.0280','1','3000','2024-06-26 15:38:25'),('PJ062024.0761','BR006','8250','15000',1,'TRX062024.0281','1','17000','2024-06-26 15:40:43'),('PJ062024.0762','BR254','2000','2500',1,'TRX062024.0281','4','12000','2024-06-26 15:40:43'),('PJ062024.0763','BR149','6000','8000',1,'TRX062024.0281','1','9000','2024-06-26 15:40:43'),('PJ062024.0764','BR233','15000','18000',1,'TRX062024.0281','1','18000','2024-06-26 15:40:43'),('PJ062024.0765','BR218','5650','15000',1,'TRX062024.0282','3','45000','2024-06-26 15:43:28'),('PJ062024.0766','BR230','34000','37000',1,'TRX062024.0282','1','37000','2024-06-26 15:43:28'),('PJ062024.0767','BR019','19300','25000',1,'TRX062024.0282','1','25000','2024-06-26 15:43:28'),('PJ062024.0768','BR160','7500','9000',1,'TRX062024.0282','1','9000','2024-06-26 15:43:28'),('PJ062024.0769','BR226','5350','12000',1,'TRX062024.0282','1','12000','2024-06-26 15:43:28'),('PJ062024.0770','BR018','18200','21000',1,'TRX062024.0283','1','22000','2024-06-26 15:44:06'),('PJ062024.0771','BR168','1250','3000',1,'TRX062024.0284','1','3000','2024-06-26 15:45:03'),('PJ062024.0772','BR152','2458','3000',1,'TRX062024.0284','1','3000','2024-06-26 15:45:03'),('PJ062024.0773','BR022','15250','17000',1,'TRX062024.0284','1','18000','2024-06-26 15:45:03'),('PJ062024.0774','BR075','3750','6000',1,'TRX062024.0285','2','16000','2024-06-26 15:46:58'),('PJ062024.0775','BR220','6100','15000',1,'TRX062024.0285','1','17000','2024-06-26 15:46:58'),('PJ062024.0776','BR117','900','1000',1,'TRX062024.0285','5','6000','2024-06-26 15:46:58'),('PJ062024.0777','BR093','900','1000',1,'TRX062024.0285','5','6000','2024-06-26 15:46:58'),('PJ062024.0778','BR154','875','1500',1,'TRX062024.0285','24','48000','2024-06-26 15:46:58'),('PJ062024.0779','BR117','900','1000',1,'TRX062024.0286','5','6000','2024-06-26 15:49:37'),('PJ062024.0780','BR153','1708','3000',1,'TRX062024.0286','24','72000','2024-06-26 15:49:37'),('PJ062024.0781','BR260','16000','26000',1,'TRX062024.0286','1','26000','2024-06-26 15:49:37'),('PJ062024.0782','BR153','1708','3000',1,'TRX062024.0287','3','9000','2024-06-26 15:51:35'),('PJ062024.0783','BR168','1250','3000',1,'TRX062024.0287','1','3000','2024-06-26 15:51:35'),('PJ062024.0784','BR259','39000','59000',1,'TRX062024.0287','1','59000','2024-06-26 15:51:35'),('PJ062024.0785','BR075','3750','6000',1,'TRX062024.0288','2','16000','2024-06-26 15:52:24'),('PJ062024.0786','BR220','6100','15000',1,'TRX062024.0289','1','15000','2024-06-26 15:52:58'),('PJ062024.0787','BR218','5650','15000',1,'TRX062024.0290','1','17000','2024-06-26 15:53:36'),('PJ062024.0788','BR168','1250','3000',1,'TRX062024.0291','1','3000','2024-06-26 15:54:22'),('PJ062024.0789','BR168','1250','3000',1,'TRX062024.0292','1','3000','2024-06-26 15:55:14'),('PJ062024.0790','BR214','1200','4000',1,'TRX062024.0292','2','8000','2024-06-26 15:55:14'),('PJ062024.0791','BR020','27100','30000',1,'TRX062024.0292','1','30000','2024-06-26 15:55:14'),('PJ062024.0792','BR018','18200','21000',1,'TRX062024.0293','1','21000','2024-06-26 15:55:48'),('PJ062024.0793','BR013','37100','40000',1,'TRX062024.0294','1','41000','2024-06-26 15:57:32'),('PJ062024.0794','BR248','18000','21000',1,'TRX062024.0294','1','21000','2024-06-26 15:57:32'),('PJ062024.0795','BR093','900','1000',1,'TRX062024.0295','2','2000','2024-06-26 15:58:28'),('PJ062024.0796','BR174','1150','3000',1,'TRX062024.0295','1','3000','2024-06-26 15:58:28'),('PJ062024.0797','BR093','900','1000',1,'TRX062024.0296','10','12000','2024-06-26 15:59:35'),('PJ062024.0798','BR177','23000','25000',1,'TRX062024.0296','1','25000','2024-06-26 15:59:35'),('PJ062024.0799','BR065','10000','11000',1,'TRX062024.0297','5','60000','2024-06-26 16:01:32'),('PJ062024.0800','BR018','18200','21000',1,'TRX062024.0298','1','22000','2024-06-26 16:02:52'),('PJ062024.0801','BR011','31450','34000',1,'TRX062024.0298','1','35000','2024-06-26 16:02:52'),('PJ062024.0802','BR014','42000','44000',1,'TRX062024.0299','1','45000','2024-06-26 16:03:56'),('PJ062024.0803','BR168','1250','3000',1,'TRX062024.0299','1','3000','2024-06-26 16:03:56'),('PJ062024.0804','BR248','18000','21000',1,'TRX062024.0300','1','21000','2024-06-26 16:04:28'),('PJ062024.0805','BR239','34000','37000',1,'TRX062024.0301','1','37000','2024-06-26 16:07:40'),('PJ062024.0806','BR263','17000','20000',1,'TRX062024.0302','1','20000','2024-06-26 16:08:41'),('PJ062024.0807','BR285','282500','317500',1,'TRX062024.0303','1','317500','2024-06-26 16:12:02'),('PJ062024.0808','BR269','50000','60000',1,'TRX062024.0303','1','60000','2024-06-26 16:12:02'),('PJ062024.0809','BR170','1200','3000',1,'TRX062024.0304','2','6000','2024-06-26 16:16:33'),('PJ062024.0810','BR182','1800','3000',1,'TRX062024.0304','1','3000','2024-06-26 16:16:33'),('PJ062024.0811','BR017','24500','27000',1,'TRX062024.0304','1','27000','2024-06-26 16:16:33'),('PJ062024.0812','BR022','15250','17000',1,'TRX062024.0304','3','51000','2024-06-26 16:16:33'),('PJ062024.0813','BR103','1200','3000',1,'TRX062024.0304','1','3000','2024-06-26 16:16:33'),('PJ062024.0814','BR025','37650','40000',1,'TRX062024.0304','1','40000','2024-06-26 16:16:33'),('PJ062024.0815','BR194','400','1000',1,'TRX062024.0304','2','2000','2024-06-26 16:16:33'),('PJ062024.0816','BR117','900','1000',1,'TRX062024.0304','1','1000','2024-06-26 16:16:33'),('PJ062024.0817','BR254','2000','2500',1,'TRX062024.0304','2','5000','2024-06-26 16:16:33'),('PJ062024.0818','BR087','400','500',1,'TRX062024.0304','1','500','2024-06-26 16:16:33'),('PJ062024.0819','BR108','1800','2000',1,'TRX062024.0304','1','2000','2024-06-26 16:16:33'),('PJ062024.0820','BR021','22900','25000',1,'TRX062024.0304','1','25000','2024-06-26 16:16:33'),('PJ062024.0821','BR125','4500','5000',1,'TRX062024.0304','1','5000','2024-06-26 16:16:33'),('PJ062024.0822','BR208','1200','4000',1,'TRX062024.0304','1','4000','2024-06-26 16:16:33'),('PJ062024.0823','BR255','1250','2000',1,'TRX062024.0305','3','6000','2024-06-27 14:59:11'),('PJ062024.0824','BR018','18200','21000',1,'TRX062024.0306','1','21000','2024-06-27 14:59:39'),('PJ062024.0825','BR026','26500','30000',1,'TRX062024.0307','1','30000','2024-06-27 15:01:47'),('PJ062024.0826','BR149','6000','9000',1,'TRX062024.0307','1','9000','2024-06-27 15:01:47'),('PJ062024.0827','BR107','7500','9000',1,'TRX062024.0308','1','10000','2024-06-27 15:02:42'),('PJ062024.0828','BR010','24200','27000',1,'TRX062024.0309','1','28000','2024-06-27 15:07:34'),('PJ062024.0829','BR168','1250','3000',1,'TRX062024.0309','1','3000','2024-06-27 15:07:34'),('PJ062024.0830','BR286','3200','5000',1,'TRX062024.0309','1','5500','2024-06-27 15:07:34'),('PJ062024.0831','BR195','12000','15000',1,'TRX062024.0310','1','16000','2024-06-27 15:08:01'),('PJ062024.0832','BR011','31450','34000',1,'TRX062024.0311','1','35000','2024-06-27 15:09:58'),('PJ062024.0833','BR220','6100','15000',1,'TRX062024.0311','1','17000','2024-06-27 15:09:58'),('PJ062024.0834','BR235','8000','10000',1,'TRX062024.0311','1','11000','2024-06-27 15:09:58'),('PJ062024.0835','BR252','30000','35000',1,'TRX062024.0311','2','76000','2024-06-27 15:09:58'),('PJ062024.0836','BR147','7000','8000',1,'TRX062024.0312','1','8000','2024-06-27 15:10:44'),('PJ062024.0837','BR093','900','1000',1,'TRX062024.0312','2','2000','2024-06-27 15:10:44'),('PJ062024.0838','BR092','1750','2000',1,'TRX062024.0312','1','2000','2024-06-27 15:10:44'),('PJ062024.0839','BR065','10000','11000',1,'TRX062024.0313','1','12000','2024-06-27 15:11:55'),('PJ062024.0840','BR136','1800','2000',1,'TRX062024.0313','1','3000','2024-06-27 15:11:55'),('PJ062024.0841','BR084','1800','2000',1,'TRX062024.0313','1','3000','2024-06-27 15:11:55'),('PJ062024.0842','BR018','18200','21000',1,'TRX062024.0314','1','21000','2024-06-27 15:12:24'),('PJ062024.0843','BR015','24350','27000',1,'TRX062024.0315','1','28000','2024-06-27 15:16:33'),('PJ062024.0844','BR006','8250','15000',1,'TRX062024.0315','1','17000','2024-06-27 15:16:33'),('PJ062024.0845','BR239','95000','98000',1,'TRX062024.0316','1','98000','2024-06-27 15:22:17'),('PJ062024.0846','BR265','14000','17000',1,'TRX062024.0317','1','17000','2024-06-27 15:22:53');
/*!40000 ALTER TABLE `penjualan` ENABLE KEYS */;
UNLOCK TABLES;

--
-- Table structure for table `rincian`
--

DROP TABLE IF EXISTS `rincian`;
/*!40101 SET @saved_cs_client     = @@character_set_client */;
/*!40101 SET character_set_client = utf8 */;
CREATE TABLE `rincian` (
  `id_rincian` int(11) NOT NULL AUTO_INCREMENT,
  `id_nota` varchar(255) NOT NULL,
  `id_barang` varchar(255) NOT NULL,
  `total_pembelian` varchar(255) NOT NULL,
  `waktudata` datetime NOT NULL DEFAULT '0000-00-00 00:00:00' ON UPDATE current_timestamp(),
  PRIMARY KEY (`id_rincian`)
) ENGINE=InnoDB AUTO_INCREMENT=851 DEFAULT CHARSET=utf8mb4;
/*!40101 SET character_set_client = @saved_cs_client */;

--
-- Dumping data for table `rincian`
--

LOCK TABLES `rincian` WRITE;
/*!40000 ALTER TABLE `rincian` DISABLE KEYS */;
INSERT INTO `rincian` VALUES (5,'TRX062024.0001','BR169','9000','0000-00-00 00:00:00'),(6,'TRX062024.0001','BR021','25000','0000-00-00 00:00:00'),(7,'TRX062024.0001','BR018','21000','0000-00-00 00:00:00'),(8,'TRX062024.0001','BR011','66000','0000-00-00 00:00:00'),(9,'TRX062024.0001','BR160','9000','0000-00-00 00:00:00'),(10,'TRX062024.0001','BR195','15000','0000-00-00 00:00:00'),(11,'TRX062024.0001','BR161','15000','0000-00-00 00:00:00'),(12,'TRX062024.0001','BR016','76000','0000-00-00 00:00:00'),(13,'TRX062024.0001','BR019','75000','0000-00-00 00:00:00'),(14,'TRX062024.0002','BR233','33000','0000-00-00 00:00:00'),(15,'TRX062024.0003','BR195','15000','0000-00-00 00:00:00'),(16,'TRX062024.0004','BR117','4800','2024-06-07 15:27:21'),(17,'TRX062024.0004','BR160','10000','2024-06-07 15:30:40'),(18,'TRX062024.0004','BR154','10000','2024-06-07 15:30:24'),(19,'TRX062024.0005','BR153','24000','0000-00-00 00:00:00'),(20,'TRX062024.0005','BR006','34000','0000-00-00 00:00:00'),(21,'TRX062024.0005','BR235','44000','0000-00-00 00:00:00'),(22,'TRX062024.0005','BR236','35000','0000-00-00 00:00:00'),(23,'TRX062024.0006','BR168','3000','0000-00-00 00:00:00'),(24,'TRX062024.0006','BR237','8000','0000-00-00 00:00:00'),(25,'TRX062024.0007','BR006','17000','0000-00-00 00:00:00'),(26,'TRX062024.0007','BR011','34000','0000-00-00 00:00:00'),(27,'TRX062024.0007','BR238','23000','0000-00-00 00:00:00'),(28,'TRX062024.0008','BR220','30000','0000-00-00 00:00:00'),(29,'TRX062024.0009','BR026','30000','0000-00-00 00:00:00'),(30,'TRX062024.0010','BR218','60000','0000-00-00 00:00:00'),(31,'TRX062024.0010','BR025','39000','0000-00-00 00:00:00'),(32,'TRX062024.0011','BR006','34000','0000-00-00 00:00:00'),(33,'TRX062024.0012','BR168','3000','0000-00-00 00:00:00'),(34,'TRX062024.0012','BR165','5500','0000-00-00 00:00:00'),(35,'TRX062024.0012','BR173','3000','0000-00-00 00:00:00'),(36,'TRX062024.0013','BR022','18000','0000-00-00 00:00:00'),(37,'TRX062024.0014','BR174','3000','0000-00-00 00:00:00'),(38,'TRX062024.0014','BR224','15000','0000-00-00 00:00:00'),(39,'TRX062024.0015','BR238','23000','0000-00-00 00:00:00'),(40,'TRX062024.0016','BR168','15000','0000-00-00 00:00:00'),(41,'TRX062024.0016','BR018','21000','0000-00-00 00:00:00'),(42,'TRX062024.0016','BR013','39000','0000-00-00 00:00:00'),(43,'TRX062024.0016','BR164','5000','0000-00-00 00:00:00'),(44,'TRX062024.0016','BR203','10000','0000-00-00 00:00:00'),(45,'TRX062024.0016','BR091','4000','0000-00-00 00:00:00'),(46,'TRX062024.0016','BR117','3000','0000-00-00 00:00:00'),(47,'TRX062024.0017','BR168','3000','0000-00-00 00:00:00'),(48,'TRX062024.0018','BR195','16000','0000-00-00 00:00:00'),(49,'TRX062024.0019','BR239','44000','0000-00-00 00:00:00'),(50,'TRX062024.0020','BR240','27000','0000-00-00 00:00:00'),(51,'TRX062024.0021','BR241','11000','0000-00-00 00:00:00'),(52,'TRX062024.0021','BR235','11000','0000-00-00 00:00:00'),(53,'TRX062024.0021','BR006','17000','0000-00-00 00:00:00'),(54,'TRX062024.0021','BR220','17000','0000-00-00 00:00:00'),(55,'TRX062024.0021','BR234','195000','0000-00-00 00:00:00'),(56,'TRX062024.0021','BR226','28000','0000-00-00 00:00:00'),(57,'TRX062024.0021','BR233','55000','0000-00-00 00:00:00'),(58,'TRX062024.0022','BR218','51000','0000-00-00 00:00:00'),(59,'TRX062024.0023','BR017','81000','0000-00-00 00:00:00'),(60,'TRX062024.0023','BR170','6000','0000-00-00 00:00:00'),(61,'TRX062024.0023','BR168','6000','0000-00-00 00:00:00'),(62,'TRX062024.0023','BR164','15000','0000-00-00 00:00:00'),(63,'TRX062024.0023','BR023','38000','0000-00-00 00:00:00'),(64,'TRX062024.0023','BR009','34000','0000-00-00 00:00:00'),(65,'TRX062024.0023','BR108','2000','0000-00-00 00:00:00'),(66,'TRX062024.0023','BR086','2000','0000-00-00 00:00:00'),(67,'TRX062024.0023','BR218','15000','0000-00-00 00:00:00'),(68,'TRX062024.0023','BR025','78000','0000-00-00 00:00:00'),(69,'TRX062024.0023','BR022','68000','0000-00-00 00:00:00'),(70,'TRX062024.0024','BR026','30000','0000-00-00 00:00:00'),(71,'TRX062024.0025','BR085','6000','0000-00-00 00:00:00'),(72,'TRX062024.0025','BR168','3000','0000-00-00 00:00:00'),(73,'TRX062024.0026','BR220','15000','0000-00-00 00:00:00'),(74,'TRX062024.0026','BR117','1000','0000-00-00 00:00:00'),(75,'TRX062024.0026','BR009','34000','0000-00-00 00:00:00'),(76,'TRX062024.0027','BR011','34000','0000-00-00 00:00:00'),(77,'TRX062024.0027','BR215','17000','0000-00-00 00:00:00'),(78,'TRX062024.0027','BR242','33000','0000-00-00 00:00:00'),(79,'TRX062024.0028','BR168','3000','0000-00-00 00:00:00'),(80,'TRX062024.0028','BR014','45000','0000-00-00 00:00:00'),(81,'TRX062024.0029','BR170','3000','0000-00-00 00:00:00'),(82,'TRX062024.0030','BR170','3000','0000-00-00 00:00:00'),(83,'TRX062024.0031','BR216','14000','0000-00-00 00:00:00'),(84,'TRX062024.0031','BR224','34000','0000-00-00 00:00:00'),(85,'TRX062024.0031','BR226','14000','0000-00-00 00:00:00'),(86,'TRX062024.0031','BR195','16000','0000-00-00 00:00:00'),(87,'TRX062024.0031','BR154','48000','0000-00-00 00:00:00'),(88,'TRX062024.0031','BR177','25000','0000-00-00 00:00:00'),(89,'TRX062024.0031','BR243','227500','0000-00-00 00:00:00'),(90,'TRX062024.0031','BR244','22000','0000-00-00 00:00:00'),(91,'TRX062024.0032','BR011','68000','0000-00-00 00:00:00'),(92,'TRX062024.0032','BR173','6000','0000-00-00 00:00:00'),(93,'TRX062024.0032','BR170','6000','0000-00-00 00:00:00'),(94,'TRX062024.0032','BR022','36000','0000-00-00 00:00:00'),(95,'TRX062024.0032','BR164','6000','0000-00-00 00:00:00'),(96,'TRX062024.0032','BR083','9000','0000-00-00 00:00:00'),(97,'TRX062024.0032','BR174','6000','0000-00-00 00:00:00'),(98,'TRX062024.0032','BR245','105000','0000-00-00 00:00:00'),(99,'TRX062024.0033','BR153','3000','0000-00-00 00:00:00'),(100,'TRX062024.0033','BR240','27000','0000-00-00 00:00:00'),(101,'TRX062024.0034','BR015','28000','0000-00-00 00:00:00'),(102,'TRX062024.0034','BR167','6000','0000-00-00 00:00:00'),(103,'TRX062024.0035','BR226','14000','0000-00-00 00:00:00'),(104,'TRX062024.0036','BR043','48000','0000-00-00 00:00:00'),(105,'TRX062024.0037','BR044','53000','0000-00-00 00:00:00'),(106,'TRX062024.0037','BR220','51000','0000-00-00 00:00:00'),(107,'TRX062024.0037','BR218','17000','0000-00-00 00:00:00'),(108,'TRX062024.0037','BR177','25000','0000-00-00 00:00:00'),(109,'TRX062024.0038','BR006','85000','0000-00-00 00:00:00'),(110,'TRX062024.0038','BR224','17000','0000-00-00 00:00:00'),(111,'TRX062024.0038','BR168','3000','0000-00-00 00:00:00'),(112,'TRX062024.0038','BR220','34000','0000-00-00 00:00:00'),(113,'TRX062024.0038','BR236','35000','0000-00-00 00:00:00'),(114,'TRX062024.0039','BR152','3000','0000-00-00 00:00:00'),(115,'TRX062024.0040','BR159','7500','0000-00-00 00:00:00'),(116,'TRX062024.0041','BR011','34000','0000-00-00 00:00:00'),(117,'TRX062024.0042','BR026','30000','0000-00-00 00:00:00'),(118,'TRX062024.0043','BR247','58000','0000-00-00 00:00:00'),(119,'TRX062024.0043','BR248','21000','0000-00-00 00:00:00'),(120,'TRX062024.0044','BR249','28000','0000-00-00 00:00:00'),(121,'TRX062024.0045','BR019','26000','0000-00-00 00:00:00'),(122,'TRX062024.0046','BR011','33000','0000-00-00 00:00:00'),(123,'TRX062024.0046','BR018','42000','0000-00-00 00:00:00'),(124,'TRX062024.0046','BR021','100000','0000-00-00 00:00:00'),(125,'TRX062024.0046','BR169','18000','0000-00-00 00:00:00'),(126,'TRX062024.0046','BR173','3000','0000-00-00 00:00:00'),(127,'TRX062024.0047','BR015','26000','0000-00-00 00:00:00'),(128,'TRX062024.0048','BR159','28000','0000-00-00 00:00:00'),(129,'TRX062024.0048','BR153','3000','0000-00-00 00:00:00'),(130,'TRX062024.0048','BR139','2000','0000-00-00 00:00:00'),(131,'TRX062024.0048','BR175','3000','0000-00-00 00:00:00'),(132,'TRX062024.0048','BR190','1500','0000-00-00 00:00:00'),(133,'TRX062024.0048','BR152','3000','0000-00-00 00:00:00'),(134,'TRX062024.0048','BR101','1000','0000-00-00 00:00:00'),(135,'TRX062024.0048','BR127','4000','0000-00-00 00:00:00'),(136,'TRX062024.0048','BR086','2000','0000-00-00 00:00:00'),(137,'TRX062024.0048','BR102','2000','0000-00-00 00:00:00'),(138,'TRX062024.0048','BR250','60000','0000-00-00 00:00:00'),(139,'TRX062024.0048','BR170','3000','0000-00-00 00:00:00'),(140,'TRX062024.0048','BR022','34000','0000-00-00 00:00:00'),(141,'TRX062024.0048','BR009','102000','0000-00-00 00:00:00'),(142,'TRX062024.0048','BR017','54000','0000-00-00 00:00:00'),(143,'TRX062024.0048','BR168','9000','0000-00-00 00:00:00'),(144,'TRX062024.0048','BR174','6000','0000-00-00 00:00:00'),(145,'TRX062024.0048','BR218','30000','0000-00-00 00:00:00'),(146,'TRX062024.0048','BR025','39000','0000-00-00 00:00:00'),(147,'TRX062024.0048','BR024','15000','0000-00-00 00:00:00'),(148,'TRX062024.0048','BR108','2000','0000-00-00 00:00:00'),(149,'TRX062024.0048','BR094','2000','0000-00-00 00:00:00'),(150,'TRX062024.0048','BR084','4000','0000-00-00 00:00:00'),(151,'TRX062024.0048','BR162','10000','0000-00-00 00:00:00'),(152,'TRX062024.0048','BR117','5000','0000-00-00 00:00:00'),(153,'TRX062024.0048','BR155','7000','0000-00-00 00:00:00'),(154,'TRX062024.0048','BR251','80000','0000-00-00 00:00:00'),(155,'TRX062024.0049','BR006','15000','0000-00-00 00:00:00'),(156,'TRX062024.0049','BR215','15000','0000-00-00 00:00:00'),(157,'TRX062024.0050','BR220','15000','0000-00-00 00:00:00'),(158,'TRX062024.0051','BR241','22000','0000-00-00 00:00:00'),(159,'TRX062024.0051','BR235','22000','0000-00-00 00:00:00'),(160,'TRX062024.0051','BR252','37000','0000-00-00 00:00:00'),(161,'TRX062024.0051','BR182','3200','0000-00-00 00:00:00'),(162,'TRX062024.0052','BR021','27000','0000-00-00 00:00:00'),(163,'TRX062024.0052','BR220','17000','0000-00-00 00:00:00'),(164,'TRX062024.0052','BR241','11000','0000-00-00 00:00:00'),(165,'TRX062024.0053','BR177','25000','0000-00-00 00:00:00'),(166,'TRX062024.0053','BR168','3000','0000-00-00 00:00:00'),(167,'TRX062024.0053','BR153','9000','0000-00-00 00:00:00'),(168,'TRX062024.0053','BR009','35000','0000-00-00 00:00:00'),(169,'TRX062024.0053','BR010','28000','0000-00-00 00:00:00'),(170,'TRX062024.0053','BR018','22000','0000-00-00 00:00:00'),(171,'TRX062024.0053','BR230','38000','0000-00-00 00:00:00'),(172,'TRX062024.0053','BR021','26000','0000-00-00 00:00:00'),(173,'TRX062024.0054','BR220','17000','0000-00-00 00:00:00'),(174,'TRX062024.0055','BR014','45000','0000-00-00 00:00:00'),(175,'TRX062024.0055','BR168','3000','0000-00-00 00:00:00'),(176,'TRX062024.0056','BR218','17000','0000-00-00 00:00:00'),(177,'TRX062024.0056','BR009','35000','0000-00-00 00:00:00'),(178,'TRX062024.0056','BR152','3000','0000-00-00 00:00:00'),(179,'TRX062024.0056','BR117','1100','0000-00-00 00:00:00'),(180,'TRX062024.0057','BR250','64000','0000-00-00 00:00:00'),(181,'TRX062024.0058','BR195','16000','0000-00-00 00:00:00'),(182,'TRX062024.0059','BR006','17000','0000-00-00 00:00:00'),(183,'TRX062024.0060','BR241','11000','0000-00-00 00:00:00'),(184,'TRX062024.0060','BR195','16000','0000-00-00 00:00:00'),(185,'TRX062024.0061','BR093','1100','0000-00-00 00:00:00'),(186,'TRX062024.0061','BR253','13000','0000-00-00 00:00:00'),(187,'TRX062024.0062','BR026','30000','0000-00-00 00:00:00'),(188,'TRX062024.0063','BR168','3000','0000-00-00 00:00:00'),(189,'TRX062024.0064','BR254','7500','0000-00-00 00:00:00'),(190,'TRX062024.0064','BR158','5000','0000-00-00 00:00:00'),(191,'TRX062024.0064','BR087','500','0000-00-00 00:00:00'),(192,'TRX062024.0064','BR103','3000','0000-00-00 00:00:00'),(193,'TRX062024.0064','BR164','10000','0000-00-00 00:00:00'),(194,'TRX062024.0064','BR022','68000','0000-00-00 00:00:00'),(195,'TRX062024.0064','BR170','6000','0000-00-00 00:00:00'),(196,'TRX062024.0064','BR182','6000','0000-00-00 00:00:00'),(197,'TRX062024.0064','BR175','6000','0000-00-00 00:00:00'),(198,'TRX062024.0064','BR019','25000','0000-00-00 00:00:00'),(199,'TRX062024.0064','BR009','136000','0000-00-00 00:00:00'),(200,'TRX062024.0064','BR020','30000','0000-00-00 00:00:00'),(201,'TRX062024.0064','BR117','3000','0000-00-00 00:00:00'),(202,'TRX062024.0064','BR140','4000','0000-00-00 00:00:00'),(203,'TRX062024.0064','BR149','8000','0000-00-00 00:00:00'),(204,'TRX062024.0064','BR188','5000','0000-00-00 00:00:00'),(205,'TRX062024.0064','BR017','27000','0000-00-00 00:00:00'),(206,'TRX062024.0065','BR006','16000','0000-00-00 00:00:00'),(207,'TRX062024.0066','BR013','78000','0000-00-00 00:00:00'),(208,'TRX062024.0066','BR255','12000','0000-00-00 00:00:00'),(209,'TRX062024.0066','BR118','8000','0000-00-00 00:00:00'),(210,'TRX062024.0067','BR022','18000','0000-00-00 00:00:00'),(211,'TRX062024.0067','BR168','3000','0000-00-00 00:00:00'),(212,'TRX062024.0068','BR220','17000','0000-00-00 00:00:00'),(213,'TRX062024.0069','BR065','22000','0000-00-00 00:00:00'),(214,'TRX062024.0070','BR065','22000','0000-00-00 00:00:00'),(215,'TRX062024.0071','BR178','40000','0000-00-00 00:00:00'),(216,'TRX062024.0072','BR028','12000','0000-00-00 00:00:00'),(217,'TRX062024.0073','BR153','21000','0000-00-00 00:00:00'),(218,'TRX062024.0073','BR256','25000','0000-00-00 00:00:00'),(219,'TRX062024.0074','BR257','45000','0000-00-00 00:00:00'),(220,'TRX062024.0075','BR168','6000','0000-00-00 00:00:00'),(221,'TRX062024.0075','BR173','3000','0000-00-00 00:00:00'),(222,'TRX062024.0075','BR043','48000','0000-00-00 00:00:00'),(223,'TRX062024.0075','BR044','53000','0000-00-00 00:00:00'),(224,'TRX062024.0075','BR069','8500','0000-00-00 00:00:00'),(225,'TRX062024.0075','BR051','20000','0000-00-00 00:00:00'),(226,'TRX062024.0076','BR118','4500','0000-00-00 00:00:00'),(227,'TRX062024.0077','BR168','3000','0000-00-00 00:00:00'),(228,'TRX062024.0077','BR014','45000','0000-00-00 00:00:00'),(229,'TRX062024.0078','BR026','60000','0000-00-00 00:00:00'),(230,'TRX062024.0079','BR195','15000','0000-00-00 00:00:00'),(231,'TRX062024.0079','BR051','20000','0000-00-00 00:00:00'),(232,'TRX062024.0080','BR009','34000','0000-00-00 00:00:00'),(233,'TRX062024.0080','BR168','3000','0000-00-00 00:00:00'),(234,'TRX062024.0080','BR017','27000','0000-00-00 00:00:00'),(235,'TRX062024.0080','BR258','12000','0000-00-00 00:00:00'),(236,'TRX062024.0081','BR259','937500','0000-00-00 00:00:00'),(237,'TRX062024.0081','BR226','14000','0000-00-00 00:00:00'),(238,'TRX062024.0081','BR218','34000','0000-00-00 00:00:00'),(239,'TRX062024.0081','BR224','34000','0000-00-00 00:00:00'),(240,'TRX062024.0081','BR168','12000','0000-00-00 00:00:00'),(241,'TRX062024.0081','BR220','34000','0000-00-00 00:00:00'),(242,'TRX062024.0081','BR153','21000','0000-00-00 00:00:00'),(243,'TRX062024.0081','BR006','17000','0000-00-00 00:00:00'),(244,'TRX062024.0081','BR170','6000','0000-00-00 00:00:00'),(245,'TRX062024.0081','BR174','3000','0000-00-00 00:00:00'),(246,'TRX062024.0082','BR127','4400','0000-00-00 00:00:00'),(247,'TRX062024.0083','BR220','17000','0000-00-00 00:00:00'),(248,'TRX062024.0084','BR207','3000','0000-00-00 00:00:00'),(249,'TRX062024.0084','BR208','28000','0000-00-00 00:00:00'),(250,'TRX062024.0085','BR010','56000','0000-00-00 00:00:00'),(251,'TRX062024.0085','BR015','28000','0000-00-00 00:00:00'),(252,'TRX062024.0085','BR260','19000','0000-00-00 00:00:00'),(253,'TRX062024.0086','BR065','12000','0000-00-00 00:00:00'),(254,'TRX062024.0087','BR018','22000','0000-00-00 00:00:00'),(255,'TRX062024.0088','BR009','35000','0000-00-00 00:00:00'),(256,'TRX062024.0089','BR093','2000','0000-00-00 00:00:00'),(257,'TRX062024.0089','BR235','10000','0000-00-00 00:00:00'),(258,'TRX062024.0090','BR262','15000','0000-00-00 00:00:00'),(259,'TRX062024.0090','BR241','11000','0000-00-00 00:00:00'),(260,'TRX062024.0090','BR235','11000','0000-00-00 00:00:00'),(261,'TRX062024.0091','BR011','34000','0000-00-00 00:00:00'),(262,'TRX062024.0092','BR261','11000','0000-00-00 00:00:00'),(263,'TRX062024.0093','BR168','3000','0000-00-00 00:00:00'),(264,'TRX062024.0093','BR024','15000','0000-00-00 00:00:00'),(265,'TRX062024.0093','BR250','90000','0000-00-00 00:00:00'),(266,'TRX062024.0093','BR098','4000','0000-00-00 00:00:00'),(267,'TRX062024.0093','BR101','3000','0000-00-00 00:00:00'),(268,'TRX062024.0093','BR109','2600','0000-00-00 00:00:00'),(269,'TRX062024.0093','BR017','27000','0000-00-00 00:00:00'),(270,'TRX062024.0093','BR175','3000','0000-00-00 00:00:00'),(271,'TRX062024.0093','BR205','10000','0000-00-00 00:00:00'),(272,'TRX062024.0093','BR018','21000','0000-00-00 00:00:00'),(273,'TRX062024.0093','BR022','51000','0000-00-00 00:00:00'),(274,'TRX062024.0093','BR025','39000','0000-00-00 00:00:00'),(275,'TRX062024.0093','BR193','4000','0000-00-00 00:00:00'),(276,'TRX062024.0093','BR117','5000','0000-00-00 00:00:00'),(277,'TRX062024.0093','BR263','18000','0000-00-00 00:00:00'),(278,'TRX062024.0094','BR009','136000','0000-00-00 00:00:00'),(279,'TRX062024.0094','BR174','15000','0000-00-00 00:00:00'),(280,'TRX062024.0094','BR230','37000','0000-00-00 00:00:00'),(281,'TRX062024.0094','BR022','17000','0000-00-00 00:00:00'),(282,'TRX062024.0094','BR220','15000','0000-00-00 00:00:00'),(283,'TRX062024.0094','BR232','18000','0000-00-00 00:00:00'),(284,'TRX062024.0095','BR168','3000','0000-00-00 00:00:00'),(285,'TRX062024.0095','BR117','4800','0000-00-00 00:00:00'),(286,'TRX062024.0095','BR170','3000','0000-00-00 00:00:00'),(287,'TRX062024.0095','BR026','30000','0000-00-00 00:00:00'),(288,'TRX062024.0095','BR025','40000','0000-00-00 00:00:00'),(289,'TRX062024.0095','BR021','26000','0000-00-00 00:00:00'),(290,'TRX062024.0096','BR168','3000','0000-00-00 00:00:00'),(291,'TRX062024.0097','BR152','3000','0000-00-00 00:00:00'),(292,'TRX062024.0097','BR175','3000','0000-00-00 00:00:00'),(293,'TRX062024.0097','BR087','1000','0000-00-00 00:00:00'),(294,'TRX062024.0098','BR006','75000','0000-00-00 00:00:00'),(295,'TRX062024.0098','BR224','45000','0000-00-00 00:00:00'),(296,'TRX062024.0098','BR159','7000','0000-00-00 00:00:00'),(297,'TRX062024.0099','BR168','3000','0000-00-00 00:00:00'),(298,'TRX062024.0099','BR020','30000','0000-00-00 00:00:00'),(299,'TRX062024.0100','BR235','11000','0000-00-00 00:00:00'),(300,'TRX062024.0100','BR011','68000','0000-00-00 00:00:00'),(301,'TRX062024.0100','BR254','12000','0000-00-00 00:00:00'),(302,'TRX062024.0100','BR006','17000','0000-00-00 00:00:00'),(303,'TRX062024.0100','BR238','23000','0000-00-00 00:00:00'),(304,'TRX062024.0101','BR170','6000','0000-00-00 00:00:00'),(305,'TRX062024.0101','BR264','85000','0000-00-00 00:00:00'),(306,'TRX062024.0102','BR081','6000','0000-00-00 00:00:00'),(307,'TRX062024.0103','BR091','8000','0000-00-00 00:00:00'),(308,'TRX062024.0103','BR149','9000','0000-00-00 00:00:00'),(309,'TRX062024.0104','BR265','17000','0000-00-00 00:00:00'),(310,'TRX062024.0105','BR177','25000','0000-00-00 00:00:00'),(311,'TRX062024.0106','BR220','17000','0000-00-00 00:00:00'),(312,'TRX062024.0106','BR218','34000','0000-00-00 00:00:00'),(313,'TRX062024.0107','BR153','3000','0000-00-00 00:00:00'),(314,'TRX062024.0107','BR115','2000','0000-00-00 00:00:00'),(315,'TRX062024.0107','BR102','2000','0000-00-00 00:00:00'),(316,'TRX062024.0107','BR220','15000','0000-00-00 00:00:00'),(317,'TRX062024.0107','BR218','75000','0000-00-00 00:00:00'),(318,'TRX062024.0107','BR164','5000','0000-00-00 00:00:00'),(319,'TRX062024.0107','BR228','20000','0000-00-00 00:00:00'),(320,'TRX062024.0107','BR022','34000','0000-00-00 00:00:00'),(321,'TRX062024.0107','BR010','27000','0000-00-00 00:00:00'),(322,'TRX062024.0107','BR065','11000','0000-00-00 00:00:00'),(323,'TRX062024.0108','BR168','6000','0000-00-00 00:00:00'),(324,'TRX062024.0108','BR014','88000','0000-00-00 00:00:00'),(325,'TRX062024.0109','BR093','5000','0000-00-00 00:00:00'),(326,'TRX062024.0109','BR107','9000','0000-00-00 00:00:00'),(327,'TRX062024.0109','BR153','3000','0000-00-00 00:00:00'),(328,'TRX062024.0110','BR020','31000','0000-00-00 00:00:00'),(329,'TRX062024.0111','BR152','3000','0000-00-00 00:00:00'),(330,'TRX062024.0112','BR006','15000','0000-00-00 00:00:00'),(331,'TRX062024.0112','BR011','33000','0000-00-00 00:00:00'),(332,'TRX062024.0113','BR053','3000','0000-00-00 00:00:00'),(333,'TRX062024.0114','BR011','68000','0000-00-00 00:00:00'),(334,'TRX062024.0114','BR220','15000','0000-00-00 00:00:00'),(335,'TRX062024.0114','BR241','11000','0000-00-00 00:00:00'),(336,'TRX062024.0115','BR154','240000','0000-00-00 00:00:00'),(337,'TRX062024.0115','BR153','12000','0000-00-00 00:00:00'),(338,'TRX062024.0115','BR018','22000','0000-00-00 00:00:00'),(339,'TRX062024.0115','BR017','28000','0000-00-00 00:00:00'),(340,'TRX062024.0115','BR241','11000','0000-00-00 00:00:00'),(341,'TRX062024.0115','BR235','11000','2024-06-13 11:26:38'),(342,'TRX062024.0116','BR018','21000','0000-00-00 00:00:00'),(343,'TRX062024.0117','BR147','9000','0000-00-00 00:00:00'),(344,'TRX062024.0118','BR235','11000','0000-00-00 00:00:00'),(345,'TRX062024.0119','BR006','15000','0000-00-00 00:00:00'),(346,'TRX062024.0120','BR164','10000','0000-00-00 00:00:00'),(347,'TRX062024.0120','BR170','15000','0000-00-00 00:00:00'),(348,'TRX062024.0120','BR022','51000','0000-00-00 00:00:00'),(349,'TRX062024.0120','BR009','102000','0000-00-00 00:00:00'),(350,'TRX062024.0120','BR013','39000','0000-00-00 00:00:00'),(351,'TRX062024.0120','BR018','21000','0000-00-00 00:00:00'),(352,'TRX062024.0120','BR161','12000','0000-00-00 00:00:00'),(353,'TRX062024.0120','BR159','7000','0000-00-00 00:00:00'),(354,'TRX062024.0120','BR006','45000','0000-00-00 00:00:00'),(355,'TRX062024.0120','BR021','25000','0000-00-00 00:00:00'),(356,'TRX062024.0120','BR117','5000','0000-00-00 00:00:00'),(357,'TRX062024.0121','BR117','1200','0000-00-00 00:00:00'),(358,'TRX062024.0121','BR254','3000','0000-00-00 00:00:00'),(359,'TRX062024.0122','BR172','3000','0000-00-00 00:00:00'),(360,'TRX062024.0122','BR152','6000','0000-00-00 00:00:00'),(361,'TRX062024.0123','BR011','34000','0000-00-00 00:00:00'),(362,'TRX062024.0124','BR025','40000','0000-00-00 00:00:00'),(363,'TRX062024.0125','BR006','17000','0000-00-00 00:00:00'),(364,'TRX062024.0125','BR252','35000','0000-00-00 00:00:00'),(365,'TRX062024.0125','BR241','11000','0000-00-00 00:00:00'),(366,'TRX062024.0126','BR176','3000','0000-00-00 00:00:00'),(367,'TRX062024.0127','BR220','15000','0000-00-00 00:00:00'),(368,'TRX062024.0128','BR152','6000','0000-00-00 00:00:00'),(369,'TRX062024.0128','BR175','3000','0000-00-00 00:00:00'),(370,'TRX062024.0129','BR013','78000','0000-00-00 00:00:00'),(371,'TRX062024.0130','BR018','21000','0000-00-00 00:00:00'),(372,'TRX062024.0131','BR168','3000','0000-00-00 00:00:00'),(373,'TRX062024.0131','BR010','28000','0000-00-00 00:00:00'),(374,'TRX062024.0131','BR152','3000','0000-00-00 00:00:00'),(375,'TRX062024.0132','BR168','3000','0000-00-00 00:00:00'),(376,'TRX062024.0132','BR014','45000','0000-00-00 00:00:00'),(377,'TRX062024.0133','BR168','3000','0000-00-00 00:00:00'),(378,'TRX062024.0133','BR009','35000','0000-00-00 00:00:00'),(379,'TRX062024.0133','BR152','3000','0000-00-00 00:00:00'),(380,'TRX062024.0134','BR177','25000','0000-00-00 00:00:00'),(381,'TRX062024.0134','BR076','7000','0000-00-00 00:00:00'),(382,'TRX062024.0135','BR177','50000','0000-00-00 00:00:00'),(383,'TRX062024.0136','BR006','15000','0000-00-00 00:00:00'),(384,'TRX062024.0137','BR065','88000','0000-00-00 00:00:00'),(385,'TRX062024.0138','BR026','30000','0000-00-00 00:00:00'),(386,'TRX062024.0138','BR253','13000','0000-00-00 00:00:00'),(387,'TRX062024.0139','BR266','8000','0000-00-00 00:00:00'),(388,'TRX062024.0140','BR239','44000','0000-00-00 00:00:00'),(389,'TRX062024.0141','BR267','25000','0000-00-00 00:00:00'),(390,'TRX062024.0142','BR175','3000','0000-00-00 00:00:00'),(391,'TRX062024.0142','BR149','8000','0000-00-00 00:00:00'),(392,'TRX062024.0142','BR218','15000','0000-00-00 00:00:00'),(393,'TRX062024.0142','BR022','51000','0000-00-00 00:00:00'),(394,'TRX062024.0142','BR170','3000','0000-00-00 00:00:00'),(395,'TRX062024.0142','BR009','102000','0000-00-00 00:00:00'),(396,'TRX062024.0142','BR101','1000','0000-00-00 00:00:00'),(397,'TRX062024.0142','BR164','5000','0000-00-00 00:00:00'),(398,'TRX062024.0142','BR250','60000','0000-00-00 00:00:00'),(399,'TRX062024.0142','BR230','37000','0000-00-00 00:00:00'),(400,'TRX062024.0142','BR013','39000','0000-00-00 00:00:00'),(401,'TRX062024.0142','BR154','6000','0000-00-00 00:00:00'),(402,'TRX062024.0143','BR152','3000','0000-00-00 00:00:00'),(403,'TRX062024.0143','BR134','8000','0000-00-00 00:00:00'),(404,'TRX062024.0143','BR121','9000','0000-00-00 00:00:00'),(405,'TRX062024.0143','BR147','9000','0000-00-00 00:00:00'),(406,'TRX062024.0144','BR026','30000','0000-00-00 00:00:00'),(407,'TRX062024.0145','BR091','9000','0000-00-00 00:00:00'),(408,'TRX062024.0145','BR153','3000','0000-00-00 00:00:00'),(409,'TRX062024.0146','BR153','42000','0000-00-00 00:00:00'),(410,'TRX062024.0146','BR117','28800','0000-00-00 00:00:00'),(411,'TRX062024.0146','BR093','19200','0000-00-00 00:00:00'),(412,'TRX062024.0147','BR163','52000','0000-00-00 00:00:00'),(413,'TRX062024.0148','BR025','80000','0000-00-00 00:00:00'),(414,'TRX062024.0148','BR011','34000','0000-00-00 00:00:00'),(415,'TRX062024.0148','BR022','18000','0000-00-00 00:00:00'),(416,'TRX062024.0148','BR006','17000','0000-00-00 00:00:00'),(417,'TRX062024.0149','BR168','3000','0000-00-00 00:00:00'),(418,'TRX062024.0150','BR220','17000','0000-00-00 00:00:00'),(419,'TRX062024.0150','BR019','26000','0000-00-00 00:00:00'),(420,'TRX062024.0151','BR178','40000','0000-00-00 00:00:00'),(421,'TRX062024.0151','BR256','25000','0000-00-00 00:00:00'),(422,'TRX062024.0152','BR256','25000','0000-00-00 00:00:00'),(423,'TRX062024.0153','BR268','235000','0000-00-00 00:00:00'),(424,'TRX062024.0154','BR269','130000','0000-00-00 00:00:00'),(425,'TRX062024.0155','BR022','18000','0000-00-00 00:00:00'),(426,'TRX062024.0156','BR270','158000','0000-00-00 00:00:00'),(427,'TRX062024.0157','BR149','8000','0000-00-00 00:00:00'),(428,'TRX062024.0157','BR117','2000','0000-00-00 00:00:00'),(429,'TRX062024.0158','BR175','12000','0000-00-00 00:00:00'),(430,'TRX062024.0158','BR250','60000','0000-00-00 00:00:00'),(431,'TRX062024.0158','BR087','1000','0000-00-00 00:00:00'),(432,'TRX062024.0158','BR126','1000','0000-00-00 00:00:00'),(433,'TRX062024.0158','BR129','2000','0000-00-00 00:00:00'),(434,'TRX062024.0158','BR220','15000','0000-00-00 00:00:00'),(435,'TRX062024.0158','BR020','30000','0000-00-00 00:00:00'),(436,'TRX062024.0158','BR006','15000','0000-00-00 00:00:00'),(437,'TRX062024.0158','BR022','102000','0000-00-00 00:00:00'),(438,'TRX062024.0158','BR017','27000','0000-00-00 00:00:00'),(439,'TRX062024.0158','BR117','2000','0000-00-00 00:00:00'),(440,'TRX062024.0159','BR044','53000','0000-00-00 00:00:00'),(441,'TRX062024.0160','BR266','8000','0000-00-00 00:00:00'),(442,'TRX062024.0161','BR006','17000','0000-00-00 00:00:00'),(443,'TRX062024.0162','BR175','3000','0000-00-00 00:00:00'),(444,'TRX062024.0162','BR087','2000','0000-00-00 00:00:00'),(445,'TRX062024.0163','BR258','15000','0000-00-00 00:00:00'),(446,'TRX062024.0163','BR065','11000','0000-00-00 00:00:00'),(447,'TRX062024.0164','BR218','45000','0000-00-00 00:00:00'),(448,'TRX062024.0164','BR019','200000','0000-00-00 00:00:00'),(449,'TRX062024.0164','BR168','9000','0000-00-00 00:00:00'),(450,'TRX062024.0164','BR173','3000','0000-00-00 00:00:00'),(451,'TRX062024.0164','BR009','34000','0000-00-00 00:00:00'),(452,'TRX062024.0164','BR015','27000','0000-00-00 00:00:00'),(453,'TRX062024.0164','BR152','3000','0000-00-00 00:00:00'),(454,'TRX062024.0164','BR263','18000','0000-00-00 00:00:00'),(455,'TRX062024.0164','BR018','21000','0000-00-00 00:00:00'),(456,'TRX062024.0165','BR017','28000','0000-00-00 00:00:00'),(457,'TRX062024.0165','BR018','22000','0000-00-00 00:00:00'),(458,'TRX062024.0166','BR218','68000','0000-00-00 00:00:00'),(459,'TRX062024.0166','BR168','6000','0000-00-00 00:00:00'),(460,'TRX062024.0166','BR153','9000','0000-00-00 00:00:00'),(461,'TRX062024.0166','BR154','8000','0000-00-00 00:00:00'),(462,'TRX062024.0166','BR043','48000','0000-00-00 00:00:00'),(463,'TRX062024.0166','BR220','17000','0000-00-00 00:00:00'),(464,'TRX062024.0167','BR220','17000','0000-00-00 00:00:00'),(465,'TRX062024.0167','BR235','11000','0000-00-00 00:00:00'),(466,'TRX062024.0167','BR241','11000','0000-00-00 00:00:00'),(467,'TRX062024.0167','BR085','8000','0000-00-00 00:00:00'),(468,'TRX062024.0168','BR177','25000','0000-00-00 00:00:00'),(469,'TRX062024.0168','BR178','80000','0000-00-00 00:00:00'),(470,'TRX062024.0168','BR065','120000','0000-00-00 00:00:00'),(471,'TRX062024.0169','BR011','35000','0000-00-00 00:00:00'),(472,'TRX062024.0169','BR006','17000','0000-00-00 00:00:00'),(473,'TRX062024.0169','BR230','76000','0000-00-00 00:00:00'),(474,'TRX062024.0170','BR230','114000','0000-00-00 00:00:00'),(475,'TRX062024.0170','BR177','25000','0000-00-00 00:00:00'),(476,'TRX062024.0170','BR178','40000','0000-00-00 00:00:00'),(477,'TRX062024.0171','BR271','10000','0000-00-00 00:00:00'),(478,'TRX062024.0171','BR272','10000','0000-00-00 00:00:00'),(479,'TRX062024.0171','BR273','9000','0000-00-00 00:00:00'),(480,'TRX062024.0171','BR274','14000','0000-00-00 00:00:00'),(481,'TRX062024.0172','BR195','16000','0000-00-00 00:00:00'),(482,'TRX062024.0172','BR199','12000','0000-00-00 00:00:00'),(483,'TRX062024.0172','BR108','6000','0000-00-00 00:00:00'),(484,'TRX062024.0172','BR094','6000','0000-00-00 00:00:00'),(485,'TRX062024.0172','BR235','11000','0000-00-00 00:00:00'),(486,'TRX062024.0173','BR220','17000','0000-00-00 00:00:00'),(487,'TRX062024.0174','BR149','9000','0000-00-00 00:00:00'),(488,'TRX062024.0174','BR091','9000','0000-00-00 00:00:00'),(489,'TRX062024.0175','BR201','200000','0000-00-00 00:00:00'),(490,'TRX062024.0175','BR195','16000','0000-00-00 00:00:00'),(491,'TRX062024.0175','BR044','106000','0000-00-00 00:00:00'),(492,'TRX062024.0176','BR048','8000','0000-00-00 00:00:00'),(493,'TRX062024.0177','BR018','21000','0000-00-00 00:00:00'),(494,'TRX062024.0178','BR025','39000','0000-00-00 00:00:00'),(495,'TRX062024.0179','BR009','34000','0000-00-00 00:00:00'),(496,'TRX062024.0179','BR018','21000','0000-00-00 00:00:00'),(497,'TRX062024.0180','BR118','4000','0000-00-00 00:00:00'),(498,'TRX062024.0180','BR017','81000','0000-00-00 00:00:00'),(499,'TRX062024.0180','BR170','3000','0000-00-00 00:00:00'),(500,'TRX062024.0180','BR164','5000','0000-00-00 00:00:00'),(501,'TRX062024.0180','BR175','3000','0000-00-00 00:00:00'),(502,'TRX062024.0180','BR157','21000','0000-00-00 00:00:00'),(503,'TRX062024.0180','BR006','15000','0000-00-00 00:00:00'),(504,'TRX062024.0180','BR125','5000','0000-00-00 00:00:00'),(505,'TRX062024.0180','BR123','8000','0000-00-00 00:00:00'),(506,'TRX062024.0180','BR093','1000','0000-00-00 00:00:00'),(507,'TRX062024.0180','BR149','8000','0000-00-00 00:00:00'),(508,'TRX062024.0180','BR216','12000','0000-00-00 00:00:00'),(509,'TRX062024.0180','BR020','30000','0000-00-00 00:00:00'),(510,'TRX062024.0180','BR224','15000','0000-00-00 00:00:00'),(511,'TRX062024.0180','BR152','3000','0000-00-00 00:00:00'),(512,'TRX062024.0180','BR009','34000','0000-00-00 00:00:00'),(513,'TRX062024.0180','BR117','5000','0000-00-00 00:00:00'),(514,'TRX062024.0180','BR022','17000','0000-00-00 00:00:00'),(515,'TRX062024.0181','BR011','34000','0000-00-00 00:00:00'),(516,'TRX062024.0181','BR168','3000','0000-00-00 00:00:00'),(517,'TRX062024.0182','BR153','6000','0000-00-00 00:00:00'),(518,'TRX062024.0182','BR107','10000','0000-00-00 00:00:00'),(519,'TRX062024.0183','BR152','6000','0000-00-00 00:00:00'),(520,'TRX062024.0183','BR175','6000','0000-00-00 00:00:00'),(521,'TRX062024.0184','BR168','3000','0000-00-00 00:00:00'),(522,'TRX062024.0184','BR017','54000','0000-00-00 00:00:00'),(523,'TRX062024.0184','BR117','5000','0000-00-00 00:00:00'),(524,'TRX062024.0184','BR065','88000','0000-00-00 00:00:00'),(525,'TRX062024.0185','BR011','70000','0000-00-00 00:00:00'),(526,'TRX062024.0185','BR235','11000','0000-00-00 00:00:00'),(527,'TRX062024.0185','BR242','33000','0000-00-00 00:00:00'),(528,'TRX062024.0186','BR015','28000','0000-00-00 00:00:00'),(529,'TRX062024.0187','BR168','3000','0000-00-00 00:00:00'),(530,'TRX062024.0188','BR025','39000','0000-00-00 00:00:00'),(531,'TRX062024.0189','BR155','7000','0000-00-00 00:00:00'),(532,'TRX062024.0190','BR006','17000','0000-00-00 00:00:00'),(533,'TRX062024.0190','BR176','3000','0000-00-00 00:00:00'),(534,'TRX062024.0190','BR212','4000','0000-00-00 00:00:00'),(535,'TRX062024.0190','BR241','10000','0000-00-00 00:00:00'),(536,'TRX062024.0190','BR093','12000','0000-00-00 00:00:00'),(537,'TRX062024.0190','BR117','14400','0000-00-00 00:00:00'),(538,'TRX062024.0191','BR269','49000','0000-00-00 00:00:00'),(539,'TRX062024.0192','BR256','25000','0000-00-00 00:00:00'),(540,'TRX062024.0192','BR268','750000','0000-00-00 00:00:00'),(541,'TRX062024.0193','BR236','35000','0000-00-00 00:00:00'),(542,'TRX062024.0194','BR009','34000','0000-00-00 00:00:00'),(543,'TRX062024.0194','BR230','37000','0000-00-00 00:00:00'),(544,'TRX062024.0194','BR108','2000','0000-00-00 00:00:00'),(545,'TRX062024.0194','BR084','2000','0000-00-00 00:00:00'),(546,'TRX062024.0194','BR168','3000','0000-00-00 00:00:00'),(547,'TRX062024.0194','BR250','60000','0000-00-00 00:00:00'),(548,'TRX062024.0194','BR017','27000','0000-00-00 00:00:00'),(549,'TRX062024.0194','BR022','51000','0000-00-00 00:00:00'),(550,'TRX062024.0194','BR162','10000','0000-00-00 00:00:00'),(551,'TRX062024.0194','BR025','39000','0000-00-00 00:00:00'),(552,'TRX062024.0194','BR085','6000','0000-00-00 00:00:00'),(553,'TRX062024.0194','BR093','1000','0000-00-00 00:00:00'),(554,'TRX062024.0195','BR164','15000','0000-00-00 00:00:00'),(555,'TRX062024.0195','BR234','10000','0000-00-00 00:00:00'),(556,'TRX062024.0195','BR121','8000','0000-00-00 00:00:00'),(557,'TRX062024.0195','BR139','2000','0000-00-00 00:00:00'),(558,'TRX062024.0195','BR117','4000','0000-00-00 00:00:00'),(559,'TRX062024.0195','BR276','2000','0000-00-00 00:00:00'),(560,'TRX062024.0195','BR098','2000','0000-00-00 00:00:00'),(561,'TRX062024.0196','BR084','2000','0000-00-00 00:00:00'),(562,'TRX062024.0196','BR165','5000','0000-00-00 00:00:00'),(563,'TRX062024.0196','BR091','4000','0000-00-00 00:00:00'),(564,'TRX062024.0196','BR164','10000','0000-00-00 00:00:00'),(565,'TRX062024.0197','BR117','6000','0000-00-00 00:00:00'),(566,'TRX062024.0197','BR134','7000','0000-00-00 00:00:00'),(567,'TRX062024.0197','BR098','4000','0000-00-00 00:00:00'),(568,'TRX062024.0197','BR158','10000','0000-00-00 00:00:00'),(569,'TRX062024.0197','BR084','8000','0000-00-00 00:00:00'),(570,'TRX062024.0197','BR087','2000','0000-00-00 00:00:00'),(571,'TRX062024.0197','BR149','8000','0000-00-00 00:00:00'),(572,'TRX062024.0197','BR164','10000','0000-00-00 00:00:00'),(573,'TRX062024.0198','BR168','6000','0000-00-00 00:00:00'),(574,'TRX062024.0199','BR015','28000','0000-00-00 00:00:00'),(575,'TRX062024.0199','BR174','3000','0000-00-00 00:00:00'),(576,'TRX062024.0200','BR168','9000','0000-00-00 00:00:00'),(577,'TRX062024.0200','BR013','39000','0000-00-00 00:00:00'),(578,'TRX062024.0201','BR168','3000','0000-00-00 00:00:00'),(579,'TRX062024.0201','BR093','1200','0000-00-00 00:00:00'),(580,'TRX062024.0201','BR014','45000','0000-00-00 00:00:00'),(581,'TRX062024.0202','BR100','2500','0000-00-00 00:00:00'),(582,'TRX062024.0202','BR119','9600','0000-00-00 00:00:00'),(583,'TRX062024.0202','BR091','4500','0000-00-00 00:00:00'),(584,'TRX062024.0202','BR276','2200','0000-00-00 00:00:00'),(585,'TRX062024.0202','BR113','2200','0000-00-00 00:00:00'),(586,'TRX062024.0202','BR127','2200','0000-00-00 00:00:00'),(587,'TRX062024.0202','BR275','2500','0000-00-00 00:00:00'),(588,'TRX062024.0202','BR130','2500','0000-00-00 00:00:00'),(589,'TRX062024.0202','BR097','2500','0000-00-00 00:00:00'),(590,'TRX062024.0203','BR170','3000','0000-00-00 00:00:00'),(591,'TRX062024.0204','BR149','9000','0000-00-00 00:00:00'),(592,'TRX062024.0204','BR278','3200','0000-00-00 00:00:00'),(593,'TRX062024.0204','BR017','28000','0000-00-00 00:00:00'),(594,'TRX062024.0205','BR011','68000','0000-00-00 00:00:00'),(595,'TRX062024.0205','BR025','78000','0000-00-00 00:00:00'),(596,'TRX062024.0206','BR091','4000','0000-00-00 00:00:00'),(597,'TRX062024.0206','BR172','3000','0000-00-00 00:00:00'),(598,'TRX062024.0207','BR149','9000','0000-00-00 00:00:00'),(599,'TRX062024.0207','BR017','28000','0000-00-00 00:00:00'),(600,'TRX062024.0208','BR235','22000','0000-00-00 00:00:00'),(601,'TRX062024.0209','BR026','30000','0000-00-00 00:00:00'),(602,'TRX062024.0210','BR224','34000','0000-00-00 00:00:00'),(603,'TRX062024.0211','BR160','20000','0000-00-00 00:00:00'),(604,'TRX062024.0212','BR218','17000','0000-00-00 00:00:00'),(605,'TRX062024.0212','BR011','35000','0000-00-00 00:00:00'),(606,'TRX062024.0212','BR117','2400','0000-00-00 00:00:00'),(607,'TRX062024.0212','BR220','17000','0000-00-00 00:00:00'),(608,'TRX062024.0212','BR015','28000','0000-00-00 00:00:00'),(609,'TRX062024.0213','BR018','21000','0000-00-00 00:00:00'),(610,'TRX062024.0214','BR195','16000','0000-00-00 00:00:00'),(611,'TRX062024.0214','BR201','110000','0000-00-00 00:00:00'),(612,'TRX062024.0215','BR020','31000','0000-00-00 00:00:00'),(613,'TRX062024.0216','BR264','172500','0000-00-00 00:00:00'),(614,'TRX062024.0217','BR147','9000','0000-00-00 00:00:00'),(615,'TRX062024.0217','BR121','9000','0000-00-00 00:00:00'),(616,'TRX062024.0218','BR263','20000','0000-00-00 00:00:00'),(617,'TRX062024.0219','BR263','20000','0000-00-00 00:00:00'),(618,'TRX062024.0220','BR218','30000','0000-00-00 00:00:00'),(619,'TRX062024.0220','BR275','2000','0000-00-00 00:00:00'),(620,'TRX062024.0220','BR108','2000','0000-00-00 00:00:00'),(621,'TRX062024.0220','BR161','12000','0000-00-00 00:00:00'),(622,'TRX062024.0220','BR159','7000','0000-00-00 00:00:00'),(623,'TRX062024.0220','BR085','12000','0000-00-00 00:00:00'),(624,'TRX062024.0220','BR148','2000','0000-00-00 00:00:00'),(625,'TRX062024.0220','BR154','3000','0000-00-00 00:00:00'),(626,'TRX062024.0220','BR093','1000','0000-00-00 00:00:00'),(627,'TRX062024.0220','BR126','500','0000-00-00 00:00:00'),(628,'TRX062024.0220','BR097','2000','0000-00-00 00:00:00'),(629,'TRX062024.0220','BR254','2500','0000-00-00 00:00:00'),(630,'TRX062024.0220','BR009','408000','0000-00-00 00:00:00'),(631,'TRX062024.0220','BR020','30000','0000-00-00 00:00:00'),(632,'TRX062024.0220','BR168','9000','0000-00-00 00:00:00'),(633,'TRX062024.0220','BR149','8000','0000-00-00 00:00:00'),(634,'TRX062024.0220','BR117','1000','0000-00-00 00:00:00'),(635,'TRX062024.0220','BR136','2000','0000-00-00 00:00:00'),(636,'TRX062024.0220','BR089','2000','0000-00-00 00:00:00'),(637,'TRX062024.0220','BR278','3000','0000-00-00 00:00:00'),(638,'TRX062024.0220','BR021','25000','0000-00-00 00:00:00'),(639,'TRX062024.0220','BR022','34000','0000-00-00 00:00:00'),(640,'TRX062024.0221','BR220','15000','0000-00-00 00:00:00'),(641,'TRX062024.0221','BR019','25000','0000-00-00 00:00:00'),(642,'TRX062024.0222','BR168','3000','0000-00-00 00:00:00'),(643,'TRX062024.0222','BR010','28000','0000-00-00 00:00:00'),(644,'TRX062024.0223','BR009','102000','0000-00-00 00:00:00'),(645,'TRX062024.0224','BR254','3000','0000-00-00 00:00:00'),(646,'TRX062024.0225','BR149','9000','0000-00-00 00:00:00'),(647,'TRX062024.0225','BR026','30000','0000-00-00 00:00:00'),(648,'TRX062024.0226','BR252','35000','0000-00-00 00:00:00'),(649,'TRX062024.0227','BR022','18000','0000-00-00 00:00:00'),(650,'TRX062024.0228','BR018','22000','0000-00-00 00:00:00'),(651,'TRX062024.0228','BR021','26000','0000-00-00 00:00:00'),(652,'TRX062024.0228','BR017','28000','0000-00-00 00:00:00'),(653,'TRX062024.0229','BR168','3000','0000-00-00 00:00:00'),(654,'TRX062024.0230','BR195','32000','0000-00-00 00:00:00'),(655,'TRX062024.0231','BR177','25000','0000-00-00 00:00:00'),(656,'TRX062024.0232','BR009','35000','0000-00-00 00:00:00'),(657,'TRX062024.0232','BR015','28000','0000-00-00 00:00:00'),(658,'TRX062024.0232','BR006','34000','0000-00-00 00:00:00'),(659,'TRX062024.0233','BR176','9000','0000-00-00 00:00:00'),(660,'TRX062024.0233','BR091','8000','0000-00-00 00:00:00'),(661,'TRX062024.0233','BR006','15000','0000-00-00 00:00:00'),(662,'TRX062024.0234','BR220','17000','0000-00-00 00:00:00'),(663,'TRX062024.0235','BR043','96000','0000-00-00 00:00:00'),(664,'TRX062024.0235','BR207','6000','0000-00-00 00:00:00'),(665,'TRX062024.0235','BR208','20000','0000-00-00 00:00:00'),(666,'TRX062024.0235','BR168','3000','0000-00-00 00:00:00'),(667,'TRX062024.0235','BR174','3000','0000-00-00 00:00:00'),(668,'TRX062024.0236','BR235','11000','0000-00-00 00:00:00'),(669,'TRX062024.0236','BR282','22000','0000-00-00 00:00:00'),(670,'TRX062024.0236','BR198','12000','0000-00-00 00:00:00'),(671,'TRX062024.0237','BR283','166000','0000-00-00 00:00:00'),(672,'TRX062024.0238','BR018','21000','0000-00-00 00:00:00'),(673,'TRX062024.0239','BR170','18000','0000-00-00 00:00:00'),(674,'TRX062024.0239','BR022','68000','0000-00-00 00:00:00'),(675,'TRX062024.0239','BR182','3000','0000-00-00 00:00:00'),(676,'TRX062024.0239','BR164','10000','0000-00-00 00:00:00'),(677,'TRX062024.0239','BR278','3000','0000-00-00 00:00:00'),(678,'TRX062024.0239','BR086','2000','0000-00-00 00:00:00'),(679,'TRX062024.0239','BR171','3000','0000-00-00 00:00:00'),(680,'TRX062024.0239','BR159','7000','0000-00-00 00:00:00'),(681,'TRX062024.0239','BR006','75000','0000-00-00 00:00:00'),(682,'TRX062024.0239','BR241','20000','0000-00-00 00:00:00'),(683,'TRX062024.0239','BR179','30000','0000-00-00 00:00:00'),(684,'TRX062024.0239','BR025','40000','0000-00-00 00:00:00'),(685,'TRX062024.0239','BR218','15000','0000-00-00 00:00:00'),(686,'TRX062024.0239','BR168','3000','0000-00-00 00:00:00'),(687,'TRX062024.0239','BR009','34000','0000-00-00 00:00:00'),(688,'TRX062024.0240','BR234','28000','0000-00-00 00:00:00'),(689,'TRX062024.0240','BR011','35000','0000-00-00 00:00:00'),(690,'TRX062024.0241','BR153','72000','0000-00-00 00:00:00'),(691,'TRX062024.0241','BR233','50000','0000-00-00 00:00:00'),(692,'TRX062024.0242','BR233','18000','0000-00-00 00:00:00'),(693,'TRX062024.0243','BR233','18000','0000-00-00 00:00:00'),(694,'TRX062024.0244','BR258','45000','0000-00-00 00:00:00'),(695,'TRX062024.0245','BR267','28000','0000-00-00 00:00:00'),(696,'TRX062024.0246','BR256','25000','0000-00-00 00:00:00'),(697,'TRX062024.0247','BR262','15000','0000-00-00 00:00:00'),(698,'TRX062024.0248','BR263','20000','0000-00-00 00:00:00'),(702,'TRX062024.0251','BR282','40000','0000-00-00 00:00:00'),(703,'TRX062024.0252','BR241','22000','0000-00-00 00:00:00'),(704,'TRX062024.0252','BR233','18000','0000-00-00 00:00:00'),(705,'TRX062024.0252','BR220','17000','0000-00-00 00:00:00'),(706,'TRX062024.0252','BR011','35000','0000-00-00 00:00:00'),(707,'TRX062024.0252','BR235','11000','0000-00-00 00:00:00'),(708,'TRX062024.0252','BR254','9000','0000-00-00 00:00:00'),(709,'TRX062024.0252','BR169','3000','0000-00-00 00:00:00'),(710,'TRX062024.0252','BR022','18000','0000-00-00 00:00:00'),(711,'TRX062024.0253','BR009','35000','0000-00-00 00:00:00'),(712,'TRX062024.0254','BR043','48000','0000-00-00 00:00:00'),(713,'TRX062024.0254','BR065','84000','0000-00-00 00:00:00'),(714,'TRX062024.0254','BR154','48000','0000-00-00 00:00:00'),(715,'TRX062024.0255','BR173','3000','0000-00-00 00:00:00'),(716,'TRX062024.0255','BR018','22000','0000-00-00 00:00:00'),(717,'TRX062024.0256','BR220','17000','0000-00-00 00:00:00'),(718,'TRX062024.0257','BR153','3000','0000-00-00 00:00:00'),(719,'TRX062024.0258','BR168','6000','0000-00-00 00:00:00'),(720,'TRX062024.0258','BR010','28000','0000-00-00 00:00:00'),(721,'TRX062024.0258','BR022','18000','0000-00-00 00:00:00'),(722,'TRX062024.0259','BR152','3000','0000-00-00 00:00:00'),(723,'TRX062024.0259','BR172','3000','0000-00-00 00:00:00'),(724,'TRX062024.0260','BR026','30000','0000-00-00 00:00:00'),(725,'TRX062024.0260','BR149','9000','0000-00-00 00:00:00'),(726,'TRX062024.0261','BR018','21000','0000-00-00 00:00:00'),(727,'TRX062024.0262','BR009','35000','0000-00-00 00:00:00'),(728,'TRX062024.0263','BR006','17000','0000-00-00 00:00:00'),(729,'TRX062024.0263','BR208','12000','0000-00-00 00:00:00'),(730,'TRX062024.0263','BR258','32000','0000-00-00 00:00:00'),(731,'TRX062024.0264','BR153','3000','0000-00-00 00:00:00'),(732,'TRX062024.0264','BR105','1000','0000-00-00 00:00:00'),(733,'TRX062024.0265','BR014','45000','0000-00-00 00:00:00'),(734,'TRX062024.0265','BR168','3000','0000-00-00 00:00:00'),(735,'TRX062024.0266','BR020','31000','0000-00-00 00:00:00'),(736,'TRX062024.0267','BR177','25000','0000-00-00 00:00:00'),(737,'TRX062024.0268','BR177','25000','0000-00-00 00:00:00'),(738,'TRX062024.0269','BR010','28000','0000-00-00 00:00:00'),(739,'TRX062024.0270','BR256','25000','0000-00-00 00:00:00'),(740,'TRX062024.0271','BR256','25000','0000-00-00 00:00:00'),(741,'TRX062024.0272','BR245','30000','0000-00-00 00:00:00'),(742,'TRX062024.0273','BR017','27000','0000-00-00 00:00:00'),(743,'TRX062024.0273','BR022','51000','0000-00-00 00:00:00'),(744,'TRX062024.0273','BR170','3000','0000-00-00 00:00:00'),(745,'TRX062024.0273','BR019','25000','0000-00-00 00:00:00'),(746,'TRX062024.0273','BR009','136000','0000-00-00 00:00:00'),(747,'TRX062024.0273','BR220','15000','0000-00-00 00:00:00'),(748,'TRX062024.0274','BR009','35000','0000-00-00 00:00:00'),(749,'TRX062024.0275','BR120','7000','0000-00-00 00:00:00'),(750,'TRX062024.0276','BR010','27000','0000-00-00 00:00:00'),(751,'TRX062024.0276','BR218','15000','0000-00-00 00:00:00'),(752,'TRX062024.0276','BR163','12000','0000-00-00 00:00:00'),(753,'TRX062024.0276','BR018','21000','0000-00-00 00:00:00'),(754,'TRX062024.0276','BR019','25000','0000-00-00 00:00:00'),(755,'TRX062024.0277','BR218','17000','0000-00-00 00:00:00'),(756,'TRX062024.0277','BR009','35000','0000-00-00 00:00:00'),(757,'TRX062024.0277','BR021','26000','0000-00-00 00:00:00'),(758,'TRX062024.0278','BR026','30000','0000-00-00 00:00:00'),(759,'TRX062024.0279','BR168','3000','0000-00-00 00:00:00'),(760,'TRX062024.0279','BR025','40000','0000-00-00 00:00:00'),(761,'TRX062024.0279','BR117','2000','0000-00-00 00:00:00'),(762,'TRX062024.0279','BR170','3000','0000-00-00 00:00:00'),(763,'TRX062024.0279','BR021','25000','0000-00-00 00:00:00'),(764,'TRX062024.0280','BR174','3000','0000-00-00 00:00:00'),(765,'TRX062024.0281','BR006','17000','0000-00-00 00:00:00'),(766,'TRX062024.0281','BR254','12000','0000-00-00 00:00:00'),(767,'TRX062024.0281','BR149','9000','0000-00-00 00:00:00'),(768,'TRX062024.0281','BR233','18000','0000-00-00 00:00:00'),(769,'TRX062024.0282','BR218','45000','0000-00-00 00:00:00'),(770,'TRX062024.0282','BR230','37000','0000-00-00 00:00:00'),(771,'TRX062024.0282','BR019','25000','0000-00-00 00:00:00'),(772,'TRX062024.0282','BR160','9000','0000-00-00 00:00:00'),(773,'TRX062024.0282','BR226','12000','0000-00-00 00:00:00'),(774,'TRX062024.0283','BR018','22000','0000-00-00 00:00:00'),(775,'TRX062024.0284','BR168','3000','0000-00-00 00:00:00'),(776,'TRX062024.0284','BR152','3000','0000-00-00 00:00:00'),(777,'TRX062024.0284','BR022','18000','0000-00-00 00:00:00'),(778,'TRX062024.0285','BR075','16000','0000-00-00 00:00:00'),(779,'TRX062024.0285','BR220','17000','0000-00-00 00:00:00'),(780,'TRX062024.0285','BR117','6000','0000-00-00 00:00:00'),(781,'TRX062024.0285','BR093','6000','0000-00-00 00:00:00'),(782,'TRX062024.0285','BR154','48000','2024-06-27 15:36:38'),(783,'TRX062024.0286','BR117','6000','0000-00-00 00:00:00'),(784,'TRX062024.0286','BR153','72000','0000-00-00 00:00:00'),(785,'TRX062024.0286','BR260','26000','0000-00-00 00:00:00'),(786,'TRX062024.0287','BR153','9000','0000-00-00 00:00:00'),(787,'TRX062024.0287','BR168','3000','0000-00-00 00:00:00'),(788,'TRX062024.0287','BR259','59000','0000-00-00 00:00:00'),(789,'TRX062024.0288','BR075','16000','2024-06-27 15:37:34'),(790,'TRX062024.0289','BR220','15000','0000-00-00 00:00:00'),(791,'TRX062024.0290','BR218','17000','0000-00-00 00:00:00'),(792,'TRX062024.0291','BR168','3000','0000-00-00 00:00:00'),(793,'TRX062024.0292','BR168','3000','0000-00-00 00:00:00'),(794,'TRX062024.0292','BR214','8000','0000-00-00 00:00:00'),(795,'TRX062024.0292','BR020','30000','0000-00-00 00:00:00'),(796,'TRX062024.0293','BR018','21000','0000-00-00 00:00:00'),(797,'TRX062024.0294','BR013','41000','0000-00-00 00:00:00'),(798,'TRX062024.0294','BR248','21000','0000-00-00 00:00:00'),(799,'TRX062024.0295','BR093','2000','0000-00-00 00:00:00'),(800,'TRX062024.0295','BR174','3000','0000-00-00 00:00:00'),(801,'TRX062024.0296','BR093','12000','0000-00-00 00:00:00'),(802,'TRX062024.0296','BR177','25000','0000-00-00 00:00:00'),(803,'TRX062024.0297','BR065','60000','0000-00-00 00:00:00'),(804,'TRX062024.0298','BR018','22000','0000-00-00 00:00:00'),(805,'TRX062024.0298','BR011','35000','0000-00-00 00:00:00'),(806,'TRX062024.0299','BR014','45000','0000-00-00 00:00:00'),(807,'TRX062024.0299','BR168','3000','0000-00-00 00:00:00'),(808,'TRX062024.0300','BR248','21000','0000-00-00 00:00:00'),(809,'TRX062024.0301','BR239','37000','0000-00-00 00:00:00'),(810,'TRX062024.0302','BR263','20000','0000-00-00 00:00:00'),(811,'TRX062024.0303','BR285','317500','0000-00-00 00:00:00'),(812,'TRX062024.0303','BR269','60000','0000-00-00 00:00:00'),(813,'TRX062024.0304','BR170','6000','0000-00-00 00:00:00'),(814,'TRX062024.0304','BR182','3000','0000-00-00 00:00:00'),(815,'TRX062024.0304','BR017','27000','0000-00-00 00:00:00'),(816,'TRX062024.0304','BR022','51000','0000-00-00 00:00:00'),(817,'TRX062024.0304','BR103','3000','0000-00-00 00:00:00'),(818,'TRX062024.0304','BR025','40000','0000-00-00 00:00:00'),(819,'TRX062024.0304','BR194','2000','0000-00-00 00:00:00'),(820,'TRX062024.0304','BR117','1000','0000-00-00 00:00:00'),(821,'TRX062024.0304','BR254','5000','0000-00-00 00:00:00'),(822,'TRX062024.0304','BR087','500','0000-00-00 00:00:00'),(823,'TRX062024.0304','BR108','2000','0000-00-00 00:00:00'),(824,'TRX062024.0304','BR021','25000','0000-00-00 00:00:00'),(825,'TRX062024.0304','BR125','5000','0000-00-00 00:00:00'),(826,'TRX062024.0304','BR208','4000','0000-00-00 00:00:00'),(827,'TRX062024.0305','BR255','6000','0000-00-00 00:00:00'),(828,'TRX062024.0306','BR018','21000','0000-00-00 00:00:00'),(829,'TRX062024.0307','BR026','30000','0000-00-00 00:00:00'),(830,'TRX062024.0307','BR149','9000','0000-00-00 00:00:00'),(831,'TRX062024.0308','BR107','10000','0000-00-00 00:00:00'),(832,'TRX062024.0309','BR010','28000','0000-00-00 00:00:00'),(833,'TRX062024.0309','BR168','3000','0000-00-00 00:00:00'),(834,'TRX062024.0309','BR286','5500','0000-00-00 00:00:00'),(835,'TRX062024.0310','BR195','16000','0000-00-00 00:00:00'),(836,'TRX062024.0311','BR011','35000','0000-00-00 00:00:00'),(837,'TRX062024.0311','BR220','17000','0000-00-00 00:00:00'),(838,'TRX062024.0311','BR235','11000','0000-00-00 00:00:00'),(839,'TRX062024.0311','BR252','76000','0000-00-00 00:00:00'),(840,'TRX062024.0312','BR147','8000','0000-00-00 00:00:00'),(841,'TRX062024.0312','BR093','2000','0000-00-00 00:00:00'),(842,'TRX062024.0312','BR092','2000','0000-00-00 00:00:00'),(843,'TRX062024.0313','BR065','12000','0000-00-00 00:00:00'),(844,'TRX062024.0313','BR136','3000','0000-00-00 00:00:00'),(845,'TRX062024.0313','BR084','3000','0000-00-00 00:00:00'),(846,'TRX062024.0314','BR018','21000','0000-00-00 00:00:00'),(847,'TRX062024.0315','BR015','28000','0000-00-00 00:00:00'),(848,'TRX062024.0315','BR006','17000','0000-00-00 00:00:00'),(849,'TRX062024.0316','BR239','98000','0000-00-00 00:00:00'),(850,'TRX062024.0317','BR265','17000','0000-00-00 00:00:00');
/*!40000 ALTER TABLE `rincian` ENABLE KEYS */;
UNLOCK TABLES;

--
-- Table structure for table `satuan`
--

DROP TABLE IF EXISTS `satuan`;
/*!40101 SET @saved_cs_client     = @@character_set_client */;
/*!40101 SET character_set_client = utf8 */;
CREATE TABLE `satuan` (
  `id_satuan` int(11) NOT NULL AUTO_INCREMENT,
  `nama_satuan` varchar(255) NOT NULL,
  `status_satuan` enum('AKTIF','TIDAK') NOT NULL,
  `tgl_input` datetime NOT NULL DEFAULT current_timestamp(),
  PRIMARY KEY (`id_satuan`)
) ENGINE=InnoDB AUTO_INCREMENT=22 DEFAULT CHARSET=utf8mb4;
/*!40101 SET character_set_client = @saved_cs_client */;

--
-- Dumping data for table `satuan`
--

LOCK TABLES `satuan` WRITE;
/*!40000 ALTER TABLE `satuan` DISABLE KEYS */;
INSERT INTO `satuan` VALUES (13,'GLS','AKTIF','2024-05-02 11:00:48'),(14,'PCS','AKTIF','2024-05-02 11:00:51'),(15,'BKS','AKTIF','2024-05-06 09:18:38'),(16,'BTL','AKTIF','2024-05-06 09:18:41'),(17,'DUS','AKTIF','2024-05-06 09:18:49'),(18,'RIM','AKTIF','2024-05-06 09:18:52'),(19,'LBR','AKTIF','2024-05-06 09:18:57'),(20,'3pcs','AKTIF','2024-05-16 09:17:30'),(21,'Paket','AKTIF','2024-06-06 20:10:33');
/*!40000 ALTER TABLE `satuan` ENABLE KEYS */;
UNLOCK TABLES;

--
-- Table structure for table `supplier`
--

DROP TABLE IF EXISTS `supplier`;
/*!40101 SET @saved_cs_client     = @@character_set_client */;
/*!40101 SET character_set_client = utf8 */;
CREATE TABLE `supplier` (
  `id_supplier` varchar(255) NOT NULL,
  `nama_supplier` varchar(255) NOT NULL,
  `telepon` varchar(255) NOT NULL,
  `alamat` varchar(255) NOT NULL,
  `status` varchar(255) NOT NULL,
  PRIMARY KEY (`id_supplier`)
) ENGINE=InnoDB DEFAULT CHARSET=utf8mb4;
/*!40101 SET character_set_client = @saved_cs_client */;

--
-- Dumping data for table `supplier`
--

LOCK TABLES `supplier` WRITE;
/*!40000 ALTER TABLE `supplier` DISABLE KEYS */;
INSERT INTO `supplier` VALUES ('8238ba91e52bfe1b41db220716beb44cb8e64f17','Pasar','088888','Pasar Singaparna','AKTIF');
/*!40000 ALTER TABLE `supplier` ENABLE KEYS */;
UNLOCK TABLES;

--
-- Table structure for table `toko`
--

DROP TABLE IF EXISTS `toko`;
/*!40101 SET @saved_cs_client     = @@character_set_client */;
/*!40101 SET character_set_client = utf8 */;
CREATE TABLE `toko` (
  `id_toko` int(11) NOT NULL AUTO_INCREMENT,
  `nama_toko` varchar(255) NOT NULL,
  `alamat_toko` text NOT NULL,
  `tlp` varchar(255) NOT NULL,
  `nama_pemilik` varchar(255) NOT NULL,
  PRIMARY KEY (`id_toko`)
) ENGINE=InnoDB AUTO_INCREMENT=2 DEFAULT CHARSET=latin1;
/*!40101 SET character_set_client = @saved_cs_client */;

--
-- Dumping data for table `toko`
--

LOCK TABLES `toko` WRITE;
/*!40000 ALTER TABLE `toko` DISABLE KEYS */;
INSERT INTO `toko` VALUES (1,'KPRI Sawangan','Bappelitbangda Kab. Tasikmalaya','085161584626','Kopsaw Bappelitbangda Kab. Tasikmalaya');
/*!40000 ALTER TABLE `toko` ENABLE KEYS */;
UNLOCK TABLES;
/*!40103 SET TIME_ZONE=@OLD_TIME_ZONE */;

/*!40101 SET SQL_MODE=@OLD_SQL_MODE */;
/*!40014 SET FOREIGN_KEY_CHECKS=@OLD_FOREIGN_KEY_CHECKS */;
/*!40014 SET UNIQUE_CHECKS=@OLD_UNIQUE_CHECKS */;
/*!40101 SET CHARACTER_SET_CLIENT=@OLD_CHARACTER_SET_CLIENT */;
/*!40101 SET CHARACTER_SET_RESULTS=@OLD_CHARACTER_SET_RESULTS */;
/*!40101 SET COLLATION_CONNECTION=@OLD_COLLATION_CONNECTION */;
/*!40111 SET SQL_NOTES=@OLD_SQL_NOTES */;

-- Dump completed on 2024-07-02 14:30:50
