"PJ062024.0001","BR169","1200","3000","1","TRX062024.0001","3","9000","2024-06-05 15:03:35"
"PJ062024.0002","BR021","22900","25000","1","TRX062024.0001","1","25000","2024-06-05 15:03:35"
"PJ062024.0003","BR018","18200","21000","1","TRX062024.0001","1","21000","2024-06-05 15:03:35"
"PJ062024.0004","BR011","31000","33000","1","TRX062024.0001","2","66000","2024-06-05 15:03:35"
"PJ062024.0005","BR160","7500","9000","1","TRX062024.0001","1","9000","2024-06-05 15:03:35"
"PJ062024.0006","BR195","12000","15000","1","TRX062024.0001","1","15000","2024-06-05 15:03:35"
"PJ062024.0007","BR161","2500","3000","1","TRX062024.0001","5","15000","2024-06-05 15:03:35"
"PJ062024.0008","BR016","36650","38000","1","TRX062024.0001","2","76000","2024-06-05 15:03:35"
"PJ062024.0009","BR019","19300","25000","1","TRX062024.0001","3","75000","2024-06-05 15:03:35"
"PJ062024.0010","BR233","30000","33000","1","TRX062024.0002","1","33000","2024-06-05 15:08:39"
"PJ062024.0011","BR195","12000","15000","1","TRX062024.0003","1","15000","2024-06-05 15:13:24"
"PJ062024.0012","BR117","900","1200","1","TRX062024.0004","4","4800","2024-06-05 16:11:00"
"PJ062024.0013","BR160","7500","9000","1","TRX062024.0004","1","9000","2024-06-05 16:11:00"
"PJ062024.0014","BR154","875","1500","1","TRX062024.0004","5","7500","2024-06-05 16:11:00"
"PJ062024.0015","BR153","1708","3000","1","TRX062024.0005","8","24000","2024-06-05 16:17:01"
"PJ062024.0016","BR006","8250","15000","1","TRX062024.0005","2","34000","2024-06-05 16:17:01"
"PJ062024.0017","BR235","8000","10000","1","TRX062024.0005","4","44000","2024-06-05 16:17:01"
"PJ062024.0018","BR236","25000","35000","1","TRX062024.0005","1","35000","2024-06-05 16:17:01"
"PJ062024.0019","BR168","891","3000","1","TRX062024.0006","1","3000","2024-06-05 16:18:41"
"PJ062024.0020","BR237","5000","8000","1","TRX062024.0006","1","8000","2024-06-05 16:18:41"
"PJ062024.0021","BR006","8250","15000","1","TRX062024.0007","1","17000","2024-06-05 16:22:02"
"PJ062024.0022","BR011","31000","33000","1","TRX062024.0007","1","34000","2024-06-05 16:22:02"
"PJ062024.0023","BR238","20000","23000","1","TRX062024.0007","1","23000","2024-06-05 16:22:02"
"PJ062024.0024","BR220","6100","15000","1","TRX062024.0008","2","30000","2024-06-05 16:23:25"
"PJ062024.0025","BR026","26500","29000","1","TRX062024.0009","1","30000","2024-06-05 16:26:18"
"PJ062024.0026","BR218","5650","15000","1","TRX062024.0010","4","60000","2024-06-05 16:28:21"
"PJ062024.0027","BR025","36650","39000","1","TRX062024.0010","1","39000","2024-06-05 16:28:21"
"PJ062024.0028","BR006","8250","15000","1","TRX062024.0011","2","34000","2024-06-05 16:29:45"
"PJ062024.0029","BR168","891","3000","1","TRX062024.0012","1","3000","2024-06-05 16:31:29"
"PJ062024.0030","BR165","3333","5000","1","TRX062024.0012","1","5500","2024-06-05 16:31:29"
"PJ062024.0031","BR173","1350","3000","1","TRX062024.0012","1","3000","2024-06-05 16:31:29"
"PJ062024.0032","BR022","14750","16500","1","TRX062024.0013","1","18000","2024-06-05 16:32:59"
"PJ062024.0033","BR174","1150","3000","1","TRX062024.0014","1","3000","2024-06-05 19:42:54"
"PJ062024.0034","BR224","5900","15000","1","TRX062024.0014","1","15000","2024-06-05 19:42:54"
"PJ062024.0035","BR238","20000","23000","1","TRX062024.0015","1","23000","2024-06-05 19:45:25"
"PJ062024.0036","BR168","891","3000","1","TRX062024.0016","5","15000","2024-06-05 19:49:13"
"PJ062024.0037","BR018","18200","21000","1","TRX062024.0016","1","21000","2024-06-05 19:49:13"
"PJ062024.0038","BR013","36300","39000","1","TRX062024.0016","1","39000","2024-06-05 19:49:13"
"PJ062024.0039","BR164","3200","5000","1","TRX062024.0016","1","5000","2024-06-05 19:49:13"
"PJ062024.0040","BR203","9000","10000","1","TRX062024.0016","1","10000","2024-06-05 19:49:13"
"PJ062024.0041","BR091","3000","4000","1","TRX062024.0016","1","4000","2024-06-05 19:49:13"
"PJ062024.0042","BR117","900","1000","1","TRX062024.0016","3","3000","2024-06-05 19:49:13"
"PJ062024.0043","BR168","891","3000","1","TRX062024.0017","1","3000","2024-06-05 19:50:31"
"PJ062024.0044","BR195","12000","15000","1","TRX062024.0018","1","16000","2024-06-05 19:53:58"
"PJ062024.0045","BR239","34000","44000","1","TRX062024.0019","1","44000","2024-06-05 19:56:07"
"PJ062024.0046","BR240","17000","27000","1","TRX062024.0020","1","27000","2024-06-05 19:58:33"
"PJ062024.0047","BR241","8000","10000","1","TRX062024.0021","1","11000","2024-06-05 20:03:44"
"PJ062024.0048","BR235","8000","10000","1","TRX062024.0021","1","11000","2024-06-05 20:03:44"
"PJ062024.0049","BR006","8250","15000","1","TRX062024.0021","1","17000","2024-06-05 20:03:44"
"PJ062024.0050","BR220","6100","15000","1","TRX062024.0021","1","17000","2024-06-05 20:03:44"
"PJ062024.0051","BR234","185000","195000","1","TRX062024.0021","1","195000","2024-06-05 20:03:44"
"PJ062024.0052","BR226","5350","12000","1","TRX062024.0021","2","28000","2024-06-05 20:03:44"
"PJ062024.0053","BR233","45000","55000","1","TRX062024.0021","1","55000","2024-06-05 20:03:44"
"PJ062024.0054","BR218","5650","15000","1","TRX062024.0022","3","51000","2024-06-05 20:05:06"
"PJ062024.0055","BR017","24500","27000","1","TRX062024.0023","3","81000","2024-06-05 20:14:30"
"PJ062024.0056","BR170","1200","3000","1","TRX062024.0023","2","6000","2024-06-05 20:14:30"
"PJ062024.0057","BR168","891","3000","1","TRX062024.0023","2","6000","2024-06-05 20:14:30"
"PJ062024.0058","BR164","3200","5000","1","TRX062024.0023","3","15000","2024-06-05 20:14:30"
"PJ062024.0059","BR023","35100","38000","1","TRX062024.0023","1","38000","2024-06-05 20:14:30"
"PJ062024.0060","BR009","31700","34000","1","TRX062024.0023","1","34000","2024-06-05 20:14:30"
"PJ062024.0061","BR108","1800","2000","1","TRX062024.0023","1","2000","2024-06-05 20:14:30"
"PJ062024.0062","BR086","1800","2000","1","TRX062024.0023","1","2000","2024-06-05 20:14:30"
"PJ062024.0063","BR218","5650","15000","1","TRX062024.0023","1","15000","2024-06-05 20:14:30"
"PJ062024.0064","BR025","36650","39000","1","TRX062024.0023","2","78000","2024-06-05 20:14:30"
"PJ062024.0065","BR022","14750","17000","1","TRX062024.0023","4","68000","2024-06-05 20:14:30"
"PJ062024.0066","BR026","26500","29000","1","TRX062024.0024","1","30000","2024-06-05 20:23:54"
"PJ062024.0067","BR085","4400","6000","1","TRX062024.0025","1","6000","2024-06-06 11:00:46"
"PJ062024.0068","BR168","891","3000","1","TRX062024.0025","1","3000","2024-06-06 11:00:46"
"PJ062024.0069","BR220","6100","15000","1","TRX062024.0026","1","15000","2024-06-06 11:02:00"
"PJ062024.0070","BR117","900","1000","1","TRX062024.0026","1","1000","2024-06-06 11:02:00"
"PJ062024.0071","BR009","31700","34000","1","TRX062024.0026","1","34000","2024-06-06 11:02:00"
"PJ062024.0072","BR011","31000","33000","1","TRX062024.0027","1","34000","2024-06-06 15:46:26"
"PJ062024.0073","BR215","6650","15000","1","TRX062024.0027","1","17000","2024-06-06 15:46:26"
"PJ062024.0074","BR242","30000","33000","1","TRX062024.0027","1","33000","2024-06-06 15:46:26"
"PJ062024.0075","BR168","891","3000","1","TRX062024.0028","1","3000","2024-06-06 15:47:42"
"PJ062024.0076","BR014","41100","43000","1","TRX062024.0028","1","45000","2024-06-06 15:47:42"
"PJ062024.0077","BR170","1200","3000","1","TRX062024.0029","1","3000","2024-06-06 15:49:27"
"PJ062024.0078","BR170","1200","3000","1","TRX062024.0030","1","3000","2024-06-06 15:56:14"
"PJ062024.0079","BR216","3050","12000","1","TRX062024.0031","1","14000","2024-06-06 16:08:58"
"PJ062024.0080","BR224","5900","15000","1","TRX062024.0031","2","34000","2024-06-06 16:08:58"
"PJ062024.0081","BR226","5350","12000","1","TRX062024.0031","1","14000","2024-06-06 16:08:58"
"PJ062024.0082","BR195","12000","15000","1","TRX062024.0031","1","16000","2024-06-06 16:08:58"
"PJ062024.0083","BR154","875","1500","1","TRX062024.0031","24","48000","2024-06-06 16:08:58"
"PJ062024.0084","BR177","23000","25000","1","TRX062024.0031","1","25000","2024-06-06 16:08:58"
"PJ062024.0085","BR243","187500","227500","1","TRX062024.0031","1","227500","2024-06-06 16:08:58"
"PJ062024.0086","BR244","12000","22000","1","TRX062024.0031","1","22000","2024-06-06 16:08:58"
"PJ062024.0087","BR011","31000","33000","1","TRX062024.0032","2","68000","2024-06-06 19:53:33"
"PJ062024.0088","BR173","1350","3000","1","TRX062024.0032","2","6000","2024-06-06 19:53:33"
"PJ062024.0089","BR170","1200","3000","1","TRX062024.0032","2","6000","2024-06-06 19:53:33"
"PJ062024.0090","BR022","14750","17000","1","TRX062024.0032","2","36000","2024-06-06 19:53:33"
"PJ062024.0091","BR164","3200","5000","1","TRX062024.0032","1","6000","2024-06-06 19:53:33"
"PJ062024.0092","BR083","4500","8500","1","TRX062024.0032","1","9000","2024-06-06 19:53:33"
"PJ062024.0093","BR174","1150","3000","1","TRX062024.0032","2","6000","2024-06-06 19:53:33"
"PJ062024.0094","BR245","95000","105000","1","TRX062024.0032","1","105000","2024-06-06 19:53:33"
"PJ062024.0095","BR153","1708","3000","1","TRX062024.0033","1","3000","2024-06-06 19:55:03"
"PJ062024.0096","BR240","17000","27000","1","TRX062024.0033","1","27000","2024-06-06 19:55:03"
"PJ062024.0097","BR015","23850","26000","1","TRX062024.0034","1","28000","2024-06-06 19:56:30"
"PJ062024.0098","BR167","3333","5000","1","TRX062024.0034","1","6000","2024-06-06 19:56:30"
"PJ062024.0099","BR226","5350","12000","1","TRX062024.0035","1","14000","2024-06-06 19:57:46"
"PJ062024.0100","BR043","40400","45000","1","TRX062024.0036","1","48000","2024-06-06 19:58:41"
"PJ062024.0101","BR044","46000","50000","1","TRX062024.0037","1","53000","2024-06-06 20:00:53"
"PJ062024.0102","BR220","6100","15000","1","TRX062024.0037","3","51000","2024-06-06 20:00:53"
"PJ062024.0103","BR218","5650","15000","1","TRX062024.0037","1","17000","2024-06-06 20:00:53"
"PJ062024.0104","BR177","23000","25000","1","TRX062024.0037","1","25000","2024-06-06 20:00:53"
"PJ062024.0105","BR006","8250","15000","1","TRX062024.0038","5","85000","2024-06-06 20:05:08"
"PJ062024.0106","BR224","5900","15000","1","TRX062024.0038","1","17000","2024-06-06 20:05:08"
"PJ062024.0107","BR168","891","3000","1","TRX062024.0038","1","3000","2024-06-06 20:05:08"
"PJ062024.0108","BR220","6100","15000","1","TRX062024.0038","2","34000","2024-06-06 20:05:08"
"PJ062024.0109","BR236","25000","35000","1","TRX062024.0038","1","35000","2024-06-06 20:05:08"
"PJ062024.0110","BR152","2458","3000","1","TRX062024.0039","1","3000","2024-06-06 20:06:26"
"PJ062024.0111","BR159","5500","7000","1","TRX062024.0040","1","7500","2024-06-06 20:07:34"
"PJ062024.0112","BR011","31000","33000","1","TRX062024.0041","1","34000","2024-06-06 20:08:17"
"PJ062024.0113","BR026","26500","29000","1","TRX062024.0042","1","30000","2024-06-06 20:08:55"
"PJ062024.0114","BR247","55000","58000","1","TRX062024.0043","1","58000","2024-06-06 20:13:04"
"PJ062024.0115","BR248","18000","21000","1","TRX062024.0043","1","21000","2024-06-06 20:13:04"
"PJ062024.0116","BR249","18000","28000","1","TRX062024.0044","1","28000","2024-06-06 20:15:17"
"PJ062024.0117","BR019","19300","25000","1","TRX062024.0045","1","26000","2024-06-06 20:15:50"
"PJ062024.0118","BR011","31000","33000","1","TRX062024.0046","1","33000","2024-06-06 20:19:12"
"PJ062024.0119","BR018","18200","21000","1","TRX062024.0046","2","42000","2024-06-06 20:19:12"
"PJ062024.0120","BR021","22900","25000","1","TRX062024.0046","4","100000","2024-06-06 20:19:12"
"PJ062024.0121","BR169","1200","3000","1","TRX062024.0046","6","18000","2024-06-06 20:19:12"
"PJ062024.0122","BR173","1350","3000","1","TRX062024.0046","1","3000","2024-06-06 20:19:12"
"PJ062024.0123","BR015","23850","26000","1","TRX062024.0047","1","26000","2024-06-06 20:20:01"
"PJ062024.0124","BR159","5500","7000","1","TRX062024.0048","4","28000","2024-06-06 20:32:22"
"PJ062024.0125","BR153","1708","3000","1","TRX062024.0048","1","3000","2024-06-06 20:32:22"
"PJ062024.0126","BR139","1750","2000","1","TRX062024.0048","1","2000","2024-06-06 20:32:22"
"PJ062024.0127","BR175","1250","3000","1","TRX062024.0048","1","3000","2024-06-06 20:32:22"
"PJ062024.0128","BR190","650","1500","1","TRX062024.0048","1","1500","2024-06-06 20:32:22"
"PJ062024.0129","BR152","2458","3000","1","TRX062024.0048","1","3000","2024-06-06 20:32:22"
"PJ062024.0130","BR101","875","1000","1","TRX062024.0048","1","1000","2024-06-06 20:32:22"
"PJ062024.0131","BR127","1750","2000","1","TRX062024.0048","2","4000","2024-06-06 20:32:22"
"PJ062024.0132","BR086","1800","2000","1","TRX062024.0048","1","2000","2024-06-06 20:32:22"
"PJ062024.0133","BR102","1800","2000","1","TRX062024.0048","1","2000","2024-06-06 20:32:22"
"PJ062024.0134","BR250","25000","30000","1","TRX062024.0048","2","60000","2024-06-06 20:32:22"
"PJ062024.0135","BR170","1200","3000","1","TRX062024.0048","1","3000","2024-06-06 20:32:22"
"PJ062024.0136","BR022","14750","17000","1","TRX062024.0048","2","34000","2024-06-06 20:32:22"
"PJ062024.0137","BR009","31700","34000","1","TRX062024.0048","3","102000","2024-06-06 20:32:22"
"PJ062024.0138","BR017","24500","27000","1","TRX062024.0048","2","54000","2024-06-06 20:32:22"
"PJ062024.0139","BR168","891","3000","1","TRX062024.0048","3","9000","2024-06-06 20:32:22"
"PJ062024.0140","BR174","1150","3000","1","TRX062024.0048","2","6000","2024-06-06 20:32:22"
"PJ062024.0141","BR218","5650","15000","1","TRX062024.0048","2","30000","2024-06-06 20:32:22"
"PJ062024.0142","BR025","36650","39000","1","TRX062024.0048","1","39000","2024-06-06 20:32:22"
"PJ062024.0143","BR024","13300","15000","1","TRX062024.0048","1","15000","2024-06-06 20:32:22"
"PJ062024.0144","BR108","1800","2000","1","TRX062024.0048","1","2000","2024-06-06 20:32:22"
"PJ062024.0145","BR094","1700","2000","1","TRX062024.0048","1","2000","2024-06-06 20:32:22"
"PJ062024.0146","BR084","1800","2000","1","TRX062024.0048","2","4000","2024-06-06 20:32:22"
"PJ062024.0147","BR162","7500","10000","1","TRX062024.0048","1","10000","2024-06-06 20:32:22"
"PJ062024.0148","BR117","900","1000","1","TRX062024.0048","5","5000","2024-06-06 20:32:22"
"PJ062024.0149","BR155","5500","7000","1","TRX062024.0048","1","7000","2024-06-06 20:32:22"
"PJ062024.0150","BR251","75000","80000","1","TRX062024.0048","1","80000","2024-06-06 20:32:22"
"PJ062024.0151","BR006","8250","15000","1","TRX062024.0049","1","15000","2024-06-06 20:33:16"
"PJ062024.0152","BR215","6650","15000","1","TRX062024.0049","1","15000","2024-06-06 20:33:16"
"PJ062024.0153","BR220","6100","15000","1","TRX062024.0050","1","15000","2024-06-07 19:47:46"
"PJ062024.0154","BR241","8000","10000","1","TRX062024.0051","2","22000","2024-06-07 19:52:18"
"PJ062024.0155","BR235","8000","10000","1","TRX062024.0051","2","22000","2024-06-07 19:52:18"
"PJ062024.0156","BR252","30000","35000","1","TRX062024.0051","1","37000","2024-06-07 19:52:18"
"PJ062024.0157","BR182","1800","3000","1","TRX062024.0051","1","3200","2024-06-07 19:52:18"
"PJ062024.0158","BR021","22900","25000","1","TRX062024.0052","1","27000","2024-06-07 19:54:25"
"PJ062024.0159","BR220","6100","15000","1","TRX062024.0052","1","17000","2024-06-07 19:54:25"
"PJ062024.0160","BR241","8000","10000","1","TRX062024.0052","1","11000","2024-06-07 19:54:25"
"PJ062024.0161","BR177","23000","25000","1","TRX062024.0053","1","25000","2024-06-07 19:59:12"
"PJ062024.0162","BR168","891","3000","1","TRX062024.0053","1","3000","2024-06-07 19:59:12"
"PJ062024.0163","BR153","1708","3000","1","TRX062024.0053","3","9000","2024-06-07 19:59:12"
"PJ062024.0164","BR009","31700","34000","1","TRX062024.0053","1","35000","2024-06-07 19:59:12"
"PJ062024.0165","BR010","24200","27000","1","TRX062024.0053","1","28000","2024-06-07 19:59:12"
"PJ062024.0166","BR018","18200","21000","1","TRX062024.0053","1","22000","2024-06-07 19:59:12"
"PJ062024.0167","BR230","34000","37000","1","TRX062024.0053","1","38000","2024-06-07 19:59:12"
"PJ062024.0168","BR021","22900","25000","1","TRX062024.0053","1","26000","2024-06-07 19:59:12"
"PJ062024.0169","BR220","6100","15000","1","TRX062024.0054","1","17000","2024-06-07 20:00:01"
"PJ062024.0170","BR014","41950","44000","1","TRX062024.0055","1","45000","2024-06-07 20:01:16"
"PJ062024.0171","BR168","891","3000","1","TRX062024.0055","1","3000","2024-06-07 20:01:16"
"PJ062024.0172","BR218","5650","15000","1","TRX062024.0056","1","17000","2024-06-07 20:02:37"
"PJ062024.0173","BR009","31700","34000","1","TRX062024.0056","1","35000","2024-06-07 20:02:37"
"PJ062024.0174","BR152","2458","3000","1","TRX062024.0056","1","3000","2024-06-07 20:02:37"
"PJ062024.0175","BR117","900","1000","1","TRX062024.0056","1","1100","2024-06-07 20:02:37"
"PJ062024.0176","BR250","25000","30000","1","TRX062024.0057","2","64000","2024-06-07 20:04:11"
"PJ062024.0177","BR195","12000","15000","1","TRX062024.0058","1","16000","2024-06-07 20:05:23"
"PJ062024.0178","BR006","8250","15000","1","TRX062024.0059","1","17000","2024-06-07 20:06:14"
"PJ062024.0179","BR241","8000","11000","1","TRX062024.0060","1","11000","2024-06-07 20:08:28"
"PJ062024.0180","BR195","12000","15000","1","TRX062024.0060","1","16000","2024-06-07 20:08:28"
"PJ062024.0181","BR093","900","1000","1","TRX062024.0061","1","1100","2024-06-07 20:11:35"
"PJ062024.0182","BR253","10000","13000","1","TRX062024.0061","1","13000","2024-06-07 20:11:35"
"PJ062024.0183","BR026","26500","29000","1","TRX062024.0062","1","30000","2024-06-07 20:12:12"
"PJ062024.0184","BR168","891","3000","1","TRX062024.0063","1","3000","2024-06-07 20:13:03"
"PJ062024.0185","BR254","2000","2500","1","TRX062024.0064","3","7500","2024-06-07 20:19:57"
"PJ062024.0186","BR158","3166","5000","1","TRX062024.0064","1","5000","2024-06-07 20:19:57"
"PJ062024.0187","BR087","400","500","1","TRX062024.0064","1","500","2024-06-07 20:19:57"
"PJ062024.0188","BR103","1200","3000","1","TRX062024.0064","1","3000","2024-06-07 20:19:57"
"PJ062024.0189","BR164","3200","5000","1","TRX062024.0064","2","10000","2024-06-07 20:19:57"
"PJ062024.0190","BR022","14750","17000","1","TRX062024.0064","4","68000","2024-06-07 20:19:57"
"PJ062024.0191","BR170","1200","3000","1","TRX062024.0064","2","6000","2024-06-07 20:19:57"
"PJ062024.0192","BR182","1800","3000","1","TRX062024.0064","2","6000","2024-06-07 20:19:57"
"PJ062024.0193","BR175","1250","3000","1","TRX062024.0064","2","6000","2024-06-07 20:19:57"
"PJ062024.0194","BR019","19300","25000","1","TRX062024.0064","1","25000","2024-06-07 20:19:57"
"PJ062024.0195","BR009","31700","34000","1","TRX062024.0064","4","136000","2024-06-07 20:19:57"
"PJ062024.0196","BR020","27100","30000","1","TRX062024.0064","1","30000","2024-06-07 20:19:57"
"PJ062024.0197","BR117","900","1000","1","TRX062024.0064","3","3000","2024-06-07 20:19:57"
"PJ062024.0198","BR140","1750","2000","1","TRX062024.0064","2","4000","2024-06-07 20:19:57"
"PJ062024.0199","BR149","6000","8000","1","TRX062024.0064","1","8000","2024-06-07 20:19:57"
"PJ062024.0200","BR188","3328","5000","1","TRX062024.0064","1","5000","2024-06-07 20:19:57"
"PJ062024.0201","BR017","24500","27000","1","TRX062024.0064","1","27000","2024-06-07 20:19:57"
"PJ062024.0202","BR006","8250","15000","1","TRX062024.0065","1","16000","2024-06-07 20:31:14"
"PJ062024.0203","BR013","36300","39000","1","TRX062024.0066","2","78000","2024-06-10 15:43:39"
"PJ062024.0204","BR255","1250","2000","1","TRX062024.0066","6","12000","2024-06-10 15:43:39"
"PJ062024.0205","BR118","3250","4000","1","TRX062024.0066","2","8000","2024-06-10 15:43:39"
"PJ062024.0206","BR022","14750","17000","1","TRX062024.0067","1","18000","2024-06-10 16:00:21"
"PJ062024.0207","BR168","1250","3000","1","TRX062024.0067","1","3000","2024-06-10 16:00:21"
"PJ062024.0208","BR220","6100","15000","1","TRX062024.0068","1","17000","2024-06-10 16:12:29"
"PJ062024.0209","BR065","10000","11000","1","TRX062024.0069","2","22000","2024-06-10 16:13:17"
"PJ062024.0210","BR065","10000","11000","1","TRX062024.0070","2","22000","2024-06-10 16:23:37"
"PJ062024.0211","BR178","30000","40000","1","TRX062024.0071","1","40000","2024-06-10 16:25:19"
"PJ062024.0212","BR028","9000","11000","1","TRX062024.0072","1","12000","2024-06-10 16:25:56"
"PJ062024.0213","BR153","1708","3000","1","TRX062024.0073","7","21000","2024-06-10 16:32:27"
"PJ062024.0214","BR256","15000","25000","1","TRX062024.0073","1","25000","2024-06-10 16:32:27"
"PJ062024.0215","BR257","35000","45000","1","TRX062024.0074","1","45000","2024-06-10 16:34:56"
"PJ062024.0216","BR168","1250","3000","1","TRX062024.0075","2","6000","2024-06-10 16:39:13"
"PJ062024.0217","BR173","1350","3000","1","TRX062024.0075","1","3000","2024-06-10 16:39:13"
"PJ062024.0218","BR043","40400","45000","1","TRX062024.0075","1","48000","2024-06-10 16:39:13"
"PJ062024.0219","BR044","46000","50000","1","TRX062024.0075","1","53000","2024-06-10 16:39:13"
"PJ062024.0220","BR069","1791","5000","1","TRX062024.0075","1","8500","2024-06-10 16:39:13"
"PJ062024.0221","BR051","370","1000","1","TRX062024.0075","10","20000","2024-06-10 16:39:13"
"PJ062024.0222","BR118","3250","4000","1","TRX062024.0076","1","4500","2024-06-10 16:39:56"
"PJ062024.0223","BR168","1250","3000","1","TRX062024.0077","1","3000","2024-06-10 16:41:45"
"PJ062024.0224","BR014","41950","44000","1","TRX062024.0077","1","45000","2024-06-10 16:41:45"
"PJ062024.0225","BR026","26500","29000","1","TRX062024.0078","2","60000","2024-06-10 16:42:42"
"PJ062024.0226","BR195","12000","15000","1","TRX062024.0079","1","15000","2024-06-10 16:44:33"
"PJ062024.0227","BR051","370","1000","1","TRX062024.0079","10","20000","2024-06-10 16:44:33"
"PJ062024.0228","BR009","31700","34000","1","TRX062024.0080","1","34000","2024-06-10 16:48:04"
"PJ062024.0229","BR168","1250","3000","1","TRX062024.0080","1","3000","2024-06-10 16:48:04"
"PJ062024.0230","BR017","24500","27000","1","TRX062024.0080","1","27000","2024-06-10 16:48:04"
"PJ062024.0231","BR258","12000","12000","1","TRX062024.0080","1","12000","2024-06-10 16:48:04"
"PJ062024.0232","BR259","11500","12500","1","TRX062024.0081","75","937500","2024-06-10 20:00:04"
"PJ062024.0233","BR226","5350","12000","1","TRX062024.0081","1","14000","2024-06-10 20:00:04"
"PJ062024.0234","BR218","5650","15000","1","TRX062024.0081","2","34000","2024-06-10 20:00:04"
"PJ062024.0235","BR224","5900","15000","1","TRX062024.0081","2","34000","2024-06-10 20:00:04"
"PJ062024.0236","BR168","1250","3000","1","TRX062024.0081","4","12000","2024-06-10 20:00:04"
"PJ062024.0237","BR220","6100","15000","1","TRX062024.0081","2","34000","2024-06-10 20:00:04"
"PJ062024.0238","BR153","1708","3000","1","TRX062024.0081","7","21000","2024-06-10 20:00:04"
"PJ062024.0239","BR006","8250","15000","1","TRX062024.0081","1","17000","2024-06-10 20:00:04"
"PJ062024.0240","BR170","1200","3000","1","TRX062024.0081","2","6000","2024-06-10 20:00:04"
"PJ062024.0241","BR174","1150","3000","1","TRX062024.0081","1","3000","2024-06-10 20:00:04"
"PJ062024.0242","BR127","1750","2000","1","TRX062024.0082","2","4400","2024-06-10 20:01:10"
"PJ062024.0243","BR220","6100","15000","1","TRX062024.0083","1","17000","2024-06-10 20:01:44"
"PJ062024.0244","BR207","1200","3000","1","TRX062024.0084","1","3000","2024-06-10 20:02:44"
"PJ062024.0245","BR208","1200","4000","1","TRX062024.0084","7","28000","2024-06-10 20:02:44"
"PJ062024.0246","BR010","24200","27000","1","TRX062024.0085","2","56000","2024-06-10 20:04:51"
"PJ062024.0247","BR015","24350","27000","1","TRX062024.0085","1","28000","2024-06-10 20:04:51"
"PJ062024.0248","BR260","16000","19000","1","TRX062024.0085","1","19000","2024-06-10 20:04:51"
"PJ062024.0249","BR065","10000","11000","1","TRX062024.0086","1","12000","2024-06-10 20:05:25"
"PJ062024.0250","BR018","18200","21000","1","TRX062024.0087","1","22000","2024-06-10 20:05:59"
"PJ062024.0251","BR009","31700","34000","1","TRX062024.0088","1","35000","2024-06-10 20:06:31"
"PJ062024.0252","BR093","900","1000","1","TRX062024.0089","2","2000","2024-06-10 20:07:19"
"PJ062024.0253","BR235","8000","10000","1","TRX062024.0089","1","10000","2024-06-10 20:07:19"
"PJ062024.0254","BR262","12000","15000","1","TRX062024.0090","1","15000","2024-06-10 20:11:56"
"PJ062024.0255","BR241","8000","10000","1","TRX062024.0090","1","11000","2024-06-10 20:11:56"
"PJ062024.0256","BR235","8000","10000","1","TRX062024.0090","1","11000","2024-06-10 20:11:56"
"PJ062024.0257","BR011","31000","33000","1","TRX062024.0091","1","34000","2024-06-10 20:13:11"
"PJ062024.0258","BR261","8000","11000","1","TRX062024.0092","1","11000","2024-06-10 20:14:13"
"PJ062024.0259","BR168","1250","3000","1","TRX062024.0093","1","3000","2024-06-10 20:22:05"
"PJ062024.0260","BR024","13300","15000","1","TRX062024.0093","1","15000","2024-06-10 20:22:05"
"PJ062024.0261","BR250","25000","30000","1","TRX062024.0093","3","90000","2024-06-10 20:22:05"
"PJ062024.0262","BR098","875","2000","1","TRX062024.0093","2","4000","2024-06-10 20:22:05"
"PJ062024.0263","BR101","875","1000","1","TRX062024.0093","3","3000","2024-06-10 20:22:05"
"PJ062024.0264","BR109","540","650","1","TRX062024.0093","4","2600","2024-06-10 20:22:05"
"PJ062024.0265","BR017","24500","27000","1","TRX062024.0093","1","27000","2024-06-10 20:22:05"
"PJ062024.0266","BR175","1250","3000","1","TRX062024.0093","1","3000","2024-06-10 20:22:05"
"PJ062024.0267","BR205","9000","10000","1","TRX062024.0093","1","10000","2024-06-10 20:22:06"
"PJ062024.0268","BR018","18200","21000","1","TRX062024.0093","1","21000","2024-06-10 20:22:06"
"PJ062024.0269","BR022","14750","17000","1","TRX062024.0093","3","51000","2024-06-10 20:22:06"
"PJ062024.0270","BR025","36650","39000","1","TRX062024.0093","1","39000","2024-06-10 20:22:06"
"PJ062024.0271","BR193","500","1000","1","TRX062024.0093","4","4000","2024-06-10 20:22:06"
"PJ062024.0272","BR117","900","1000","1","TRX062024.0093","5","5000","2024-06-10 20:22:06"
"PJ062024.0273","BR263","18000","18000","1","TRX062024.0093","1","18000","2024-06-10 20:22:06"
"PJ062024.0274","BR009","31700","34000","1","TRX062024.0094","4","136000","2024-06-11 15:01:47"
"PJ062024.0275","BR174","1150","3000","1","TRX062024.0094","5","15000","2024-06-11 15:01:47"
"PJ062024.0276","BR230","34000","37000","1","TRX062024.0094","1","37000","2024-06-11 15:01:47"
"PJ062024.0277","BR022","14750","17000","1","TRX062024.0094","1","17000","2024-06-11 15:01:47"
"PJ062024.0278","BR220","6100","15000","1","TRX062024.0094","1","15000","2024-06-11 15:01:47"
"PJ062024.0279","BR232","4750","18000","1","TRX062024.0094","1","18000","2024-06-11 15:01:47"
"PJ062024.0280","BR168","1250","3000","1","TRX062024.0095","1","3000","2024-06-11 15:05:03"
"PJ062024.0281","BR117","900","1000","1","TRX062024.0095","4","4800","2024-06-11 15:05:03"
"PJ062024.0282","BR170","1200","3000","1","TRX062024.0095","1","3000","2024-06-11 15:05:03"
"PJ062024.0283","BR026","26500","29000","1","TRX062024.0095","1","30000","2024-06-11 15:05:03"
"PJ062024.0284","BR025","36650","39000","1","TRX062024.0095","1","40000","2024-06-11 15:05:03"
"PJ062024.0285","BR021","22900","25000","1","TRX062024.0095","1","26000","2024-06-11 15:05:03"
"PJ062024.0286","BR168","1250","3000","1","TRX062024.0096","1","3000","2024-06-11 15:05:50"
"PJ062024.0287","BR152","2458","3000","1","TRX062024.0097","1","3000","2024-06-11 15:06:47"
"PJ062024.0288","BR175","1250","3000","1","TRX062024.0097","1","3000","2024-06-11 15:06:47"
"PJ062024.0289","BR087","400","500","1","TRX062024.0097","2","1000","2024-06-11 15:06:48"
"PJ062024.0290","BR006","8250","15000","1","TRX062024.0098","5","75000","2024-06-11 15:08:23"
"PJ062024.0291","BR224","5900","15000","1","TRX062024.0098","3","45000","2024-06-11 15:08:23"
"PJ062024.0292","BR159","5500","7000","1","TRX062024.0098","1","7000","2024-06-11 15:08:23"
"PJ062024.0293","BR168","1250","3000","1","TRX062024.0099","1","3000","2024-06-11 15:09:38"
"PJ062024.0294","BR020","27100","30000","1","TRX062024.0099","1","30000","2024-06-11 15:09:38"
"PJ062024.0295","BR235","8000","11000","1","TRX062024.0100","1","11000","2024-06-11 15:18:04"
"PJ062024.0296","BR011","31000","34000","1","TRX062024.0100","2","68000","2024-06-11 15:18:04"
"PJ062024.0297","BR254","2000","3000","1","TRX062024.0100","4","12000","2024-06-11 15:18:04"
"PJ062024.0298","BR006","8250","17000","1","TRX062024.0100","1","17000","2024-06-11 15:18:04"
"PJ062024.0299","BR238","20000","23000","1","TRX062024.0100","1","23000","2024-06-11 15:18:04"
"PJ062024.0300","BR170","1200","3000","1","TRX062024.0101","2","6000","2024-06-11 15:20:10"
"PJ062024.0301","BR264","75000","85000","1","TRX062024.0101","1","85000","2024-06-11 15:20:10"
"PJ062024.0302","BR081","2000","5000","1","TRX062024.0102","1","6000","2024-06-11 15:20:50"
"PJ062024.0303","BR091","3000","4000","1","TRX062024.0103","2","8000","2024-06-11 15:21:48"
"PJ062024.0304","BR149","6000","8000","1","TRX062024.0103","1","9000","2024-06-11 15:21:48"
"PJ062024.0305","BR265","14000","17000","1","TRX062024.0104","1","17000","2024-06-11 15:24:01"
"PJ062024.0306","BR177","23000","25000","1","TRX062024.0105","1","25000","2024-06-11 15:25:41"
"PJ062024.0307","BR220","6100","15000","1","TRX062024.0106","1","17000","2024-06-11 15:34:27"
"PJ062024.0308","BR218","5650","15000","1","TRX062024.0106","2","34000","2024-06-11 15:34:27"
"PJ062024.0309","BR153","1708","3000","1","TRX062024.0107","1","3000","2024-06-11 15:41:46"
"PJ062024.0310","BR115","1750","2000","1","TRX062024.0107","1","2000","2024-06-11 15:41:46"
"PJ062024.0311","BR102","1800","2000","1","TRX062024.0107","1","2000","2024-06-11 15:41:46"
"PJ062024.0312","BR220","6100","15000","1","TRX062024.0107","1","15000","2024-06-11 15:41:46"
"PJ062024.0313","BR218","5650","15000","1","TRX062024.0107","5","75000","2024-06-11 15:41:46"
"PJ062024.0314","BR164","3200","5000","1","TRX062024.0107","1","5000","2024-06-11 15:41:46"
"PJ062024.0315","BR228","7050","20000","1","TRX062024.0107","1","20000","2024-06-11 15:41:46"
"PJ062024.0316","BR022","14750","17000","1","TRX062024.0107","2","34000","2024-06-11 15:41:46"
"PJ062024.0317","BR010","24200","27000","1","TRX062024.0107","1","27000","2024-06-11 15:41:47"
"PJ062024.0318","BR065","10000","11000","1","TRX062024.0107","1","11000","2024-06-11 15:41:47"
"PJ062024.0319","BR168","1250","3000","1","TRX062024.0108","2","6000","2024-06-12 15:06:35"
"PJ062024.0320","BR014","41950","44000","1","TRX062024.0108","2","88000","2024-06-12 15:06:35"
"PJ062024.0321","BR093","900","1000","1","TRX062024.0109","5","5000","2024-06-12 15:08:55"
"PJ062024.0322","BR107","7500","9000","1","TRX062024.0109","1","9000","2024-06-12 15:08:55"
"PJ062024.0323","BR153","1708","3000","1","TRX062024.0109","1","3000","2024-06-12 15:08:55"
"PJ062024.0324","BR020","27100","30000","1","TRX062024.0110","1","31000","2024-06-12 15:09:29"
"PJ062024.0325","BR152","2458","3000","1","TRX062024.0111","1","3000","2024-06-12 15:09:55"
"PJ062024.0326","BR006","8250","15000","1","TRX062024.0112","1","15000","2024-06-12 15:11:23"
"PJ062024.0327","BR011","31000","33000","1","TRX062024.0112","1","33000","2024-06-12 15:11:23"
"PJ062024.0328","BR053","1370","3000","1","TRX062024.0113","1","3000","2024-06-12 15:11:53"
"PJ062024.0329","BR011","31000","33000","1","TRX062024.0114","2","68000","2024-06-12 15:13:25"
"PJ062024.0330","BR220","6100","15000","1","TRX062024.0114","1","15000","2024-06-12 15:13:25"
"PJ062024.0331","BR241","8000","10000","1","TRX062024.0114","1","11000","2024-06-12 15:13:25"
"PJ062024.0332","BR154","875","1500","1","TRX062024.0115","120","240000","2024-06-12 15:18:15"
"PJ062024.0333","BR153","1708","3000","1","TRX062024.0115","4","12000","2024-06-12 15:18:15"
"PJ062024.0334","BR018","18200","21000","1","TRX062024.0115","1","22000","2024-06-12 15:18:15"
"PJ062024.0335","BR017","24500","27000","1","TRX062024.0115","1","28000","2024-06-12 15:18:15"
"PJ062024.0336","BR241","8000","10000","1","TRX062024.0115","1","11000","2024-06-12 15:18:15"
"PJ062024.0337","BR235","8000","10000","1","TRX062024.0115","1","11000","2024-06-12 15:18:15"
"PJ062024.0338","BR018","18200","21000","1","TRX062024.0116","1","21000","2024-06-12 15:18:55"
"PJ062024.0339","BR147","7000","8000","1","TRX062024.0117","1","9000","2024-06-12 15:19:47"
"PJ062024.0340","BR235","8000","10000","1","TRX062024.0118","1","11000","2024-06-12 15:24:38"
"PJ062024.0341","BR006","8250","15000","1","TRX062024.0119","1","15000","2024-06-12 15:25:15"
"PJ062024.0342","BR164","3200","5000","1","TRX062024.0120","2","10000","2024-06-12 15:29:08"
"PJ062024.0343","BR170","1200","3000","1","TRX062024.0120","5","15000","2024-06-12 15:29:08"
"PJ062024.0344","BR022","14750","17000","1","TRX062024.0120","3","51000","2024-06-12 15:29:08"
"PJ062024.0345","BR009","31700","34000","1","TRX062024.0120","3","102000","2024-06-12 15:29:08"
"PJ062024.0346","BR013","36300","39000","1","TRX062024.0120","1","39000","2024-06-12 15:29:08"
"PJ062024.0347","BR018","18200","21000","1","TRX062024.0120","1","21000","2024-06-12 15:29:08"
"PJ062024.0348","BR161","2500","3000","1","TRX062024.0120","4","12000","2024-06-12 15:29:08"
"PJ062024.0349","BR159","5500","7000","1","TRX062024.0120","1","7000","2024-06-12 15:29:08"
"PJ062024.0350","BR006","8250","15000","1","TRX062024.0120","3","45000","2024-06-12 15:29:08"
"PJ062024.0351","BR021","22900","25000","1","TRX062024.0120","1","25000","2024-06-12 15:29:08"
"PJ062024.0352","BR117","900","1000","1","TRX062024.0120","5","5000","2024-06-12 15:29:08"
"PJ062024.0353","BR117","900","1000","1","TRX062024.0121","1","1200","2024-06-13 14:54:45"
"PJ062024.0354","BR254","2000","2500","1","TRX062024.0121","1","3000","2024-06-13 14:54:45"
"PJ062024.0355","BR172","1058","3000","1","TRX062024.0122","1","3000","2024-06-13 14:55:27"
"PJ062024.0356","BR152","2458","3000","1","TRX062024.0122","2","6000","2024-06-13 14:55:27"
"PJ062024.0357","BR011","31000","33000","1","TRX062024.0123","1","34000","2024-06-13 14:56:08"
"PJ062024.0358","BR025","36650","39000","1","TRX062024.0124","1","40000","2024-06-13 14:58:18"
"PJ062024.0359","BR006","8250","15000","1","TRX062024.0125","1","17000","2024-06-13 15:00:48"
"PJ062024.0360","BR252","30000","35000","1","TRX062024.0125","1","35000","2024-06-13 15:00:48"
"PJ062024.0361","BR241","8000","10000","1","TRX062024.0125","1","11000","2024-06-13 15:00:48"
"PJ062024.0362","BR176","1900","3000","1","TRX062024.0126","1","3000","2024-06-13 15:01:17"
"PJ062024.0363","BR220","6100","15000","1","TRX062024.0127","1","15000","2024-06-13 15:02:20"
"PJ062024.0364","BR152","2458","3000","1","TRX062024.0128","2","6000","2024-06-13 15:03:01"
"PJ062024.0365","BR175","1250","3000","1","TRX062024.0128","1","3000","2024-06-13 15:03:01"
"PJ062024.0366","BR013","36300","39000","1","TRX062024.0129","2","78000","2024-06-13 15:03:48"
"PJ062024.0367","BR018","18200","21000","1","TRX062024.0130","1","21000","2024-06-13 15:04:17"
"PJ062024.0368","BR168","1250","3000","1","TRX062024.0131","1","3000","2024-06-13 15:10:02"
"PJ062024.0369","BR010","24200","27000","1","TRX062024.0131","1","28000","2024-06-13 15:10:02"
"PJ062024.0370","BR152","2458","3000","1","TRX062024.0131","1","3000","2024-06-13 15:10:02"
"PJ062024.0371","BR168","1250","3000","1","TRX062024.0132","1","3000","2024-06-13 15:11:08"
"PJ062024.0372","BR014","41950","44000","1","TRX062024.0132","1","45000","2024-06-13 15:11:08"
"PJ062024.0373","BR168","1250","3000","1","TRX062024.0133","1","3000","2024-06-13 15:12:00"
"PJ062024.0374","BR009","31700","34000","1","TRX062024.0133","1","35000","2024-06-13 15:12:01"
"PJ062024.0375","BR152","2458","3000","1","TRX062024.0133","1","3000","2024-06-13 15:12:01"
"PJ062024.0376","BR177","23000","25000","1","TRX062024.0134","1","25000","2024-06-13 15:12:55"
"PJ062024.0377","BR076","3750","6000","1","TRX062024.0134","1","7000","2024-06-13 15:12:55"
"PJ062024.0378","BR177","23000","25000","1","TRX062024.0135","2","50000","2024-06-13 15:13:53"
"PJ062024.0379","BR006","8250","15000","1","TRX062024.0136","1","15000","2024-06-13 15:14:26"
"PJ062024.0380","BR065","10000","11000","1","TRX062024.0137","8","88000","2024-06-13 15:15:26"
"PJ062024.0381","BR026","26500","29000","1","TRX062024.0138","1","30000","2024-06-13 15:17:36"
"PJ062024.0382","BR253","10000","13000","1","TRX062024.0138","1","13000","2024-06-13 15:17:36"
"PJ062024.0383","BR266","5000","8000","1","TRX062024.0139","1","8000","2024-06-13 15:18:09"
"PJ062024.0384","BR239","34000","44000","1","TRX062024.0140","1","44000","2024-06-13 15:19:11"
"PJ062024.0385","BR267","25000","25000","1","TRX062024.0141","1","25000","2024-06-13 15:20:49"
"PJ062024.0386","BR175","1250","3000","1","TRX062024.0142","1","3000","2024-06-13 15:25:49"
"PJ062024.0387","BR149","6000","8000","1","TRX062024.0142","1","8000","2024-06-13 15:25:49"
"PJ062024.0388","BR218","5650","15000","1","TRX062024.0142","1","15000","2024-06-13 15:25:49"
"PJ062024.0389","BR022","14750","17000","1","TRX062024.0142","3","51000","2024-06-13 15:25:49"
"PJ062024.0390","BR170","1200","3000","1","TRX062024.0142","1","3000","2024-06-13 15:25:49"
"PJ062024.0391","BR009","31700","34000","1","TRX062024.0142","3","102000","2024-06-13 15:25:49"
"PJ062024.0392","BR101","875","1000","1","TRX062024.0142","1","1000","2024-06-13 15:25:49"
"PJ062024.0393","BR164","3200","5000","1","TRX062024.0142","1","5000","2024-06-13 15:25:49"
"PJ062024.0394","BR250","25000","30000","1","TRX062024.0142","2","60000","2024-06-13 15:25:49"
"PJ062024.0395","BR230","34000","37000","1","TRX062024.0142","1","37000","2024-06-13 15:25:49"
"PJ062024.0396","BR013","36300","39000","1","TRX062024.0142","1","39000","2024-06-13 15:25:49"
"PJ062024.0397","BR154","875","1500","1","TRX062024.0142","4","6000","2024-06-13 15:25:49"
"PJ062024.0398","BR152","2458","3000","1","TRX062024.0143","1","3000","2024-06-14 14:45:52"
"PJ062024.0399","BR134","5500","7000","1","TRX062024.0143","1","8000","2024-06-14 14:45:52"
"PJ062024.0400","BR121","7000","8000","1","TRX062024.0143","1","9000","2024-06-14 14:45:52"
"PJ062024.0401","BR147","7000","8000","1","TRX062024.0143","1","9000","2024-06-14 14:45:52"
"PJ062024.0402","BR026","26500","29000","1","TRX062024.0144","1","30000","2024-06-14 14:46:20"
"PJ062024.0403","BR091","3000","4000","1","TRX062024.0145","2","9000","2024-06-14 14:47:08"
"PJ062024.0404","BR153","1708","3000","1","TRX062024.0145","1","3000","2024-06-14 14:47:08"
"PJ062024.0405","BR153","1708","3000","1","TRX062024.0146","14","42000","2024-06-14 14:49:41"
"PJ062024.0406","BR117","900","1000","1","TRX062024.0146","24","28800","2024-06-14 14:49:41"
"PJ062024.0407","BR093","900","1000","1","TRX062024.0146","16","19200","2024-06-14 14:49:41"
"PJ062024.0408","BR163","9500","12000","1","TRX062024.0147","4","52000","2024-06-14 14:50:37"
"PJ062024.0409","BR025","36650","40000","1","TRX062024.0148","2","80000","2024-06-14 14:52:48"
"PJ062024.0410","BR011","31000","34000","1","TRX062024.0148","1","34000","2024-06-14 14:52:48"
"PJ062024.0411","BR022","14750","17000","1","TRX062024.0148","1","18000","2024-06-14 14:52:48"
"PJ062024.0412","BR006","8250","15000","1","TRX062024.0148","1","17000","2024-06-14 14:52:48"
"PJ062024.0413","BR168","1250","3000","1","TRX062024.0149","1","3000","2024-06-14 14:54:16"
"PJ062024.0414","BR220","6100","15000","1","TRX062024.0150","1","17000","2024-06-14 14:55:04"
"PJ062024.0415","BR019","19300","25000","1","TRX062024.0150","1","26000","2024-06-14 14:55:04"
"PJ062024.0416","BR178","30000","40000","1","TRX062024.0151","1","40000","2024-06-14 14:56:31"
"PJ062024.0417","BR256","15000","25000","1","TRX062024.0151","1","25000","2024-06-14 14:56:31"
"PJ062024.0418","BR256","15000","25000","1","TRX062024.0152","1","25000","2024-06-14 14:56:58"
"PJ062024.0419","BR268","195000","235000","1","TRX062024.0153","1","235000","2024-06-14 14:58:14"
"PJ062024.0420","BR269","120000","130000","1","TRX062024.0154","1","130000","2024-06-14 15:00:55"
"PJ062024.0421","BR022","14750","17000","1","TRX062024.0155","1","18000","2024-06-14 15:01:21"
"PJ062024.0422","BR270","155000","158000","1","TRX062024.0156","1","158000","2024-06-14 15:02:29"
"PJ062024.0423","BR149","6000","8000","1","TRX062024.0157","1","8000","2024-06-14 15:03:12"
"PJ062024.0424","BR117","900","1000","1","TRX062024.0157","2","2000","2024-06-14 15:03:12"
"PJ062024.0425","BR175","1250","3000","1","TRX062024.0158","4","12000","2024-06-14 15:09:51"
"PJ062024.0426","BR250","25000","30000","1","TRX062024.0158","2","60000","2024-06-14 15:09:51"
"PJ062024.0427","BR087","400","500","1","TRX062024.0158","2","1000","2024-06-14 15:09:51"
"PJ062024.0428","BR126","450","500","1","TRX062024.0158","2","1000","2024-06-14 15:09:51"
"PJ062024.0429","BR129","1750","2000","1","TRX062024.0158","1","2000","2024-06-14 15:09:51"
"PJ062024.0430","BR220","6100","15000","1","TRX062024.0158","1","15000","2024-06-14 15:09:51"
"PJ062024.0431","BR020","27100","30000","1","TRX062024.0158","1","30000","2024-06-14 15:09:51"
"PJ062024.0432","BR006","8250","15000","1","TRX062024.0158","1","15000","2024-06-14 15:09:51"
"PJ062024.0433","BR022","14750","17000","1","TRX062024.0158","6","102000","2024-06-14 15:09:51"
"PJ062024.0434","BR017","24500","27000","1","TRX062024.0158","1","27000","2024-06-14 15:09:51"
"PJ062024.0435","BR117","900","1000","1","TRX062024.0158","2","2000","2024-06-14 15:09:51"
"PJ062024.0436","BR044","46000","50000","1","TRX062024.0159","1","53000","2024-06-14 15:10:21"
"PJ062024.0437","BR266","5000","8000","1","TRX062024.0160","1","8000","2024-06-14 15:11:18"
"PJ062024.0438","BR006","8250","15000","1","TRX062024.0161","1","17000","2024-06-14 15:11:53"
"PJ062024.0439","BR175","1250","3000","1","TRX062024.0162","1","3000","2024-06-14 15:13:20"
"PJ062024.0440","BR087","400","500","1","TRX062024.0162","4","2000","2024-06-14 15:13:20"
"PJ062024.0441","BR258","15000","15000","1","TRX062024.0163","1","15000","2024-06-19 15:24:48"
"PJ062024.0442","BR065","10000","11000","1","TRX062024.0163","1","11000","2024-06-19 15:24:48"
"PJ062024.0443","BR218","5650","15000","1","TRX062024.0164","3","45000","2024-06-19 15:28:10"
"PJ062024.0444","BR019","19300","25000","1","TRX062024.0164","8","200000","2024-06-19 15:28:10"
"PJ062024.0445","BR168","1250","3000","1","TRX062024.0164","3","9000","2024-06-19 15:28:10"
"PJ062024.0446","BR173","1350","3000","1","TRX062024.0164","1","3000","2024-06-19 15:28:10"
"PJ062024.0447","BR009","31700","34000","1","TRX062024.0164","1","34000","2024-06-19 15:28:10"
"PJ062024.0448","BR015","24350","27000","1","TRX062024.0164","1","27000","2024-06-19 15:28:10"
"PJ062024.0449","BR152","2458","3000","1","TRX062024.0164","1","3000","2024-06-19 15:28:10"
"PJ062024.0450","BR263","18000","18000","1","TRX062024.0164","1","18000","2024-06-19 15:28:10"
"PJ062024.0451","BR018","18200","21000","1","TRX062024.0164","1","21000","2024-06-19 15:28:10"
"PJ062024.0452","BR017","24500","27000","1","TRX062024.0165","1","28000","2024-06-19 15:30:04"
"PJ062024.0453","BR018","18200","21000","1","TRX062024.0165","1","22000","2024-06-19 15:30:04"
"PJ062024.0454","BR218","5650","15000","1","TRX062024.0166","4","68000","2024-06-19 15:33:04"
"PJ062024.0455","BR168","1250","3000","1","TRX062024.0166","2","6000","2024-06-19 15:33:04"
"PJ062024.0456","BR153","1708","3000","1","TRX062024.0166","3","9000","2024-06-19 15:33:05"
"PJ062024.0457","BR154","875","1500","1","TRX062024.0166","4","8000","2024-06-19 15:33:05"
"PJ062024.0458","BR043","40400","45000","1","TRX062024.0166","1","48000","2024-06-19 15:33:05"
"PJ062024.0459","BR220","6100","15000","1","TRX062024.0166","1","17000","2024-06-19 15:33:05"
"PJ062024.0460","BR220","6100","15000","1","TRX062024.0167","1","17000","2024-06-19 15:34:27"
"PJ062024.0461","BR235","8000","10000","1","TRX062024.0167","1","11000","2024-06-19 15:34:27"
"PJ062024.0462","BR241","8000","10000","1","TRX062024.0167","1","11000","2024-06-19 15:34:27"
"PJ062024.0463","BR085","4400","6000","1","TRX062024.0167","1","8000","2024-06-19 15:34:27"
"PJ062024.0464","BR177","23000","25000","1","TRX062024.0168","1","25000","2024-06-19 15:36:12"
"PJ062024.0465","BR178","30000","40000","1","TRX062024.0168","2","80000","2024-06-19 15:36:12"
"PJ062024.0466","BR065","10000","11000","1","TRX062024.0168","10","120000","2024-06-19 15:36:12"
"PJ062024.0467","BR011","31450","34000","1","TRX062024.0169","1","35000","2024-06-19 15:37:41"
"PJ062024.0468","BR006","8250","15000","1","TRX062024.0169","1","17000","2024-06-19 15:37:41"
"PJ062024.0469","BR230","34000","37000","1","TRX062024.0169","2","76000","2024-06-19 15:37:41"
"PJ062024.0470","BR230","34000","37000","1","TRX062024.0170","3","114000","2024-06-19 15:39:27"
"PJ062024.0471","BR177","23000","25000","1","TRX062024.0170","1","25000","2024-06-19 15:39:27"
"PJ062024.0472","BR178","30000","40000","1","TRX062024.0170","1","40000","2024-06-19 15:39:27"
"PJ062024.0473","BR271","7500","10000","1","TRX062024.0171","1","10000","2024-06-19 15:41:43"
"PJ062024.0474","BR272","7500","10000","1","TRX062024.0171","1","10000","2024-06-19 15:41:43"
"PJ062024.0475","BR273","6000","9000","1","TRX062024.0171","1","9000","2024-06-19 15:41:43"
"PJ062024.0476","BR274","11000","14000","1","TRX062024.0171","1","14000","2024-06-19 15:41:43"
"PJ062024.0477","BR195","12000","15000","1","TRX062024.0172","1","16000","2024-06-19 15:44:04"
"PJ062024.0478","BR199","4500","5000","1","TRX062024.0172","2","12000","2024-06-19 15:44:04"
"PJ062024.0479","BR108","1800","2000","1","TRX062024.0172","2","6000","2024-06-19 15:44:04"
"PJ062024.0480","BR094","1700","2000","1","TRX062024.0172","2","6000","2024-06-19 15:44:04"
"PJ062024.0481","BR235","8000","10000","1","TRX062024.0172","1","11000","2024-06-19 15:44:04"
"PJ062024.0482","BR220","6100","15000","1","TRX062024.0173","1","17000","2024-06-19 15:45:06"
"PJ062024.0483","BR149","6000","8000","1","TRX062024.0174","1","9000","2024-06-19 15:46:11"
"PJ062024.0484","BR091","3000","4000","1","TRX062024.0174","2","9000","2024-06-19 15:46:11"
"PJ062024.0485","BR201","95000","100000","1","TRX062024.0175","2","200000","2024-06-19 15:49:09"
"PJ062024.0486","BR195","12000","16000","1","TRX062024.0175","1","16000","2024-06-19 15:49:09"
"PJ062024.0487","BR044","46000","53000","1","TRX062024.0175","2","106000","2024-06-19 15:49:09"
"PJ062024.0488","BR048","1650","3500","1","TRX062024.0176","2","8000","2024-06-19 15:49:53"
"PJ062024.0489","BR018","18200","21000","1","TRX062024.0177","1","21000","2024-06-19 15:50:22"
"PJ062024.0490","BR025","36650","39000","1","TRX062024.0178","1","39000","2024-06-19 15:50:47"
"PJ062024.0491","BR009","31700","34000","1","TRX062024.0179","1","34000","2024-06-19 15:52:05"
"PJ062024.0492","BR018","18200","21000","1","TRX062024.0179","1","21000","2024-06-19 15:52:05"
"PJ062024.0493","BR118","3250","4000","1","TRX062024.0180","1","4000","2024-06-20 12:27:58"
"PJ062024.0494","BR017","24500","27000","1","TRX062024.0180","3","81000","2024-06-20 12:27:58"
"PJ062024.0495","BR170","1200","3000","1","TRX062024.0180","1","3000","2024-06-20 12:27:58"
"PJ062024.0496","BR164","3200","5000","1","TRX062024.0180","1","5000","2024-06-20 12:27:58"
"PJ062024.0497","BR175","1250","3000","1","TRX062024.0180","1","3000","2024-06-20 12:27:58"
"PJ062024.0498","BR157","5583","7000","1","TRX062024.0180","3","21000","2024-06-20 12:27:58"
"PJ062024.0499","BR006","8250","15000","1","TRX062024.0180","1","15000","2024-06-20 12:27:58"
"PJ062024.0500","BR125","4500","5000","1","TRX062024.0180","1","5000","2024-06-20 12:27:58"
"PJ062024.0501","BR123","7000","8000","1","TRX062024.0180","1","8000","2024-06-20 12:27:58"
"PJ062024.0502","BR093","900","1000","1","TRX062024.0180","1","1000","2024-06-20 12:27:58"
"PJ062024.0503","BR149","6000","8000","1","TRX062024.0180","1","8000","2024-06-20 12:27:58"
"PJ062024.0504","BR216","3050","12000","1","TRX062024.0180","1","12000","2024-06-20 12:27:58"
"PJ062024.0505","BR020","27100","30000","1","TRX062024.0180","1","30000","2024-06-20 12:27:58"
"PJ062024.0506","BR224","5900","15000","1","TRX062024.0180","1","15000","2024-06-20 12:27:58"
"PJ062024.0507","BR152","2458","3000","1","TRX062024.0180","1","3000","2024-06-20 12:27:58"
"PJ062024.0508","BR009","31700","34000","1","TRX062024.0180","1","34000","2024-06-20 12:27:58"
"PJ062024.0509","BR117","900","1000","1","TRX062024.0180","5","5000","2024-06-20 12:27:58"
"PJ062024.0510","BR022","14750","17000","1","TRX062024.0180","1","17000","2024-06-20 12:27:58"
"PJ062024.0511","BR011","31450","34000","1","TRX062024.0181","1","34000","2024-06-20 12:30:29"
"PJ062024.0512","BR168","1250","3000","1","TRX062024.0181","1","3000","2024-06-20 12:30:29"
"PJ062024.0513","BR153","1708","3000","1","TRX062024.0182","2","6000","2024-06-20 12:32:26"
"PJ062024.0514","BR107","7500","9000","1","TRX062024.0182","1","10000","2024-06-20 12:32:26"
"PJ062024.0515","BR152","2458","3000","1","TRX062024.0183","2","6000","2024-06-20 15:21:04"
"PJ062024.0516","BR175","1250","3000","1","TRX062024.0183","2","6000","2024-06-20 15:21:04"
"PJ062024.0517","BR168","1250","3000","1","TRX062024.0184","1","3000","2024-06-20 15:22:34"
"PJ062024.0518","BR017","24500","27000","1","TRX062024.0184","2","54000","2024-06-20 15:22:34"
"PJ062024.0519","BR117","900","1000","1","TRX062024.0184","5","5000","2024-06-20 15:22:34"
"PJ062024.0520","BR065","10000","11000","1","TRX062024.0184","8","88000","2024-06-20 15:22:34"
"PJ062024.0521","BR011","31450","34000","1","TRX062024.0185","2","70000","2024-06-20 15:24:39"
"PJ062024.0522","BR235","8000","10000","1","TRX062024.0185","1","11000","2024-06-20 15:24:39"
"PJ062024.0523","BR242","30000","33000","1","TRX062024.0185","1","33000","2024-06-20 15:24:39"
"PJ062024.0524","BR015","24350","27000","1","TRX062024.0186","1","28000","2024-06-20 15:25:08"
"PJ062024.0525","BR168","1250","3000","1","TRX062024.0187","1","3000","2024-06-20 15:26:02"
"PJ062024.0526","BR025","36650","39000","1","TRX062024.0188","1","39000","2024-06-20 15:27:26"
"PJ062024.0527","BR155","5500","7000","1","TRX062024.0189","1","7000","2024-06-20 15:27:53"
"PJ062024.0528","BR006","8250","15000","1","TRX062024.0190","1","17000","2024-06-20 15:30:07"
"PJ062024.0529","BR176","1900","3000","1","TRX062024.0190","1","3000","2024-06-20 15:30:07"
"PJ062024.0530","BR212","1900","4000","1","TRX062024.0190","1","4000","2024-06-20 15:30:07"
"PJ062024.0531","BR241","8000","10000","1","TRX062024.0190","1","10000","2024-06-20 15:30:07"
"PJ062024.0532","BR093","900","1000","1","TRX062024.0190","10","12000","2024-06-20 15:30:07"
"PJ062024.0533","BR117","900","1000","1","TRX062024.0190","12","14400","2024-06-20 15:30:07"
"PJ062024.0534","BR269","39000","49000","1","TRX062024.0191","1","49000","2024-06-20 15:32:08"
"PJ062024.0535","BR256","15000","25000","1","TRX062024.0192","1","25000","2024-06-20 15:34:50"
"PJ062024.0536","BR268","675000","750000","1","TRX062024.0192","1","750000","2024-06-20 15:34:50"
"PJ062024.0537","BR236","25000","35000","1","TRX062024.0193","1","35000","2024-06-20 15:35:44"
"PJ062024.0538","BR009","31700","34000","1","TRX062024.0194","1","34000","2024-06-20 15:39:53"
"PJ062024.0539","BR230","34000","37000","1","TRX062024.0194","1","37000","2024-06-20 15:39:53"
"PJ062024.0540","BR108","1800","2000","1","TRX062024.0194","1","2000","2024-06-20 15:39:53"
"PJ062024.0541","BR084","1800","2000","1","TRX062024.0194","1","2000","2024-06-20 15:39:53"
"PJ062024.0542","BR168","1250","3000","1","TRX062024.0194","1","3000","2024-06-20 15:39:53"
"PJ062024.0543","BR250","25000","30000","1","TRX062024.0194","2","60000","2024-06-20 15:39:53"
"PJ062024.0544","BR017","24500","27000","1","TRX062024.0194","1","27000","2024-06-20 15:39:53"
"PJ062024.0545","BR022","14750","17000","1","TRX062024.0194","3","51000","2024-06-20 15:39:53"
"PJ062024.0546","BR162","7500","10000","1","TRX062024.0194","1","10000","2024-06-20 15:39:53"
"PJ062024.0547","BR025","36650","39000","1","TRX062024.0194","1","39000","2024-06-20 15:39:53"
"PJ062024.0548","BR085","4400","6000","1","TRX062024.0194","1","6000","2024-06-20 15:39:53"
"PJ062024.0549","BR093","900","1000","1","TRX062024.0194","1","1000","2024-06-20 15:39:53"
"PJ062024.0550","BR164","3200","5000","1","TRX062024.0195","3","15000","2024-06-21 15:01:46"
"PJ062024.0551","BR234","10000","10000","1","TRX062024.0195","1","10000","2024-06-21 15:01:46"
"PJ062024.0552","BR121","7000","8000","1","TRX062024.0195","1","8000","2024-06-21 15:01:46"
"PJ062024.0553","BR139","1750","2000","1","TRX062024.0195","1","2000","2024-06-21 15:01:46"
"PJ062024.0554","BR117","900","1000","1","TRX062024.0195","4","4000","2024-06-21 15:01:46"
"PJ062024.0555","BR276","1800","2000","1","TRX062024.0195","1","2000","2024-06-21 15:01:46"
"PJ062024.0556","BR098","875","2000","1","TRX062024.0195","1","2000","2024-06-21 15:01:46"
"PJ062024.0557","BR084","1800","2000","1","TRX062024.0196","1","2000","2024-06-21 15:03:10"
"PJ062024.0558","BR165","3333","5000","1","TRX062024.0196","1","5000","2024-06-21 15:03:10"
"PJ062024.0559","BR091","3000","4000","1","TRX062024.0196","1","4000","2024-06-21 15:03:10"
"PJ062024.0560","BR164","3200","5000","1","TRX062024.0196","2","10000","2024-06-21 15:03:10"
"PJ062024.0561","BR117","900","1000","1","TRX062024.0197","6","6000","2024-06-21 15:06:45"
"PJ062024.0562","BR134","5500","7000","1","TRX062024.0197","1","7000","2024-06-21 15:06:45"
"PJ062024.0563","BR098","875","2000","1","TRX062024.0197","2","4000","2024-06-21 15:06:45"
"PJ062024.0564","BR158","3166","5000","1","TRX062024.0197","2","10000","2024-06-21 15:06:45"
"PJ062024.0565","BR084","1800","2000","1","TRX062024.0197","4","8000","2024-06-21 15:06:45"
"PJ062024.0566","BR087","400","500","1","TRX062024.0197","4","2000","2024-06-21 15:06:45"
"PJ062024.0567","BR149","6000","8000","1","TRX062024.0197","1","8000","2024-06-21 15:06:45"
"PJ062024.0568","BR164","3200","5000","1","TRX062024.0197","2","10000","2024-06-21 15:06:45"
"PJ062024.0569","BR168","1250","3000","1","TRX062024.0198","2","6000","2024-06-21 15:07:11"
"PJ062024.0570","BR015","24350","27000","1","TRX062024.0199","1","28000","2024-06-21 15:08:47"
"PJ062024.0571","BR174","1150","3000","1","TRX062024.0199","1","3000","2024-06-21 15:08:47"
"PJ062024.0572","BR168","1250","3000","1","TRX062024.0200","3","9000","2024-06-21 15:09:35"
"PJ062024.0573","BR013","36300","39000","1","TRX062024.0200","1","39000","2024-06-21 15:09:35"
"PJ062024.0574","BR168","1250","3000","1","TRX062024.0201","1","3000","2024-06-21 15:12:02"
"PJ062024.0575","BR093","900","1000","1","TRX062024.0201","1","1200","2024-06-21 15:12:02"
"PJ062024.0576","BR014","41950","44000","1","TRX062024.0201","1","45000","2024-06-21 15:12:02"
"PJ062024.0577","BR100","1750","2000","1","TRX062024.0202","1","2500","2024-06-21 15:21:08"
"PJ062024.0578","BR119","1250","3000","1","TRX062024.0202","3","9600","2024-06-21 15:21:08"
"PJ062024.0579","BR091","3000","4000","1","TRX062024.0202","1","4500","2024-06-21 15:21:08"
"PJ062024.0580","BR276","1800","2000","1","TRX062024.0202","1","2200","2024-06-21 15:21:08"
"PJ062024.0581","BR113","1750","2000","1","TRX062024.0202","1","2200","2024-06-21 15:21:08"
"PJ062024.0582","BR127","1750","2000","1","TRX062024.0202","1","2200","2024-06-21 15:21:08"
"PJ062024.0583","BR275","1750","2000","1","TRX062024.0202","1","2500","2024-06-21 15:21:08"
"PJ062024.0584","BR130","1750","2000","1","TRX062024.0202","1","2500","2024-06-21 15:21:08"
"PJ062024.0585","BR097","1750","2000","1","TRX062024.0202","1","2500","2024-06-21 15:21:08"
"PJ062024.0586","BR170","1200","3000","1","TRX062024.0203","1","3000","2024-06-21 15:21:50"
"PJ062024.0587","BR149","6000","8000","1","TRX062024.0204","1","9000","2024-06-21 15:23:18"
"PJ062024.0588","BR278","2150","3000","1","TRX062024.0204","1","3200","2024-06-21 15:23:18"
"PJ062024.0589","BR017","24500","27000","1","TRX062024.0204","1","28000","2024-06-21 15:23:18"
"PJ062024.0590","BR011","31450","34000","1","TRX062024.0205","2","68000","2024-06-21 15:25:01"
"PJ062024.0591","BR025","36650","39000","1","TRX062024.0205","2","78000","2024-06-21 15:25:01"
"PJ062024.0592","BR091","3000","4000","1","TRX062024.0206","1","4000","2024-06-21 15:26:00"
"PJ062024.0593","BR172","1058","3000","1","TRX062024.0206","1","3000","2024-06-21 15:26:00"
"PJ062024.0594","BR149","6000","8000","1","TRX062024.0207","1","9000","2024-06-21 15:26:42"
"PJ062024.0595","BR017","24500","27000","1","TRX062024.0207","1","28000","2024-06-21 15:26:42"
"PJ062024.0596","BR235","8000","10000","1","TRX062024.0208","2","22000","2024-06-21 15:27:24"
"PJ062024.0597","BR026","26500","29000","1","TRX062024.0209","1","30000","2024-06-21 15:28:01"
"PJ062024.0598","BR224","5900","15000","1","TRX062024.0210","2","34000","2024-06-21 15:28:51"
"PJ062024.0599","BR160","7500","9000","1","TRX062024.0211","2","20000","2024-06-21 15:29:36"
"PJ062024.0600","BR218","5650","15000","1","TRX062024.0212","1","17000","2024-06-21 15:31:41"
"PJ062024.0601","BR011","31450","34000","1","TRX062024.0212","1","35000","2024-06-21 15:31:41"
"PJ062024.0602","BR117","900","1000","1","TRX062024.0212","2","2400","2024-06-21 15:31:41"
"PJ062024.0603","BR220","6100","15000","1","TRX062024.0212","1","17000","2024-06-21 15:31:41"
"PJ062024.0604","BR015","24350","27000","1","TRX062024.0212","1","28000","2024-06-21 15:31:41"
"PJ062024.0605","BR018","18200","21000","1","TRX062024.0213","1","21000","2024-06-21 15:33:03"
"PJ062024.0606","BR195","12000","16000","1","TRX062024.0214","1","16000","2024-06-21 15:34:55"
"PJ062024.0607","BR201","95000","110000","1","TRX062024.0214","1","110000","2024-06-21 15:34:55"
"PJ062024.0608","BR020","27100","30000","1","TRX062024.0215","1","31000","2024-06-21 15:35:22"
"PJ062024.0609","BR264","157500","172500","1","TRX062024.0216","1","172500","2024-06-21 15:37:43"
"PJ062024.0610","BR147","7000","8000","1","TRX062024.0217","1","9000","2024-06-21 15:39:11"
"PJ062024.0611","BR121","7000","8000","1","TRX062024.0217","1","9000","2024-06-21 15:39:11"
"PJ062024.0612","BR263","17000","20000","1","TRX062024.0218","1","20000","2024-06-21 15:41:29"
"PJ062024.0613","BR263","17000","20000","1","TRX062024.0219","1","20000","2024-06-21 15:41:58"
"PJ062024.0614","BR218","5650","15000","1","TRX062024.0220","2","30000","2024-06-21 15:50:17"
"PJ062024.0615","BR275","1750","2000","1","TRX062024.0220","1","2000","2024-06-21 15:50:17"
"PJ062024.0616","BR108","1800","2000","1","TRX062024.0220","1","2000","2024-06-21 15:50:17"
"PJ062024.0617","BR161","2500","3000","1","TRX062024.0220","4","12000","2024-06-21 15:50:17"
"PJ062024.0618","BR159","5500","7000","1","TRX062024.0220","1","7000","2024-06-21 15:50:17"
"PJ062024.0619","BR085","4400","6000","1","TRX062024.0220","2","12000","2024-06-21 15:50:17"
"PJ062024.0620","BR148","1800","2000","1","TRX062024.0220","1","2000","2024-06-21 15:50:17"
"PJ062024.0621","BR154","875","1500","1","TRX062024.0220","2","3000","2024-06-21 15:50:17"
"PJ062024.0622","BR093","900","1000","1","TRX062024.0220","1","1000","2024-06-21 15:50:17"
"PJ062024.0623","BR126","450","500","1","TRX062024.0220","1","500","2024-06-21 15:50:17"
"PJ062024.0624","BR097","1750","2000","1","TRX062024.0220","1","2000","2024-06-21 15:50:17"
"PJ062024.0625","BR254","2000","2500","1","TRX062024.0220","1","2500","2024-06-21 15:50:17"
"PJ062024.0626","BR009","31700","34000","1","TRX062024.0220","12","408000","2024-06-21 15:50:17"
"PJ062024.0627","BR020","27100","30000","1","TRX062024.0220","1","30000","2024-06-21 15:50:17"
"PJ062024.0628","BR168","1250","3000","1","TRX062024.0220","3","9000","2024-06-21 15:50:17"
"PJ062024.0629","BR149","6000","8000","1","TRX062024.0220","1","8000","2024-06-21 15:50:17"
"PJ062024.0630","BR117","900","1000","1","TRX062024.0220","1","1000","2024-06-21 15:50:17"
"PJ062024.0631","BR136","1800","2000","1","TRX062024.0220","1","2000","2024-06-21 15:50:17"
"PJ062024.0632","BR089","1750","2000","1","TRX062024.0220","1","2000","2024-06-21 15:50:17"
"PJ062024.0633","BR278","2150","3000","1","TRX062024.0220","1","3000","2024-06-21 15:50:17"
"PJ062024.0634","BR021","22900","25000","1","TRX062024.0220","1","25000","2024-06-21 15:50:17"
"PJ062024.0635","BR022","14750","17000","1","TRX062024.0220","2","34000","2024-06-21 15:50:17"
"PJ062024.0636","BR220","6100","15000","1","TRX062024.0221","1","15000","2024-06-24 14:43:24"
"PJ062024.0637","BR019","19300","25000","1","TRX062024.0221","1","25000","2024-06-24 14:43:24"
"PJ062024.0638","BR168","1250","3000","1","TRX062024.0222","1","3000","2024-06-24 14:44:17"
"PJ062024.0639","BR010","24200","27000","1","TRX062024.0222","1","28000","2024-06-24 14:44:17"
"PJ062024.0640","BR009","31700","34000","1","TRX062024.0223","3","102000","2024-06-24 14:44:52"
"PJ062024.0641","BR254","2000","2500","1","TRX062024.0224","1","3000","2024-06-24 14:46:22"
"PJ062024.0642","BR149","6000","8000","1","TRX062024.0225","1","9000","2024-06-24 14:54:53"
"PJ062024.0643","BR026","26500","29000","1","TRX062024.0225","1","30000","2024-06-24 14:54:53"
"PJ062024.0644","BR252","30000","35000","1","TRX062024.0226","1","35000","2024-06-24 14:55:47"
"PJ062024.0645","BR022","15250","17000","1","TRX062024.0227","1","18000","2024-06-24 14:58:00"
"PJ062024.0646","BR018","18200","21000","1","TRX062024.0228","1","22000","2024-06-24 14:59:24"
"PJ062024.0647","BR021","22900","25000","1","TRX062024.0228","1","26000","2024-06-24 14:59:24"
"PJ062024.0648","BR017","24500","27000","1","TRX062024.0228","1","28000","2024-06-24 14:59:24"
"PJ062024.0649","BR168","1250","3000","1","TRX062024.0229","1","3000","2024-06-24 15:00:02"
"PJ062024.0650","BR195","12000","15000","1","TRX062024.0230","2","32000","2024-06-24 15:00:42"
"PJ062024.0651","BR177","23000","25000","1","TRX062024.0231","1","25000","2024-06-24 15:02:31"
"PJ062024.0652","BR009","31700","34000","1","TRX062024.0232","1","35000","2024-06-24 15:04:03"
"PJ062024.0653","BR015","24350","27000","1","TRX062024.0232","1","28000","2024-06-24 15:04:03"
"PJ062024.0654","BR006","8250","15000","1","TRX062024.0232","2","34000","2024-06-24 15:04:03"
"PJ062024.0655","BR176","1900","3000","1","TRX062024.0233","3","9000","2024-06-24 15:05:17"
"PJ062024.0656","BR091","3000","4000","1","TRX062024.0233","2","8000","2024-06-24 15:05:17"
"PJ062024.0657","BR006","8250","15000","1","TRX062024.0233","1","15000","2024-06-24 15:05:17"
"PJ062024.0658","BR220","6100","15000","1","TRX062024.0234","1","17000","2024-06-24 15:06:02"
"PJ062024.0659","BR043","40400","45000","1","TRX062024.0235","2","96000","2024-06-24 15:08:01"
"PJ062024.0660","BR207","1200","3000","1","TRX062024.0235","2","6000","2024-06-24 15:08:01"
"PJ062024.0661","BR208","1200","4000","1","TRX062024.0235","5","20000","2024-06-24 15:08:01"
"PJ062024.0662","BR168","1250","3000","1","TRX062024.0235","1","3000","2024-06-24 15:08:01"
"PJ062024.0663","BR174","1150","3000","1","TRX062024.0235","1","3000","2024-06-24 15:08:01"
"PJ062024.0664","BR235","8000","10000","1","TRX062024.0236","1","11000","2024-06-24 15:10:27"
"PJ062024.0665","BR282","15000","20000","1","TRX062024.0236","1","22000","2024-06-24 15:10:27"
"PJ062024.0666","BR198","4400","5000","1","TRX062024.0236","2","12000","2024-06-24 15:10:27"
"PJ062024.0667","BR283","160000","166000","1","TRX062024.0237","1","166000","2024-06-24 15:13:13"
"PJ062024.0668","BR018","18200","21000","1","TRX062024.0238","1","21000","2024-06-24 15:14:14"
"PJ062024.0669","BR170","1200","3000","1","TRX062024.0239","6","18000","2024-06-24 15:22:30"
"PJ062024.0670","BR022","15250","17000","1","TRX062024.0239","4","68000","2024-06-24 15:22:30"
"PJ062024.0671","BR182","1800","3000","1","TRX062024.0239","1","3000","2024-06-24 15:22:30"
"PJ062024.0672","BR164","3200","5000","1","TRX062024.0239","2","10000","2024-06-24 15:22:30"
"PJ062024.0673","BR278","2150","3000","1","TRX062024.0239","1","3000","2024-06-24 15:22:30"
"PJ062024.0674","BR086","1800","2000","1","TRX062024.0239","1","2000","2024-06-24 15:22:30"
"PJ062024.0675","BR171","1083","3000","1","TRX062024.0239","1","3000","2024-06-24 15:22:30"
"PJ062024.0676","BR159","5500","7000","1","TRX062024.0239","1","7000","2024-06-24 15:22:30"
"PJ062024.0677","BR006","8250","15000","1","TRX062024.0239","5","75000","2024-06-24 15:22:30"
"PJ062024.0678","BR241","8000","10000","1","TRX062024.0239","2","20000","2024-06-24 15:22:30"
"PJ062024.0679","BR179","25000","30000","1","TRX062024.0239","1","30000","2024-06-24 15:22:30"
"PJ062024.0680","BR025","37650","40000","1","TRX062024.0239","1","40000","2024-06-24 15:22:30"
"PJ062024.0681","BR218","5650","15000","1","TRX062024.0239","1","15000","2024-06-24 15:22:30"
"PJ062024.0682","BR168","1250","3000","1","TRX062024.0239","1","3000","2024-06-24 15:22:30"
"PJ062024.0683","BR009","31700","34000","1","TRX062024.0239","1","34000","2024-06-24 15:22:30"
"PJ062024.0684","BR234","25000","28000","1","TRX062024.0240","1","28000","2024-06-24 15:25:28"
"PJ062024.0685","BR011","31450","34000","1","TRX062024.0240","1","35000","2024-06-24 15:25:28"
"PJ062024.0686","BR153","1708","3000","1","TRX062024.0241","24","72000","2024-06-24 15:28:01"
"PJ062024.0687","BR233","40000","50000","1","TRX062024.0241","1","50000","2024-06-24 15:28:01"
"PJ062024.0688","BR233","15000","18000","1","TRX062024.0242","1","18000","2024-06-24 15:31:54"
"PJ062024.0689","BR233","15000","18000","1","TRX062024.0243","1","18000","2024-06-24 15:32:22"
"PJ062024.0690","BR258","35000","45000","1","TRX062024.0244","1","45000","2024-06-24 15:33:01"
"PJ062024.0691","BR267","25000","28000","1","TRX062024.0245","1","28000","2024-06-24 15:35:24"
"PJ062024.0692","BR256","15000","25000","1","TRX062024.0246","1","25000","2024-06-24 15:37:50"
"PJ062024.0693","BR262","12000","15000","1","TRX062024.0247","1","15000","2024-06-24 15:38:26"
"PJ062024.0694","BR263","17000","20000","1","TRX062024.0248","1","20000","2024-06-24 15:38:53"
"PJ062024.0698","BR282","15000","20000","1","TRX062024.0251","2","40000","2024-06-25 14:18:42"
"PJ062024.0699","BR241","8000","10000","1","TRX062024.0252","2","22000","2024-06-25 15:31:44"
"PJ062024.0700","BR233","15000","18000","1","TRX062024.0252","1","18000","2024-06-25 15:31:44"
"PJ062024.0701","BR220","6100","15000","1","TRX062024.0252","1","17000","2024-06-25 15:31:44"
"PJ062024.0702","BR011","31450","34000","1","TRX062024.0252","1","35000","2024-06-25 15:31:44"
"PJ062024.0703","BR235","8000","10000","1","TRX062024.0252","1","11000","2024-06-25 15:31:44"
"PJ062024.0704","BR254","2000","2500","1","TRX062024.0252","3","9000","2024-06-25 15:31:44"
"PJ062024.0705","BR169","1200","3000","1","TRX062024.0252","1","3000","2024-06-25 15:31:44"
"PJ062024.0706","BR022","15250","17000","1","TRX062024.0252","1","18000","2024-06-25 15:31:44"
"PJ062024.0707","BR009","31700","34000","1","TRX062024.0253","1","35000","2024-06-25 15:34:07"
"PJ062024.0708","BR043","40400","45000","1","TRX062024.0254","1","48000","2024-06-25 15:36:36"
"PJ062024.0709","BR065","10000","11000","1","TRX062024.0254","7","84000","2024-06-25 15:36:36"
"PJ062024.0710","BR154","875","1500","1","TRX062024.0254","24","48000","2024-06-25 15:36:36"
"PJ062024.0711","BR173","1350","3000","1","TRX062024.0255","1","3000","2024-06-25 15:38:54"
"PJ062024.0712","BR018","18200","21000","1","TRX062024.0255","1","22000","2024-06-25 15:38:54"
"PJ062024.0713","BR220","6100","15000","1","TRX062024.0256","1","17000","2024-06-25 15:40:14"
"PJ062024.0714","BR153","1708","3000","1","TRX062024.0257","1","3000","2024-06-25 15:40:42"
"PJ062024.0715","BR168","1250","3000","1","TRX062024.0258","2","6000","2024-06-25 15:41:58"
"PJ062024.0716","BR010","24200","27000","1","TRX062024.0258","1","28000","2024-06-25 15:41:58"
"PJ062024.0717","BR022","15250","17000","1","TRX062024.0258","1","18000","2024-06-25 15:41:58"
"PJ062024.0718","BR152","2458","3000","1","TRX062024.0259","1","3000","2024-06-25 15:43:51"
"PJ062024.0719","BR172","1058","3000","1","TRX062024.0259","1","3000","2024-06-25 15:43:51"
"PJ062024.0720","BR026","26500","29000","1","TRX062024.0260","1","30000","2024-06-25 15:44:56"
"PJ062024.0721","BR149","6000","8000","1","TRX062024.0260","1","9000","2024-06-25 15:44:56"
"PJ062024.0722","BR018","18200","21000","1","TRX062024.0261","1","21000","2024-06-25 15:45:28"
"PJ062024.0723","BR009","31700","34000","1","TRX062024.0262","1","35000","2024-06-25 15:46:27"
"PJ062024.0724","BR006","8250","15000","1","TRX062024.0263","1","17000","2024-06-25 15:49:04"
"PJ062024.0725","BR208","1200","4000","1","TRX062024.0263","3","12000","2024-06-25 15:49:04"
"PJ062024.0726","BR258","22000","32000","1","TRX062024.0263","1","32000","2024-06-25 15:49:04"
"PJ062024.0727","BR153","1708","3000","1","TRX062024.0264","1","3000","2024-06-25 15:51:38"
"PJ062024.0728","BR105","850","1000","1","TRX062024.0264","1","1000","2024-06-25 15:51:38"
"PJ062024.0729","BR014","42000","44000","1","TRX062024.0265","1","45000","2024-06-25 15:52:21"
"PJ062024.0730","BR168","1250","3000","1","TRX062024.0265","1","3000","2024-06-25 15:52:21"
"PJ062024.0731","BR020","27100","30000","1","TRX062024.0266","1","31000","2024-06-25 15:52:54"
"PJ062024.0732","BR177","23000","25000","1","TRX062024.0267","1","25000","2024-06-25 15:53:51"
"PJ062024.0733","BR177","23000","25000","1","TRX062024.0268","1","25000","2024-06-25 15:54:43"
"PJ062024.0734","BR010","24200","27000","1","TRX062024.0269","1","28000","2024-06-25 15:55:16"
"PJ062024.0735","BR256","15000","25000","1","TRX062024.0270","1","25000","2024-06-25 15:57:36"
"PJ062024.0736","BR256","15000","25000","1","TRX062024.0271","1","25000","2024-06-25 15:58:02"
"PJ062024.0737","BR245","20000","30000","1","TRX062024.0272","1","30000","2024-06-25 15:58:27"
"PJ062024.0738","BR017","24500","27000","1","TRX062024.0273","1","27000","2024-06-25 16:02:01"
"PJ062024.0739","BR022","15250","17000","1","TRX062024.0273","3","51000","2024-06-25 16:02:01"
"PJ062024.0740","BR170","1200","3000","1","TRX062024.0273","1","3000","2024-06-25 16:02:01"
"PJ062024.0741","BR019","19300","25000","1","TRX062024.0273","1","25000","2024-06-25 16:02:01"
"PJ062024.0742","BR009","31700","34000","1","TRX062024.0273","4","136000","2024-06-25 16:02:01"
"PJ062024.0743","BR220","6100","15000","1","TRX062024.0273","1","15000","2024-06-25 16:02:01"
"PJ062024.0744","BR009","31700","34000","1","TRX062024.0274","1","35000","2024-06-26 08:13:32"
"PJ062024.0745","BR120","6000","7000","1","TRX062024.0275","1","7000","2024-06-26 14:48:37"
"PJ062024.0746","BR010","24200","27000","1","TRX062024.0276","1","27000","2024-06-26 14:50:13"
"PJ062024.0747","BR218","5650","15000","1","TRX062024.0276","1","15000","2024-06-26 14:50:13"
"PJ062024.0748","BR163","9500","12000","1","TRX062024.0276","1","12000","2024-06-26 14:50:13"
"PJ062024.0749","BR018","18200","21000","1","TRX062024.0276","1","21000","2024-06-26 14:50:13"
"PJ062024.0750","BR019","19300","25000","1","TRX062024.0276","1","25000","2024-06-26 14:50:13"
"PJ062024.0751","BR218","5650","15000","1","TRX062024.0277","1","17000","2024-06-26 14:53:12"
"PJ062024.0752","BR009","31700","34000","1","TRX062024.0277","1","35000","2024-06-26 14:53:12"
"PJ062024.0753","BR021","22900","25000","1","TRX062024.0277","1","26000","2024-06-26 14:53:12"
"PJ062024.0754","BR026","26500","29000","1","TRX062024.0278","1","30000","2024-06-26 15:36:26"
"PJ062024.0755","BR168","1250","3000","1","TRX062024.0279","1","3000","2024-06-26 15:38:01"
"PJ062024.0756","BR025","37650","40000","1","TRX062024.0279","1","40000","2024-06-26 15:38:01"
"PJ062024.0757","BR117","900","1000","1","TRX062024.0279","2","2000","2024-06-26 15:38:01"
"PJ062024.0758","BR170","1200","3000","1","TRX062024.0279","1","3000","2024-06-26 15:38:01"
"PJ062024.0759","BR021","22900","25000","1","TRX062024.0279","1","25000","2024-06-26 15:38:01"
"PJ062024.0760","BR174","1150","3000","1","TRX062024.0280","1","3000","2024-06-26 15:38:25"
"PJ062024.0761","BR006","8250","15000","1","TRX062024.0281","1","17000","2024-06-26 15:40:43"
"PJ062024.0762","BR254","2000","2500","1","TRX062024.0281","4","12000","2024-06-26 15:40:43"
"PJ062024.0763","BR149","6000","8000","1","TRX062024.0281","1","9000","2024-06-26 15:40:43"
"PJ062024.0764","BR233","15000","18000","1","TRX062024.0281","1","18000","2024-06-26 15:40:43"
"PJ062024.0765","BR218","5650","15000","1","TRX062024.0282","3","45000","2024-06-26 15:43:28"
"PJ062024.0766","BR230","34000","37000","1","TRX062024.0282","1","37000","2024-06-26 15:43:28"
"PJ062024.0767","BR019","19300","25000","1","TRX062024.0282","1","25000","2024-06-26 15:43:28"
"PJ062024.0768","BR160","7500","9000","1","TRX062024.0282","1","9000","2024-06-26 15:43:28"
"PJ062024.0769","BR226","5350","12000","1","TRX062024.0282","1","12000","2024-06-26 15:43:28"
"PJ062024.0770","BR018","18200","21000","1","TRX062024.0283","1","22000","2024-06-26 15:44:06"
"PJ062024.0771","BR168","1250","3000","1","TRX062024.0284","1","3000","2024-06-26 15:45:03"
"PJ062024.0772","BR152","2458","3000","1","TRX062024.0284","1","3000","2024-06-26 15:45:03"
"PJ062024.0773","BR022","15250","17000","1","TRX062024.0284","1","18000","2024-06-26 15:45:03"
"PJ062024.0774","BR075","3750","6000","1","TRX062024.0285","2","16000","2024-06-26 15:46:58"
"PJ062024.0775","BR220","6100","15000","1","TRX062024.0285","1","17000","2024-06-26 15:46:58"
"PJ062024.0776","BR117","900","1000","1","TRX062024.0285","5","6000","2024-06-26 15:46:58"
"PJ062024.0777","BR093","900","1000","1","TRX062024.0285","5","6000","2024-06-26 15:46:58"
"PJ062024.0778","BR154","875","1500","1","TRX062024.0285","24","48000","2024-06-26 15:46:58"
"PJ062024.0779","BR117","900","1000","1","TRX062024.0286","5","6000","2024-06-26 15:49:37"
"PJ062024.0780","BR153","1708","3000","1","TRX062024.0286","24","72000","2024-06-26 15:49:37"
"PJ062024.0781","BR260","16000","26000","1","TRX062024.0286","1","26000","2024-06-26 15:49:37"
"PJ062024.0782","BR153","1708","3000","1","TRX062024.0287","3","9000","2024-06-26 15:51:35"
"PJ062024.0783","BR168","1250","3000","1","TRX062024.0287","1","3000","2024-06-26 15:51:35"
"PJ062024.0784","BR259","39000","59000","1","TRX062024.0287","1","59000","2024-06-26 15:51:35"
"PJ062024.0785","BR075","3750","6000","1","TRX062024.0288","2","16000","2024-06-26 15:52:24"
"PJ062024.0786","BR220","6100","15000","1","TRX062024.0289","1","15000","2024-06-26 15:52:58"
"PJ062024.0787","BR218","5650","15000","1","TRX062024.0290","1","17000","2024-06-26 15:53:36"
"PJ062024.0788","BR168","1250","3000","1","TRX062024.0291","1","3000","2024-06-26 15:54:22"
"PJ062024.0789","BR168","1250","3000","1","TRX062024.0292","1","3000","2024-06-26 15:55:14"
"PJ062024.0790","BR214","1200","4000","1","TRX062024.0292","2","8000","2024-06-26 15:55:14"
"PJ062024.0791","BR020","27100","30000","1","TRX062024.0292","1","30000","2024-06-26 15:55:14"
"PJ062024.0792","BR018","18200","21000","1","TRX062024.0293","1","21000","2024-06-26 15:55:48"
"PJ062024.0793","BR013","37100","40000","1","TRX062024.0294","1","41000","2024-06-26 15:57:32"
"PJ062024.0794","BR248","18000","21000","1","TRX062024.0294","1","21000","2024-06-26 15:57:32"
"PJ062024.0795","BR093","900","1000","1","TRX062024.0295","2","2000","2024-06-26 15:58:28"
"PJ062024.0796","BR174","1150","3000","1","TRX062024.0295","1","3000","2024-06-26 15:58:28"
"PJ062024.0797","BR093","900","1000","1","TRX062024.0296","10","12000","2024-06-26 15:59:35"
"PJ062024.0798","BR177","23000","25000","1","TRX062024.0296","1","25000","2024-06-26 15:59:35"
"PJ062024.0799","BR065","10000","11000","1","TRX062024.0297","5","60000","2024-06-26 16:01:32"
"PJ062024.0800","BR018","18200","21000","1","TRX062024.0298","1","22000","2024-06-26 16:02:52"
"PJ062024.0801","BR011","31450","34000","1","TRX062024.0298","1","35000","2024-06-26 16:02:52"
"PJ062024.0802","BR014","42000","44000","1","TRX062024.0299","1","45000","2024-06-26 16:03:56"
"PJ062024.0803","BR168","1250","3000","1","TRX062024.0299","1","3000","2024-06-26 16:03:56"
"PJ062024.0804","BR248","18000","21000","1","TRX062024.0300","1","21000","2024-06-26 16:04:28"
"PJ062024.0805","BR239","34000","37000","1","TRX062024.0301","1","37000","2024-06-26 16:07:40"
"PJ062024.0806","BR263","17000","20000","1","TRX062024.0302","1","20000","2024-06-26 16:08:41"
"PJ062024.0807","BR285","282500","317500","1","TRX062024.0303","1","317500","2024-06-26 16:12:02"
"PJ062024.0808","BR269","50000","60000","1","TRX062024.0303","1","60000","2024-06-26 16:12:02"
"PJ062024.0809","BR170","1200","3000","1","TRX062024.0304","2","6000","2024-06-26 16:16:33"
"PJ062024.0810","BR182","1800","3000","1","TRX062024.0304","1","3000","2024-06-26 16:16:33"
"PJ062024.0811","BR017","24500","27000","1","TRX062024.0304","1","27000","2024-06-26 16:16:33"
"PJ062024.0812","BR022","15250","17000","1","TRX062024.0304","3","51000","2024-06-26 16:16:33"
"PJ062024.0813","BR103","1200","3000","1","TRX062024.0304","1","3000","2024-06-26 16:16:33"
"PJ062024.0814","BR025","37650","40000","1","TRX062024.0304","1","40000","2024-06-26 16:16:33"
"PJ062024.0815","BR194","400","1000","1","TRX062024.0304","2","2000","2024-06-26 16:16:33"
"PJ062024.0816","BR117","900","1000","1","TRX062024.0304","1","1000","2024-06-26 16:16:33"
"PJ062024.0817","BR254","2000","2500","1","TRX062024.0304","2","5000","2024-06-26 16:16:33"
"PJ062024.0818","BR087","400","500","1","TRX062024.0304","1","500","2024-06-26 16:16:33"
"PJ062024.0819","BR108","1800","2000","1","TRX062024.0304","1","2000","2024-06-26 16:16:33"
"PJ062024.0820","BR021","22900","25000","1","TRX062024.0304","1","25000","2024-06-26 16:16:33"
"PJ062024.0821","BR125","4500","5000","1","TRX062024.0304","1","5000","2024-06-26 16:16:33"
"PJ062024.0822","BR208","1200","4000","1","TRX062024.0304","1","4000","2024-06-26 16:16:33"
"PJ062024.0823","BR255","1250","2000","1","TRX062024.0305","3","6000","2024-06-27 14:59:11"
"PJ062024.0824","BR018","18200","21000","1","TRX062024.0306","1","21000","2024-06-27 14:59:39"
"PJ062024.0825","BR026","26500","30000","1","TRX062024.0307","1","30000","2024-06-27 15:01:47"
"PJ062024.0826","BR149","6000","9000","1","TRX062024.0307","1","9000","2024-06-27 15:01:47"
"PJ062024.0827","BR107","7500","9000","1","TRX062024.0308","1","10000","2024-06-27 15:02:42"
"PJ062024.0828","BR010","24200","27000","1","TRX062024.0309","1","28000","2024-06-27 15:07:34"
"PJ062024.0829","BR168","1250","3000","1","TRX062024.0309","1","3000","2024-06-27 15:07:34"
"PJ062024.0830","BR286","3200","5000","1","TRX062024.0309","1","5500","2024-06-27 15:07:34"
"PJ062024.0831","BR195","12000","15000","1","TRX062024.0310","1","16000","2024-06-27 15:08:01"
"PJ062024.0832","BR011","31450","34000","1","TRX062024.0311","1","35000","2024-06-27 15:09:58"
"PJ062024.0833","BR220","6100","15000","1","TRX062024.0311","1","17000","2024-06-27 15:09:58"
"PJ062024.0834","BR235","8000","10000","1","TRX062024.0311","1","11000","2024-06-27 15:09:58"
"PJ062024.0835","BR252","30000","35000","1","TRX062024.0311","2","76000","2024-06-27 15:09:58"
"PJ062024.0836","BR147","7000","8000","1","TRX062024.0312","1","8000","2024-06-27 15:10:44"
"PJ062024.0837","BR093","900","1000","1","TRX062024.0312","2","2000","2024-06-27 15:10:44"
"PJ062024.0838","BR092","1750","2000","1","TRX062024.0312","1","2000","2024-06-27 15:10:44"
"PJ062024.0839","BR065","10000","11000","1","TRX062024.0313","1","12000","2024-06-27 15:11:55"
"PJ062024.0840","BR136","1800","2000","1","TRX062024.0313","1","3000","2024-06-27 15:11:55"
"PJ062024.0841","BR084","1800","2000","1","TRX062024.0313","1","3000","2024-06-27 15:11:55"
"PJ062024.0842","BR018","18200","21000","1","TRX062024.0314","1","21000","2024-06-27 15:12:24"
"PJ062024.0843","BR015","24350","27000","1","TRX062024.0315","1","28000","2024-06-27 15:16:33"
"PJ062024.0844","BR006","8250","15000","1","TRX062024.0315","1","17000","2024-06-27 15:16:33"
"PJ062024.0845","BR239","95000","98000","1","TRX062024.0316","1","98000","2024-06-27 15:22:17"
"PJ062024.0846","BR265","14000","17000","1","TRX062024.0317","1","17000","2024-06-27 15:22:53"
