"5","TRX062024.0001","BR169","9000","0000-00-00 00:00:00"
"6","TRX062024.0001","BR021","25000","0000-00-00 00:00:00"
"7","TRX062024.0001","BR018","21000","0000-00-00 00:00:00"
"8","TRX062024.0001","BR011","66000","0000-00-00 00:00:00"
"9","TRX062024.0001","BR160","9000","0000-00-00 00:00:00"
"10","TRX062024.0001","BR195","15000","0000-00-00 00:00:00"
"11","TRX062024.0001","BR161","15000","0000-00-00 00:00:00"
"12","TRX062024.0001","BR016","76000","0000-00-00 00:00:00"
"13","TRX062024.0001","BR019","75000","0000-00-00 00:00:00"
"14","TRX062024.0002","BR233","33000","0000-00-00 00:00:00"
"15","TRX062024.0003","BR195","15000","0000-00-00 00:00:00"
"16","TRX062024.0004","BR117","4800","2024-06-07 15:27:21"
"17","TRX062024.0004","BR160","10000","2024-06-07 15:30:40"
"18","TRX062024.0004","BR154","10000","2024-06-07 15:30:24"
"19","TRX062024.0005","BR153","24000","0000-00-00 00:00:00"
"20","TRX062024.0005","BR006","34000","0000-00-00 00:00:00"
"21","TRX062024.0005","BR235","44000","0000-00-00 00:00:00"
"22","TRX062024.0005","BR236","35000","0000-00-00 00:00:00"
"23","TRX062024.0006","BR168","3000","0000-00-00 00:00:00"
"24","TRX062024.0006","BR237","8000","0000-00-00 00:00:00"
"25","TRX062024.0007","BR006","17000","0000-00-00 00:00:00"
"26","TRX062024.0007","BR011","34000","0000-00-00 00:00:00"
"27","TRX062024.0007","BR238","23000","0000-00-00 00:00:00"
"28","TRX062024.0008","BR220","30000","0000-00-00 00:00:00"
"29","TRX062024.0009","BR026","30000","0000-00-00 00:00:00"
"30","TRX062024.0010","BR218","60000","0000-00-00 00:00:00"
"31","TRX062024.0010","BR025","39000","0000-00-00 00:00:00"
"32","TRX062024.0011","BR006","34000","0000-00-00 00:00:00"
"33","TRX062024.0012","BR168","3000","0000-00-00 00:00:00"
"34","TRX062024.0012","BR165","5500","0000-00-00 00:00:00"
"35","TRX062024.0012","BR173","3000","0000-00-00 00:00:00"
"36","TRX062024.0013","BR022","18000","0000-00-00 00:00:00"
"37","TRX062024.0014","BR174","3000","0000-00-00 00:00:00"
"38","TRX062024.0014","BR224","15000","0000-00-00 00:00:00"
"39","TRX062024.0015","BR238","23000","0000-00-00 00:00:00"
"40","TRX062024.0016","BR168","15000","0000-00-00 00:00:00"
"41","TRX062024.0016","BR018","21000","0000-00-00 00:00:00"
"42","TRX062024.0016","BR013","39000","0000-00-00 00:00:00"
"43","TRX062024.0016","BR164","5000","0000-00-00 00:00:00"
"44","TRX062024.0016","BR203","10000","0000-00-00 00:00:00"
"45","TRX062024.0016","BR091","4000","0000-00-00 00:00:00"
"46","TRX062024.0016","BR117","3000","0000-00-00 00:00:00"
"47","TRX062024.0017","BR168","3000","0000-00-00 00:00:00"
"48","TRX062024.0018","BR195","16000","0000-00-00 00:00:00"
"49","TRX062024.0019","BR239","44000","0000-00-00 00:00:00"
"50","TRX062024.0020","BR240","27000","0000-00-00 00:00:00"
"51","TRX062024.0021","BR241","11000","0000-00-00 00:00:00"
"52","TRX062024.0021","BR235","11000","0000-00-00 00:00:00"
"53","TRX062024.0021","BR006","17000","0000-00-00 00:00:00"
"54","TRX062024.0021","BR220","17000","0000-00-00 00:00:00"
"55","TRX062024.0021","BR234","195000","0000-00-00 00:00:00"
"56","TRX062024.0021","BR226","28000","0000-00-00 00:00:00"
"57","TRX062024.0021","BR233","55000","0000-00-00 00:00:00"
"58","TRX062024.0022","BR218","51000","0000-00-00 00:00:00"
"59","TRX062024.0023","BR017","81000","0000-00-00 00:00:00"
"60","TRX062024.0023","BR170","6000","0000-00-00 00:00:00"
"61","TRX062024.0023","BR168","6000","0000-00-00 00:00:00"
"62","TRX062024.0023","BR164","15000","0000-00-00 00:00:00"
"63","TRX062024.0023","BR023","38000","0000-00-00 00:00:00"
"64","TRX062024.0023","BR009","34000","0000-00-00 00:00:00"
"65","TRX062024.0023","BR108","2000","0000-00-00 00:00:00"
"66","TRX062024.0023","BR086","2000","0000-00-00 00:00:00"
"67","TRX062024.0023","BR218","15000","0000-00-00 00:00:00"
"68","TRX062024.0023","BR025","78000","0000-00-00 00:00:00"
"69","TRX062024.0023","BR022","68000","0000-00-00 00:00:00"
"70","TRX062024.0024","BR026","30000","0000-00-00 00:00:00"
"71","TRX062024.0025","BR085","6000","0000-00-00 00:00:00"
"72","TRX062024.0025","BR168","3000","0000-00-00 00:00:00"
"73","TRX062024.0026","BR220","15000","0000-00-00 00:00:00"
"74","TRX062024.0026","BR117","1000","0000-00-00 00:00:00"
"75","TRX062024.0026","BR009","34000","0000-00-00 00:00:00"
"76","TRX062024.0027","BR011","34000","0000-00-00 00:00:00"
"77","TRX062024.0027","BR215","17000","0000-00-00 00:00:00"
"78","TRX062024.0027","BR242","33000","0000-00-00 00:00:00"
"79","TRX062024.0028","BR168","3000","0000-00-00 00:00:00"
"80","TRX062024.0028","BR014","45000","0000-00-00 00:00:00"
"81","TRX062024.0029","BR170","3000","0000-00-00 00:00:00"
"82","TRX062024.0030","BR170","3000","0000-00-00 00:00:00"
"83","TRX062024.0031","BR216","14000","0000-00-00 00:00:00"
"84","TRX062024.0031","BR224","34000","0000-00-00 00:00:00"
"85","TRX062024.0031","BR226","14000","0000-00-00 00:00:00"
"86","TRX062024.0031","BR195","16000","0000-00-00 00:00:00"
"87","TRX062024.0031","BR154","48000","0000-00-00 00:00:00"
"88","TRX062024.0031","BR177","25000","0000-00-00 00:00:00"
"89","TRX062024.0031","BR243","227500","0000-00-00 00:00:00"
"90","TRX062024.0031","BR244","22000","0000-00-00 00:00:00"
"91","TRX062024.0032","BR011","68000","0000-00-00 00:00:00"
"92","TRX062024.0032","BR173","6000","0000-00-00 00:00:00"
"93","TRX062024.0032","BR170","6000","0000-00-00 00:00:00"
"94","TRX062024.0032","BR022","36000","0000-00-00 00:00:00"
"95","TRX062024.0032","BR164","6000","0000-00-00 00:00:00"
"96","TRX062024.0032","BR083","9000","0000-00-00 00:00:00"
"97","TRX062024.0032","BR174","6000","0000-00-00 00:00:00"
"98","TRX062024.0032","BR245","105000","0000-00-00 00:00:00"
"99","TRX062024.0033","BR153","3000","0000-00-00 00:00:00"
"100","TRX062024.0033","BR240","27000","0000-00-00 00:00:00"
"101","TRX062024.0034","BR015","28000","0000-00-00 00:00:00"
"102","TRX062024.0034","BR167","6000","0000-00-00 00:00:00"
"103","TRX062024.0035","BR226","14000","0000-00-00 00:00:00"
"104","TRX062024.0036","BR043","48000","0000-00-00 00:00:00"
"105","TRX062024.0037","BR044","53000","0000-00-00 00:00:00"
"106","TRX062024.0037","BR220","51000","0000-00-00 00:00:00"
"107","TRX062024.0037","BR218","17000","0000-00-00 00:00:00"
"108","TRX062024.0037","BR177","25000","0000-00-00 00:00:00"
"109","TRX062024.0038","BR006","85000","0000-00-00 00:00:00"
"110","TRX062024.0038","BR224","17000","0000-00-00 00:00:00"
"111","TRX062024.0038","BR168","3000","0000-00-00 00:00:00"
"112","TRX062024.0038","BR220","34000","0000-00-00 00:00:00"
"113","TRX062024.0038","BR236","35000","0000-00-00 00:00:00"
"114","TRX062024.0039","BR152","3000","0000-00-00 00:00:00"
"115","TRX062024.0040","BR159","7500","0000-00-00 00:00:00"
"116","TRX062024.0041","BR011","34000","0000-00-00 00:00:00"
"117","TRX062024.0042","BR026","30000","0000-00-00 00:00:00"
"118","TRX062024.0043","BR247","58000","0000-00-00 00:00:00"
"119","TRX062024.0043","BR248","21000","0000-00-00 00:00:00"
"120","TRX062024.0044","BR249","28000","0000-00-00 00:00:00"
"121","TRX062024.0045","BR019","26000","0000-00-00 00:00:00"
"122","TRX062024.0046","BR011","33000","0000-00-00 00:00:00"
"123","TRX062024.0046","BR018","42000","0000-00-00 00:00:00"
"124","TRX062024.0046","BR021","100000","0000-00-00 00:00:00"
"125","TRX062024.0046","BR169","18000","0000-00-00 00:00:00"
"126","TRX062024.0046","BR173","3000","0000-00-00 00:00:00"
"127","TRX062024.0047","BR015","26000","0000-00-00 00:00:00"
"128","TRX062024.0048","BR159","28000","0000-00-00 00:00:00"
"129","TRX062024.0048","BR153","3000","0000-00-00 00:00:00"
"130","TRX062024.0048","BR139","2000","0000-00-00 00:00:00"
"131","TRX062024.0048","BR175","3000","0000-00-00 00:00:00"
"132","TRX062024.0048","BR190","1500","0000-00-00 00:00:00"
"133","TRX062024.0048","BR152","3000","0000-00-00 00:00:00"
"134","TRX062024.0048","BR101","1000","0000-00-00 00:00:00"
"135","TRX062024.0048","BR127","4000","0000-00-00 00:00:00"
"136","TRX062024.0048","BR086","2000","0000-00-00 00:00:00"
"137","TRX062024.0048","BR102","2000","0000-00-00 00:00:00"
"138","TRX062024.0048","BR250","60000","0000-00-00 00:00:00"
"139","TRX062024.0048","BR170","3000","0000-00-00 00:00:00"
"140","TRX062024.0048","BR022","34000","0000-00-00 00:00:00"
"141","TRX062024.0048","BR009","102000","0000-00-00 00:00:00"
"142","TRX062024.0048","BR017","54000","0000-00-00 00:00:00"
"143","TRX062024.0048","BR168","9000","0000-00-00 00:00:00"
"144","TRX062024.0048","BR174","6000","0000-00-00 00:00:00"
"145","TRX062024.0048","BR218","30000","0000-00-00 00:00:00"
"146","TRX062024.0048","BR025","39000","0000-00-00 00:00:00"
"147","TRX062024.0048","BR024","15000","0000-00-00 00:00:00"
"148","TRX062024.0048","BR108","2000","0000-00-00 00:00:00"
"149","TRX062024.0048","BR094","2000","0000-00-00 00:00:00"
"150","TRX062024.0048","BR084","4000","0000-00-00 00:00:00"
"151","TRX062024.0048","BR162","10000","0000-00-00 00:00:00"
"152","TRX062024.0048","BR117","5000","0000-00-00 00:00:00"
"153","TRX062024.0048","BR155","7000","0000-00-00 00:00:00"
"154","TRX062024.0048","BR251","80000","0000-00-00 00:00:00"
"155","TRX062024.0049","BR006","15000","0000-00-00 00:00:00"
"156","TRX062024.0049","BR215","15000","0000-00-00 00:00:00"
"157","TRX062024.0050","BR220","15000","0000-00-00 00:00:00"
"158","TRX062024.0051","BR241","22000","0000-00-00 00:00:00"
"159","TRX062024.0051","BR235","22000","0000-00-00 00:00:00"
"160","TRX062024.0051","BR252","37000","0000-00-00 00:00:00"
"161","TRX062024.0051","BR182","3200","0000-00-00 00:00:00"
"162","TRX062024.0052","BR021","27000","0000-00-00 00:00:00"
"163","TRX062024.0052","BR220","17000","0000-00-00 00:00:00"
"164","TRX062024.0052","BR241","11000","0000-00-00 00:00:00"
"165","TRX062024.0053","BR177","25000","0000-00-00 00:00:00"
"166","TRX062024.0053","BR168","3000","0000-00-00 00:00:00"
"167","TRX062024.0053","BR153","9000","0000-00-00 00:00:00"
"168","TRX062024.0053","BR009","35000","0000-00-00 00:00:00"
"169","TRX062024.0053","BR010","28000","0000-00-00 00:00:00"
"170","TRX062024.0053","BR018","22000","0000-00-00 00:00:00"
"171","TRX062024.0053","BR230","38000","0000-00-00 00:00:00"
"172","TRX062024.0053","BR021","26000","0000-00-00 00:00:00"
"173","TRX062024.0054","BR220","17000","0000-00-00 00:00:00"
"174","TRX062024.0055","BR014","45000","0000-00-00 00:00:00"
"175","TRX062024.0055","BR168","3000","0000-00-00 00:00:00"
"176","TRX062024.0056","BR218","17000","0000-00-00 00:00:00"
"177","TRX062024.0056","BR009","35000","0000-00-00 00:00:00"
"178","TRX062024.0056","BR152","3000","0000-00-00 00:00:00"
"179","TRX062024.0056","BR117","1100","0000-00-00 00:00:00"
"180","TRX062024.0057","BR250","64000","0000-00-00 00:00:00"
"181","TRX062024.0058","BR195","16000","0000-00-00 00:00:00"
"182","TRX062024.0059","BR006","17000","0000-00-00 00:00:00"
"183","TRX062024.0060","BR241","11000","0000-00-00 00:00:00"
"184","TRX062024.0060","BR195","16000","0000-00-00 00:00:00"
"185","TRX062024.0061","BR093","1100","0000-00-00 00:00:00"
"186","TRX062024.0061","BR253","13000","0000-00-00 00:00:00"
"187","TRX062024.0062","BR026","30000","0000-00-00 00:00:00"
"188","TRX062024.0063","BR168","3000","0000-00-00 00:00:00"
"189","TRX062024.0064","BR254","7500","0000-00-00 00:00:00"
"190","TRX062024.0064","BR158","5000","0000-00-00 00:00:00"
"191","TRX062024.0064","BR087","500","0000-00-00 00:00:00"
"192","TRX062024.0064","BR103","3000","0000-00-00 00:00:00"
"193","TRX062024.0064","BR164","10000","0000-00-00 00:00:00"
"194","TRX062024.0064","BR022","68000","0000-00-00 00:00:00"
"195","TRX062024.0064","BR170","6000","0000-00-00 00:00:00"
"196","TRX062024.0064","BR182","6000","0000-00-00 00:00:00"
"197","TRX062024.0064","BR175","6000","0000-00-00 00:00:00"
"198","TRX062024.0064","BR019","25000","0000-00-00 00:00:00"
"199","TRX062024.0064","BR009","136000","0000-00-00 00:00:00"
"200","TRX062024.0064","BR020","30000","0000-00-00 00:00:00"
"201","TRX062024.0064","BR117","3000","0000-00-00 00:00:00"
"202","TRX062024.0064","BR140","4000","0000-00-00 00:00:00"
"203","TRX062024.0064","BR149","8000","0000-00-00 00:00:00"
"204","TRX062024.0064","BR188","5000","0000-00-00 00:00:00"
"205","TRX062024.0064","BR017","27000","0000-00-00 00:00:00"
"206","TRX062024.0065","BR006","16000","0000-00-00 00:00:00"
"207","TRX062024.0066","BR013","78000","0000-00-00 00:00:00"
"208","TRX062024.0066","BR255","12000","0000-00-00 00:00:00"
"209","TRX062024.0066","BR118","8000","0000-00-00 00:00:00"
"210","TRX062024.0067","BR022","18000","0000-00-00 00:00:00"
"211","TRX062024.0067","BR168","3000","0000-00-00 00:00:00"
"212","TRX062024.0068","BR220","17000","0000-00-00 00:00:00"
"213","TRX062024.0069","BR065","22000","0000-00-00 00:00:00"
"214","TRX062024.0070","BR065","22000","0000-00-00 00:00:00"
"215","TRX062024.0071","BR178","40000","0000-00-00 00:00:00"
"216","TRX062024.0072","BR028","12000","0000-00-00 00:00:00"
"217","TRX062024.0073","BR153","21000","0000-00-00 00:00:00"
"218","TRX062024.0073","BR256","25000","0000-00-00 00:00:00"
"219","TRX062024.0074","BR257","45000","0000-00-00 00:00:00"
"220","TRX062024.0075","BR168","6000","0000-00-00 00:00:00"
"221","TRX062024.0075","BR173","3000","0000-00-00 00:00:00"
"222","TRX062024.0075","BR043","48000","0000-00-00 00:00:00"
"223","TRX062024.0075","BR044","53000","0000-00-00 00:00:00"
"224","TRX062024.0075","BR069","8500","0000-00-00 00:00:00"
"225","TRX062024.0075","BR051","20000","0000-00-00 00:00:00"
"226","TRX062024.0076","BR118","4500","0000-00-00 00:00:00"
"227","TRX062024.0077","BR168","3000","0000-00-00 00:00:00"
"228","TRX062024.0077","BR014","45000","0000-00-00 00:00:00"
"229","TRX062024.0078","BR026","60000","0000-00-00 00:00:00"
"230","TRX062024.0079","BR195","15000","0000-00-00 00:00:00"
"231","TRX062024.0079","BR051","20000","0000-00-00 00:00:00"
"232","TRX062024.0080","BR009","34000","0000-00-00 00:00:00"
"233","TRX062024.0080","BR168","3000","0000-00-00 00:00:00"
"234","TRX062024.0080","BR017","27000","0000-00-00 00:00:00"
"235","TRX062024.0080","BR258","12000","0000-00-00 00:00:00"
"236","TRX062024.0081","BR259","937500","0000-00-00 00:00:00"
"237","TRX062024.0081","BR226","14000","0000-00-00 00:00:00"
"238","TRX062024.0081","BR218","34000","0000-00-00 00:00:00"
"239","TRX062024.0081","BR224","34000","0000-00-00 00:00:00"
"240","TRX062024.0081","BR168","12000","0000-00-00 00:00:00"
"241","TRX062024.0081","BR220","34000","0000-00-00 00:00:00"
"242","TRX062024.0081","BR153","21000","0000-00-00 00:00:00"
"243","TRX062024.0081","BR006","17000","0000-00-00 00:00:00"
"244","TRX062024.0081","BR170","6000","0000-00-00 00:00:00"
"245","TRX062024.0081","BR174","3000","0000-00-00 00:00:00"
"246","TRX062024.0082","BR127","4400","0000-00-00 00:00:00"
"247","TRX062024.0083","BR220","17000","0000-00-00 00:00:00"
"248","TRX062024.0084","BR207","3000","0000-00-00 00:00:00"
"249","TRX062024.0084","BR208","28000","0000-00-00 00:00:00"
"250","TRX062024.0085","BR010","56000","0000-00-00 00:00:00"
"251","TRX062024.0085","BR015","28000","0000-00-00 00:00:00"
"252","TRX062024.0085","BR260","19000","0000-00-00 00:00:00"
"253","TRX062024.0086","BR065","12000","0000-00-00 00:00:00"
"254","TRX062024.0087","BR018","22000","0000-00-00 00:00:00"
"255","TRX062024.0088","BR009","35000","0000-00-00 00:00:00"
"256","TRX062024.0089","BR093","2000","0000-00-00 00:00:00"
"257","TRX062024.0089","BR235","10000","0000-00-00 00:00:00"
"258","TRX062024.0090","BR262","15000","0000-00-00 00:00:00"
"259","TRX062024.0090","BR241","11000","0000-00-00 00:00:00"
"260","TRX062024.0090","BR235","11000","0000-00-00 00:00:00"
"261","TRX062024.0091","BR011","34000","0000-00-00 00:00:00"
"262","TRX062024.0092","BR261","11000","0000-00-00 00:00:00"
"263","TRX062024.0093","BR168","3000","0000-00-00 00:00:00"
"264","TRX062024.0093","BR024","15000","0000-00-00 00:00:00"
"265","TRX062024.0093","BR250","90000","0000-00-00 00:00:00"
"266","TRX062024.0093","BR098","4000","0000-00-00 00:00:00"
"267","TRX062024.0093","BR101","3000","0000-00-00 00:00:00"
"268","TRX062024.0093","BR109","2600","0000-00-00 00:00:00"
"269","TRX062024.0093","BR017","27000","0000-00-00 00:00:00"
"270","TRX062024.0093","BR175","3000","0000-00-00 00:00:00"
"271","TRX062024.0093","BR205","10000","0000-00-00 00:00:00"
"272","TRX062024.0093","BR018","21000","0000-00-00 00:00:00"
"273","TRX062024.0093","BR022","51000","0000-00-00 00:00:00"
"274","TRX062024.0093","BR025","39000","0000-00-00 00:00:00"
"275","TRX062024.0093","BR193","4000","0000-00-00 00:00:00"
"276","TRX062024.0093","BR117","5000","0000-00-00 00:00:00"
"277","TRX062024.0093","BR263","18000","0000-00-00 00:00:00"
"278","TRX062024.0094","BR009","136000","0000-00-00 00:00:00"
"279","TRX062024.0094","BR174","15000","0000-00-00 00:00:00"
"280","TRX062024.0094","BR230","37000","0000-00-00 00:00:00"
"281","TRX062024.0094","BR022","17000","0000-00-00 00:00:00"
"282","TRX062024.0094","BR220","15000","0000-00-00 00:00:00"
"283","TRX062024.0094","BR232","18000","0000-00-00 00:00:00"
"284","TRX062024.0095","BR168","3000","0000-00-00 00:00:00"
"285","TRX062024.0095","BR117","4800","0000-00-00 00:00:00"
"286","TRX062024.0095","BR170","3000","0000-00-00 00:00:00"
"287","TRX062024.0095","BR026","30000","0000-00-00 00:00:00"
"288","TRX062024.0095","BR025","40000","0000-00-00 00:00:00"
"289","TRX062024.0095","BR021","26000","0000-00-00 00:00:00"
"290","TRX062024.0096","BR168","3000","0000-00-00 00:00:00"
"291","TRX062024.0097","BR152","3000","0000-00-00 00:00:00"
"292","TRX062024.0097","BR175","3000","0000-00-00 00:00:00"
"293","TRX062024.0097","BR087","1000","0000-00-00 00:00:00"
"294","TRX062024.0098","BR006","75000","0000-00-00 00:00:00"
"295","TRX062024.0098","BR224","45000","0000-00-00 00:00:00"
"296","TRX062024.0098","BR159","7000","0000-00-00 00:00:00"
"297","TRX062024.0099","BR168","3000","0000-00-00 00:00:00"
"298","TRX062024.0099","BR020","30000","0000-00-00 00:00:00"
"299","TRX062024.0100","BR235","11000","0000-00-00 00:00:00"
"300","TRX062024.0100","BR011","68000","0000-00-00 00:00:00"
"301","TRX062024.0100","BR254","12000","0000-00-00 00:00:00"
"302","TRX062024.0100","BR006","17000","0000-00-00 00:00:00"
"303","TRX062024.0100","BR238","23000","0000-00-00 00:00:00"
"304","TRX062024.0101","BR170","6000","0000-00-00 00:00:00"
"305","TRX062024.0101","BR264","85000","0000-00-00 00:00:00"
"306","TRX062024.0102","BR081","6000","0000-00-00 00:00:00"
"307","TRX062024.0103","BR091","8000","0000-00-00 00:00:00"
"308","TRX062024.0103","BR149","9000","0000-00-00 00:00:00"
"309","TRX062024.0104","BR265","17000","0000-00-00 00:00:00"
"310","TRX062024.0105","BR177","25000","0000-00-00 00:00:00"
"311","TRX062024.0106","BR220","17000","0000-00-00 00:00:00"
"312","TRX062024.0106","BR218","34000","0000-00-00 00:00:00"
"313","TRX062024.0107","BR153","3000","0000-00-00 00:00:00"
"314","TRX062024.0107","BR115","2000","0000-00-00 00:00:00"
"315","TRX062024.0107","BR102","2000","0000-00-00 00:00:00"
"316","TRX062024.0107","BR220","15000","0000-00-00 00:00:00"
"317","TRX062024.0107","BR218","75000","0000-00-00 00:00:00"
"318","TRX062024.0107","BR164","5000","0000-00-00 00:00:00"
"319","TRX062024.0107","BR228","20000","0000-00-00 00:00:00"
"320","TRX062024.0107","BR022","34000","0000-00-00 00:00:00"
"321","TRX062024.0107","BR010","27000","0000-00-00 00:00:00"
"322","TRX062024.0107","BR065","11000","0000-00-00 00:00:00"
"323","TRX062024.0108","BR168","6000","0000-00-00 00:00:00"
"324","TRX062024.0108","BR014","88000","0000-00-00 00:00:00"
"325","TRX062024.0109","BR093","5000","0000-00-00 00:00:00"
"326","TRX062024.0109","BR107","9000","0000-00-00 00:00:00"
"327","TRX062024.0109","BR153","3000","0000-00-00 00:00:00"
"328","TRX062024.0110","BR020","31000","0000-00-00 00:00:00"
"329","TRX062024.0111","BR152","3000","0000-00-00 00:00:00"
"330","TRX062024.0112","BR006","15000","0000-00-00 00:00:00"
"331","TRX062024.0112","BR011","33000","0000-00-00 00:00:00"
"332","TRX062024.0113","BR053","3000","0000-00-00 00:00:00"
"333","TRX062024.0114","BR011","68000","0000-00-00 00:00:00"
"334","TRX062024.0114","BR220","15000","0000-00-00 00:00:00"
"335","TRX062024.0114","BR241","11000","0000-00-00 00:00:00"
"336","TRX062024.0115","BR154","240000","0000-00-00 00:00:00"
"337","TRX062024.0115","BR153","12000","0000-00-00 00:00:00"
"338","TRX062024.0115","BR018","22000","0000-00-00 00:00:00"
"339","TRX062024.0115","BR017","28000","0000-00-00 00:00:00"
"340","TRX062024.0115","BR241","11000","0000-00-00 00:00:00"
"341","TRX062024.0115","BR235","11000","2024-06-13 11:26:38"
"342","TRX062024.0116","BR018","21000","0000-00-00 00:00:00"
"343","TRX062024.0117","BR147","9000","0000-00-00 00:00:00"
"344","TRX062024.0118","BR235","11000","0000-00-00 00:00:00"
"345","TRX062024.0119","BR006","15000","0000-00-00 00:00:00"
"346","TRX062024.0120","BR164","10000","0000-00-00 00:00:00"
"347","TRX062024.0120","BR170","15000","0000-00-00 00:00:00"
"348","TRX062024.0120","BR022","51000","0000-00-00 00:00:00"
"349","TRX062024.0120","BR009","102000","0000-00-00 00:00:00"
"350","TRX062024.0120","BR013","39000","0000-00-00 00:00:00"
"351","TRX062024.0120","BR018","21000","0000-00-00 00:00:00"
"352","TRX062024.0120","BR161","12000","0000-00-00 00:00:00"
"353","TRX062024.0120","BR159","7000","0000-00-00 00:00:00"
"354","TRX062024.0120","BR006","45000","0000-00-00 00:00:00"
"355","TRX062024.0120","BR021","25000","0000-00-00 00:00:00"
"356","TRX062024.0120","BR117","5000","0000-00-00 00:00:00"
"357","TRX062024.0121","BR117","1200","0000-00-00 00:00:00"
"358","TRX062024.0121","BR254","3000","0000-00-00 00:00:00"
"359","TRX062024.0122","BR172","3000","0000-00-00 00:00:00"
"360","TRX062024.0122","BR152","6000","0000-00-00 00:00:00"
"361","TRX062024.0123","BR011","34000","0000-00-00 00:00:00"
"362","TRX062024.0124","BR025","40000","0000-00-00 00:00:00"
"363","TRX062024.0125","BR006","17000","0000-00-00 00:00:00"
"364","TRX062024.0125","BR252","35000","0000-00-00 00:00:00"
"365","TRX062024.0125","BR241","11000","0000-00-00 00:00:00"
"366","TRX062024.0126","BR176","3000","0000-00-00 00:00:00"
"367","TRX062024.0127","BR220","15000","0000-00-00 00:00:00"
"368","TRX062024.0128","BR152","6000","0000-00-00 00:00:00"
"369","TRX062024.0128","BR175","3000","0000-00-00 00:00:00"
"370","TRX062024.0129","BR013","78000","0000-00-00 00:00:00"
"371","TRX062024.0130","BR018","21000","0000-00-00 00:00:00"
"372","TRX062024.0131","BR168","3000","0000-00-00 00:00:00"
"373","TRX062024.0131","BR010","28000","0000-00-00 00:00:00"
"374","TRX062024.0131","BR152","3000","0000-00-00 00:00:00"
"375","TRX062024.0132","BR168","3000","0000-00-00 00:00:00"
"376","TRX062024.0132","BR014","45000","0000-00-00 00:00:00"
"377","TRX062024.0133","BR168","3000","0000-00-00 00:00:00"
"378","TRX062024.0133","BR009","35000","0000-00-00 00:00:00"
"379","TRX062024.0133","BR152","3000","0000-00-00 00:00:00"
"380","TRX062024.0134","BR177","25000","0000-00-00 00:00:00"
"381","TRX062024.0134","BR076","7000","0000-00-00 00:00:00"
"382","TRX062024.0135","BR177","50000","0000-00-00 00:00:00"
"383","TRX062024.0136","BR006","15000","0000-00-00 00:00:00"
"384","TRX062024.0137","BR065","88000","0000-00-00 00:00:00"
"385","TRX062024.0138","BR026","30000","0000-00-00 00:00:00"
"386","TRX062024.0138","BR253","13000","0000-00-00 00:00:00"
"387","TRX062024.0139","BR266","8000","0000-00-00 00:00:00"
"388","TRX062024.0140","BR239","44000","0000-00-00 00:00:00"
"389","TRX062024.0141","BR267","25000","0000-00-00 00:00:00"
"390","TRX062024.0142","BR175","3000","0000-00-00 00:00:00"
"391","TRX062024.0142","BR149","8000","0000-00-00 00:00:00"
"392","TRX062024.0142","BR218","15000","0000-00-00 00:00:00"
"393","TRX062024.0142","BR022","51000","0000-00-00 00:00:00"
"394","TRX062024.0142","BR170","3000","0000-00-00 00:00:00"
"395","TRX062024.0142","BR009","102000","0000-00-00 00:00:00"
"396","TRX062024.0142","BR101","1000","0000-00-00 00:00:00"
"397","TRX062024.0142","BR164","5000","0000-00-00 00:00:00"
"398","TRX062024.0142","BR250","60000","0000-00-00 00:00:00"
"399","TRX062024.0142","BR230","37000","0000-00-00 00:00:00"
"400","TRX062024.0142","BR013","39000","0000-00-00 00:00:00"
"401","TRX062024.0142","BR154","6000","0000-00-00 00:00:00"
"402","TRX062024.0143","BR152","3000","0000-00-00 00:00:00"
"403","TRX062024.0143","BR134","8000","0000-00-00 00:00:00"
"404","TRX062024.0143","BR121","9000","0000-00-00 00:00:00"
"405","TRX062024.0143","BR147","9000","0000-00-00 00:00:00"
"406","TRX062024.0144","BR026","30000","0000-00-00 00:00:00"
"407","TRX062024.0145","BR091","9000","0000-00-00 00:00:00"
"408","TRX062024.0145","BR153","3000","0000-00-00 00:00:00"
"409","TRX062024.0146","BR153","42000","0000-00-00 00:00:00"
"410","TRX062024.0146","BR117","28800","0000-00-00 00:00:00"
"411","TRX062024.0146","BR093","19200","0000-00-00 00:00:00"
"412","TRX062024.0147","BR163","52000","0000-00-00 00:00:00"
"413","TRX062024.0148","BR025","80000","0000-00-00 00:00:00"
"414","TRX062024.0148","BR011","34000","0000-00-00 00:00:00"
"415","TRX062024.0148","BR022","18000","0000-00-00 00:00:00"
"416","TRX062024.0148","BR006","17000","0000-00-00 00:00:00"
"417","TRX062024.0149","BR168","3000","0000-00-00 00:00:00"
"418","TRX062024.0150","BR220","17000","0000-00-00 00:00:00"
"419","TRX062024.0150","BR019","26000","0000-00-00 00:00:00"
"420","TRX062024.0151","BR178","40000","0000-00-00 00:00:00"
"421","TRX062024.0151","BR256","25000","0000-00-00 00:00:00"
"422","TRX062024.0152","BR256","25000","0000-00-00 00:00:00"
"423","TRX062024.0153","BR268","235000","0000-00-00 00:00:00"
"424","TRX062024.0154","BR269","130000","0000-00-00 00:00:00"
"425","TRX062024.0155","BR022","18000","0000-00-00 00:00:00"
"426","TRX062024.0156","BR270","158000","0000-00-00 00:00:00"
"427","TRX062024.0157","BR149","8000","0000-00-00 00:00:00"
"428","TRX062024.0157","BR117","2000","0000-00-00 00:00:00"
"429","TRX062024.0158","BR175","12000","0000-00-00 00:00:00"
"430","TRX062024.0158","BR250","60000","0000-00-00 00:00:00"
"431","TRX062024.0158","BR087","1000","0000-00-00 00:00:00"
"432","TRX062024.0158","BR126","1000","0000-00-00 00:00:00"
"433","TRX062024.0158","BR129","2000","0000-00-00 00:00:00"
"434","TRX062024.0158","BR220","15000","0000-00-00 00:00:00"
"435","TRX062024.0158","BR020","30000","0000-00-00 00:00:00"
"436","TRX062024.0158","BR006","15000","0000-00-00 00:00:00"
"437","TRX062024.0158","BR022","102000","0000-00-00 00:00:00"
"438","TRX062024.0158","BR017","27000","0000-00-00 00:00:00"
"439","TRX062024.0158","BR117","2000","0000-00-00 00:00:00"
"440","TRX062024.0159","BR044","53000","0000-00-00 00:00:00"
"441","TRX062024.0160","BR266","8000","0000-00-00 00:00:00"
"442","TRX062024.0161","BR006","17000","0000-00-00 00:00:00"
"443","TRX062024.0162","BR175","3000","0000-00-00 00:00:00"
"444","TRX062024.0162","BR087","2000","0000-00-00 00:00:00"
"445","TRX062024.0163","BR258","15000","0000-00-00 00:00:00"
"446","TRX062024.0163","BR065","11000","0000-00-00 00:00:00"
"447","TRX062024.0164","BR218","45000","0000-00-00 00:00:00"
"448","TRX062024.0164","BR019","200000","0000-00-00 00:00:00"
"449","TRX062024.0164","BR168","9000","0000-00-00 00:00:00"
"450","TRX062024.0164","BR173","3000","0000-00-00 00:00:00"
"451","TRX062024.0164","BR009","34000","0000-00-00 00:00:00"
"452","TRX062024.0164","BR015","27000","0000-00-00 00:00:00"
"453","TRX062024.0164","BR152","3000","0000-00-00 00:00:00"
"454","TRX062024.0164","BR263","18000","0000-00-00 00:00:00"
"455","TRX062024.0164","BR018","21000","0000-00-00 00:00:00"
"456","TRX062024.0165","BR017","28000","0000-00-00 00:00:00"
"457","TRX062024.0165","BR018","22000","0000-00-00 00:00:00"
"458","TRX062024.0166","BR218","68000","0000-00-00 00:00:00"
"459","TRX062024.0166","BR168","6000","0000-00-00 00:00:00"
"460","TRX062024.0166","BR153","9000","0000-00-00 00:00:00"
"461","TRX062024.0166","BR154","8000","0000-00-00 00:00:00"
"462","TRX062024.0166","BR043","48000","0000-00-00 00:00:00"
"463","TRX062024.0166","BR220","17000","0000-00-00 00:00:00"
"464","TRX062024.0167","BR220","17000","0000-00-00 00:00:00"
"465","TRX062024.0167","BR235","11000","0000-00-00 00:00:00"
"466","TRX062024.0167","BR241","11000","0000-00-00 00:00:00"
"467","TRX062024.0167","BR085","8000","0000-00-00 00:00:00"
"468","TRX062024.0168","BR177","25000","0000-00-00 00:00:00"
"469","TRX062024.0168","BR178","80000","0000-00-00 00:00:00"
"470","TRX062024.0168","BR065","120000","0000-00-00 00:00:00"
"471","TRX062024.0169","BR011","35000","0000-00-00 00:00:00"
"472","TRX062024.0169","BR006","17000","0000-00-00 00:00:00"
"473","TRX062024.0169","BR230","76000","0000-00-00 00:00:00"
"474","TRX062024.0170","BR230","114000","0000-00-00 00:00:00"
"475","TRX062024.0170","BR177","25000","0000-00-00 00:00:00"
"476","TRX062024.0170","BR178","40000","0000-00-00 00:00:00"
"477","TRX062024.0171","BR271","10000","0000-00-00 00:00:00"
"478","TRX062024.0171","BR272","10000","0000-00-00 00:00:00"
"479","TRX062024.0171","BR273","9000","0000-00-00 00:00:00"
"480","TRX062024.0171","BR274","14000","0000-00-00 00:00:00"
"481","TRX062024.0172","BR195","16000","0000-00-00 00:00:00"
"482","TRX062024.0172","BR199","12000","0000-00-00 00:00:00"
"483","TRX062024.0172","BR108","6000","0000-00-00 00:00:00"
"484","TRX062024.0172","BR094","6000","0000-00-00 00:00:00"
"485","TRX062024.0172","BR235","11000","0000-00-00 00:00:00"
"486","TRX062024.0173","BR220","17000","0000-00-00 00:00:00"
"487","TRX062024.0174","BR149","9000","0000-00-00 00:00:00"
"488","TRX062024.0174","BR091","9000","0000-00-00 00:00:00"
"489","TRX062024.0175","BR201","200000","0000-00-00 00:00:00"
"490","TRX062024.0175","BR195","16000","0000-00-00 00:00:00"
"491","TRX062024.0175","BR044","106000","0000-00-00 00:00:00"
"492","TRX062024.0176","BR048","8000","0000-00-00 00:00:00"
"493","TRX062024.0177","BR018","21000","0000-00-00 00:00:00"
"494","TRX062024.0178","BR025","39000","0000-00-00 00:00:00"
"495","TRX062024.0179","BR009","34000","0000-00-00 00:00:00"
"496","TRX062024.0179","BR018","21000","0000-00-00 00:00:00"
"497","TRX062024.0180","BR118","4000","0000-00-00 00:00:00"
"498","TRX062024.0180","BR017","81000","0000-00-00 00:00:00"
"499","TRX062024.0180","BR170","3000","0000-00-00 00:00:00"
"500","TRX062024.0180","BR164","5000","0000-00-00 00:00:00"
"501","TRX062024.0180","BR175","3000","0000-00-00 00:00:00"
"502","TRX062024.0180","BR157","21000","0000-00-00 00:00:00"
"503","TRX062024.0180","BR006","15000","0000-00-00 00:00:00"
"504","TRX062024.0180","BR125","5000","0000-00-00 00:00:00"
"505","TRX062024.0180","BR123","8000","0000-00-00 00:00:00"
"506","TRX062024.0180","BR093","1000","0000-00-00 00:00:00"
"507","TRX062024.0180","BR149","8000","0000-00-00 00:00:00"
"508","TRX062024.0180","BR216","12000","0000-00-00 00:00:00"
"509","TRX062024.0180","BR020","30000","0000-00-00 00:00:00"
"510","TRX062024.0180","BR224","15000","0000-00-00 00:00:00"
"511","TRX062024.0180","BR152","3000","0000-00-00 00:00:00"
"512","TRX062024.0180","BR009","34000","0000-00-00 00:00:00"
"513","TRX062024.0180","BR117","5000","0000-00-00 00:00:00"
"514","TRX062024.0180","BR022","17000","0000-00-00 00:00:00"
"515","TRX062024.0181","BR011","34000","0000-00-00 00:00:00"
"516","TRX062024.0181","BR168","3000","0000-00-00 00:00:00"
"517","TRX062024.0182","BR153","6000","0000-00-00 00:00:00"
"518","TRX062024.0182","BR107","10000","0000-00-00 00:00:00"
"519","TRX062024.0183","BR152","6000","0000-00-00 00:00:00"
"520","TRX062024.0183","BR175","6000","0000-00-00 00:00:00"
"521","TRX062024.0184","BR168","3000","0000-00-00 00:00:00"
"522","TRX062024.0184","BR017","54000","0000-00-00 00:00:00"
"523","TRX062024.0184","BR117","5000","0000-00-00 00:00:00"
"524","TRX062024.0184","BR065","88000","0000-00-00 00:00:00"
"525","TRX062024.0185","BR011","70000","0000-00-00 00:00:00"
"526","TRX062024.0185","BR235","11000","0000-00-00 00:00:00"
"527","TRX062024.0185","BR242","33000","0000-00-00 00:00:00"
"528","TRX062024.0186","BR015","28000","0000-00-00 00:00:00"
"529","TRX062024.0187","BR168","3000","0000-00-00 00:00:00"
"530","TRX062024.0188","BR025","39000","0000-00-00 00:00:00"
"531","TRX062024.0189","BR155","7000","0000-00-00 00:00:00"
"532","TRX062024.0190","BR006","17000","0000-00-00 00:00:00"
"533","TRX062024.0190","BR176","3000","0000-00-00 00:00:00"
"534","TRX062024.0190","BR212","4000","0000-00-00 00:00:00"
"535","TRX062024.0190","BR241","10000","0000-00-00 00:00:00"
"536","TRX062024.0190","BR093","12000","0000-00-00 00:00:00"
"537","TRX062024.0190","BR117","14400","0000-00-00 00:00:00"
"538","TRX062024.0191","BR269","49000","0000-00-00 00:00:00"
"539","TRX062024.0192","BR256","25000","0000-00-00 00:00:00"
"540","TRX062024.0192","BR268","750000","0000-00-00 00:00:00"
"541","TRX062024.0193","BR236","35000","0000-00-00 00:00:00"
"542","TRX062024.0194","BR009","34000","0000-00-00 00:00:00"
"543","TRX062024.0194","BR230","37000","0000-00-00 00:00:00"
"544","TRX062024.0194","BR108","2000","0000-00-00 00:00:00"
"545","TRX062024.0194","BR084","2000","0000-00-00 00:00:00"
"546","TRX062024.0194","BR168","3000","0000-00-00 00:00:00"
"547","TRX062024.0194","BR250","60000","0000-00-00 00:00:00"
"548","TRX062024.0194","BR017","27000","0000-00-00 00:00:00"
"549","TRX062024.0194","BR022","51000","0000-00-00 00:00:00"
"550","TRX062024.0194","BR162","10000","0000-00-00 00:00:00"
"551","TRX062024.0194","BR025","39000","0000-00-00 00:00:00"
"552","TRX062024.0194","BR085","6000","0000-00-00 00:00:00"
"553","TRX062024.0194","BR093","1000","0000-00-00 00:00:00"
"554","TRX062024.0195","BR164","15000","0000-00-00 00:00:00"
"555","TRX062024.0195","BR234","10000","0000-00-00 00:00:00"
"556","TRX062024.0195","BR121","8000","0000-00-00 00:00:00"
"557","TRX062024.0195","BR139","2000","0000-00-00 00:00:00"
"558","TRX062024.0195","BR117","4000","0000-00-00 00:00:00"
"559","TRX062024.0195","BR276","2000","0000-00-00 00:00:00"
"560","TRX062024.0195","BR098","2000","0000-00-00 00:00:00"
"561","TRX062024.0196","BR084","2000","0000-00-00 00:00:00"
"562","TRX062024.0196","BR165","5000","0000-00-00 00:00:00"
"563","TRX062024.0196","BR091","4000","0000-00-00 00:00:00"
"564","TRX062024.0196","BR164","10000","0000-00-00 00:00:00"
"565","TRX062024.0197","BR117","6000","0000-00-00 00:00:00"
"566","TRX062024.0197","BR134","7000","0000-00-00 00:00:00"
"567","TRX062024.0197","BR098","4000","0000-00-00 00:00:00"
"568","TRX062024.0197","BR158","10000","0000-00-00 00:00:00"
"569","TRX062024.0197","BR084","8000","0000-00-00 00:00:00"
"570","TRX062024.0197","BR087","2000","0000-00-00 00:00:00"
"571","TRX062024.0197","BR149","8000","0000-00-00 00:00:00"
"572","TRX062024.0197","BR164","10000","0000-00-00 00:00:00"
"573","TRX062024.0198","BR168","6000","0000-00-00 00:00:00"
"574","TRX062024.0199","BR015","28000","0000-00-00 00:00:00"
"575","TRX062024.0199","BR174","3000","0000-00-00 00:00:00"
"576","TRX062024.0200","BR168","9000","0000-00-00 00:00:00"
"577","TRX062024.0200","BR013","39000","0000-00-00 00:00:00"
"578","TRX062024.0201","BR168","3000","0000-00-00 00:00:00"
"579","TRX062024.0201","BR093","1200","0000-00-00 00:00:00"
"580","TRX062024.0201","BR014","45000","0000-00-00 00:00:00"
"581","TRX062024.0202","BR100","2500","0000-00-00 00:00:00"
"582","TRX062024.0202","BR119","9600","0000-00-00 00:00:00"
"583","TRX062024.0202","BR091","4500","0000-00-00 00:00:00"
"584","TRX062024.0202","BR276","2200","0000-00-00 00:00:00"
"585","TRX062024.0202","BR113","2200","0000-00-00 00:00:00"
"586","TRX062024.0202","BR127","2200","0000-00-00 00:00:00"
"587","TRX062024.0202","BR275","2500","0000-00-00 00:00:00"
"588","TRX062024.0202","BR130","2500","0000-00-00 00:00:00"
"589","TRX062024.0202","BR097","2500","0000-00-00 00:00:00"
"590","TRX062024.0203","BR170","3000","0000-00-00 00:00:00"
"591","TRX062024.0204","BR149","9000","0000-00-00 00:00:00"
"592","TRX062024.0204","BR278","3200","0000-00-00 00:00:00"
"593","TRX062024.0204","BR017","28000","0000-00-00 00:00:00"
"594","TRX062024.0205","BR011","68000","0000-00-00 00:00:00"
"595","TRX062024.0205","BR025","78000","0000-00-00 00:00:00"
"596","TRX062024.0206","BR091","4000","0000-00-00 00:00:00"
"597","TRX062024.0206","BR172","3000","0000-00-00 00:00:00"
"598","TRX062024.0207","BR149","9000","0000-00-00 00:00:00"
"599","TRX062024.0207","BR017","28000","0000-00-00 00:00:00"
"600","TRX062024.0208","BR235","22000","0000-00-00 00:00:00"
"601","TRX062024.0209","BR026","30000","0000-00-00 00:00:00"
"602","TRX062024.0210","BR224","34000","0000-00-00 00:00:00"
"603","TRX062024.0211","BR160","20000","0000-00-00 00:00:00"
"604","TRX062024.0212","BR218","17000","0000-00-00 00:00:00"
"605","TRX062024.0212","BR011","35000","0000-00-00 00:00:00"
"606","TRX062024.0212","BR117","2400","0000-00-00 00:00:00"
"607","TRX062024.0212","BR220","17000","0000-00-00 00:00:00"
"608","TRX062024.0212","BR015","28000","0000-00-00 00:00:00"
"609","TRX062024.0213","BR018","21000","0000-00-00 00:00:00"
"610","TRX062024.0214","BR195","16000","0000-00-00 00:00:00"
"611","TRX062024.0214","BR201","110000","0000-00-00 00:00:00"
"612","TRX062024.0215","BR020","31000","0000-00-00 00:00:00"
"613","TRX062024.0216","BR264","172500","0000-00-00 00:00:00"
"614","TRX062024.0217","BR147","9000","0000-00-00 00:00:00"
"615","TRX062024.0217","BR121","9000","0000-00-00 00:00:00"
"616","TRX062024.0218","BR263","20000","0000-00-00 00:00:00"
"617","TRX062024.0219","BR263","20000","0000-00-00 00:00:00"
"618","TRX062024.0220","BR218","30000","0000-00-00 00:00:00"
"619","TRX062024.0220","BR275","2000","0000-00-00 00:00:00"
"620","TRX062024.0220","BR108","2000","0000-00-00 00:00:00"
"621","TRX062024.0220","BR161","12000","0000-00-00 00:00:00"
"622","TRX062024.0220","BR159","7000","0000-00-00 00:00:00"
"623","TRX062024.0220","BR085","12000","0000-00-00 00:00:00"
"624","TRX062024.0220","BR148","2000","0000-00-00 00:00:00"
"625","TRX062024.0220","BR154","3000","0000-00-00 00:00:00"
"626","TRX062024.0220","BR093","1000","0000-00-00 00:00:00"
"627","TRX062024.0220","BR126","500","0000-00-00 00:00:00"
"628","TRX062024.0220","BR097","2000","0000-00-00 00:00:00"
"629","TRX062024.0220","BR254","2500","0000-00-00 00:00:00"
"630","TRX062024.0220","BR009","408000","0000-00-00 00:00:00"
"631","TRX062024.0220","BR020","30000","0000-00-00 00:00:00"
"632","TRX062024.0220","BR168","9000","0000-00-00 00:00:00"
"633","TRX062024.0220","BR149","8000","0000-00-00 00:00:00"
"634","TRX062024.0220","BR117","1000","0000-00-00 00:00:00"
"635","TRX062024.0220","BR136","2000","0000-00-00 00:00:00"
"636","TRX062024.0220","BR089","2000","0000-00-00 00:00:00"
"637","TRX062024.0220","BR278","3000","0000-00-00 00:00:00"
"638","TRX062024.0220","BR021","25000","0000-00-00 00:00:00"
"639","TRX062024.0220","BR022","34000","0000-00-00 00:00:00"
"640","TRX062024.0221","BR220","15000","0000-00-00 00:00:00"
"641","TRX062024.0221","BR019","25000","0000-00-00 00:00:00"
"642","TRX062024.0222","BR168","3000","0000-00-00 00:00:00"
"643","TRX062024.0222","BR010","28000","0000-00-00 00:00:00"
"644","TRX062024.0223","BR009","102000","0000-00-00 00:00:00"
"645","TRX062024.0224","BR254","3000","0000-00-00 00:00:00"
"646","TRX062024.0225","BR149","9000","0000-00-00 00:00:00"
"647","TRX062024.0225","BR026","30000","0000-00-00 00:00:00"
"648","TRX062024.0226","BR252","35000","0000-00-00 00:00:00"
"649","TRX062024.0227","BR022","18000","0000-00-00 00:00:00"
"650","TRX062024.0228","BR018","22000","0000-00-00 00:00:00"
"651","TRX062024.0228","BR021","26000","0000-00-00 00:00:00"
"652","TRX062024.0228","BR017","28000","0000-00-00 00:00:00"
"653","TRX062024.0229","BR168","3000","0000-00-00 00:00:00"
"654","TRX062024.0230","BR195","32000","0000-00-00 00:00:00"
"655","TRX062024.0231","BR177","25000","0000-00-00 00:00:00"
"656","TRX062024.0232","BR009","35000","0000-00-00 00:00:00"
"657","TRX062024.0232","BR015","28000","0000-00-00 00:00:00"
"658","TRX062024.0232","BR006","34000","0000-00-00 00:00:00"
"659","TRX062024.0233","BR176","9000","0000-00-00 00:00:00"
"660","TRX062024.0233","BR091","8000","0000-00-00 00:00:00"
"661","TRX062024.0233","BR006","15000","0000-00-00 00:00:00"
"662","TRX062024.0234","BR220","17000","0000-00-00 00:00:00"
"663","TRX062024.0235","BR043","96000","0000-00-00 00:00:00"
"664","TRX062024.0235","BR207","6000","0000-00-00 00:00:00"
"665","TRX062024.0235","BR208","20000","0000-00-00 00:00:00"
"666","TRX062024.0235","BR168","3000","0000-00-00 00:00:00"
"667","TRX062024.0235","BR174","3000","0000-00-00 00:00:00"
"668","TRX062024.0236","BR235","11000","0000-00-00 00:00:00"
"669","TRX062024.0236","BR282","22000","0000-00-00 00:00:00"
"670","TRX062024.0236","BR198","12000","0000-00-00 00:00:00"
"671","TRX062024.0237","BR283","166000","0000-00-00 00:00:00"
"672","TRX062024.0238","BR018","21000","0000-00-00 00:00:00"
"673","TRX062024.0239","BR170","18000","0000-00-00 00:00:00"
"674","TRX062024.0239","BR022","68000","0000-00-00 00:00:00"
"675","TRX062024.0239","BR182","3000","0000-00-00 00:00:00"
"676","TRX062024.0239","BR164","10000","0000-00-00 00:00:00"
"677","TRX062024.0239","BR278","3000","0000-00-00 00:00:00"
"678","TRX062024.0239","BR086","2000","0000-00-00 00:00:00"
"679","TRX062024.0239","BR171","3000","0000-00-00 00:00:00"
"680","TRX062024.0239","BR159","7000","0000-00-00 00:00:00"
"681","TRX062024.0239","BR006","75000","0000-00-00 00:00:00"
"682","TRX062024.0239","BR241","20000","0000-00-00 00:00:00"
"683","TRX062024.0239","BR179","30000","0000-00-00 00:00:00"
"684","TRX062024.0239","BR025","40000","0000-00-00 00:00:00"
"685","TRX062024.0239","BR218","15000","0000-00-00 00:00:00"
"686","TRX062024.0239","BR168","3000","0000-00-00 00:00:00"
"687","TRX062024.0239","BR009","34000","0000-00-00 00:00:00"
"688","TRX062024.0240","BR234","28000","0000-00-00 00:00:00"
"689","TRX062024.0240","BR011","35000","0000-00-00 00:00:00"
"690","TRX062024.0241","BR153","72000","0000-00-00 00:00:00"
"691","TRX062024.0241","BR233","50000","0000-00-00 00:00:00"
"692","TRX062024.0242","BR233","18000","0000-00-00 00:00:00"
"693","TRX062024.0243","BR233","18000","0000-00-00 00:00:00"
"694","TRX062024.0244","BR258","45000","0000-00-00 00:00:00"
"695","TRX062024.0245","BR267","28000","0000-00-00 00:00:00"
"696","TRX062024.0246","BR256","25000","0000-00-00 00:00:00"
"697","TRX062024.0247","BR262","15000","0000-00-00 00:00:00"
"698","TRX062024.0248","BR263","20000","0000-00-00 00:00:00"
"702","TRX062024.0251","BR282","40000","0000-00-00 00:00:00"
"703","TRX062024.0252","BR241","22000","0000-00-00 00:00:00"
"704","TRX062024.0252","BR233","18000","0000-00-00 00:00:00"
"705","TRX062024.0252","BR220","17000","0000-00-00 00:00:00"
"706","TRX062024.0252","BR011","35000","0000-00-00 00:00:00"
"707","TRX062024.0252","BR235","11000","0000-00-00 00:00:00"
"708","TRX062024.0252","BR254","9000","0000-00-00 00:00:00"
"709","TRX062024.0252","BR169","3000","0000-00-00 00:00:00"
"710","TRX062024.0252","BR022","18000","0000-00-00 00:00:00"
"711","TRX062024.0253","BR009","35000","0000-00-00 00:00:00"
"712","TRX062024.0254","BR043","48000","0000-00-00 00:00:00"
"713","TRX062024.0254","BR065","84000","0000-00-00 00:00:00"
"714","TRX062024.0254","BR154","48000","0000-00-00 00:00:00"
"715","TRX062024.0255","BR173","3000","0000-00-00 00:00:00"
"716","TRX062024.0255","BR018","22000","0000-00-00 00:00:00"
"717","TRX062024.0256","BR220","17000","0000-00-00 00:00:00"
"718","TRX062024.0257","BR153","3000","0000-00-00 00:00:00"
"719","TRX062024.0258","BR168","6000","0000-00-00 00:00:00"
"720","TRX062024.0258","BR010","28000","0000-00-00 00:00:00"
"721","TRX062024.0258","BR022","18000","0000-00-00 00:00:00"
"722","TRX062024.0259","BR152","3000","0000-00-00 00:00:00"
"723","TRX062024.0259","BR172","3000","0000-00-00 00:00:00"
"724","TRX062024.0260","BR026","30000","0000-00-00 00:00:00"
"725","TRX062024.0260","BR149","9000","0000-00-00 00:00:00"
"726","TRX062024.0261","BR018","21000","0000-00-00 00:00:00"
"727","TRX062024.0262","BR009","35000","0000-00-00 00:00:00"
"728","TRX062024.0263","BR006","17000","0000-00-00 00:00:00"
"729","TRX062024.0263","BR208","12000","0000-00-00 00:00:00"
"730","TRX062024.0263","BR258","32000","0000-00-00 00:00:00"
"731","TRX062024.0264","BR153","3000","0000-00-00 00:00:00"
"732","TRX062024.0264","BR105","1000","0000-00-00 00:00:00"
"733","TRX062024.0265","BR014","45000","0000-00-00 00:00:00"
"734","TRX062024.0265","BR168","3000","0000-00-00 00:00:00"
"735","TRX062024.0266","BR020","31000","0000-00-00 00:00:00"
"736","TRX062024.0267","BR177","25000","0000-00-00 00:00:00"
"737","TRX062024.0268","BR177","25000","0000-00-00 00:00:00"
"738","TRX062024.0269","BR010","28000","0000-00-00 00:00:00"
"739","TRX062024.0270","BR256","25000","0000-00-00 00:00:00"
"740","TRX062024.0271","BR256","25000","0000-00-00 00:00:00"
"741","TRX062024.0272","BR245","30000","0000-00-00 00:00:00"
"742","TRX062024.0273","BR017","27000","0000-00-00 00:00:00"
"743","TRX062024.0273","BR022","51000","0000-00-00 00:00:00"
"744","TRX062024.0273","BR170","3000","0000-00-00 00:00:00"
"745","TRX062024.0273","BR019","25000","0000-00-00 00:00:00"
"746","TRX062024.0273","BR009","136000","0000-00-00 00:00:00"
"747","TRX062024.0273","BR220","15000","0000-00-00 00:00:00"
"748","TRX062024.0274","BR009","35000","0000-00-00 00:00:00"
"749","TRX062024.0275","BR120","7000","0000-00-00 00:00:00"
"750","TRX062024.0276","BR010","27000","0000-00-00 00:00:00"
"751","TRX062024.0276","BR218","15000","0000-00-00 00:00:00"
"752","TRX062024.0276","BR163","12000","0000-00-00 00:00:00"
"753","TRX062024.0276","BR018","21000","0000-00-00 00:00:00"
"754","TRX062024.0276","BR019","25000","0000-00-00 00:00:00"
"755","TRX062024.0277","BR218","17000","0000-00-00 00:00:00"
"756","TRX062024.0277","BR009","35000","0000-00-00 00:00:00"
"757","TRX062024.0277","BR021","26000","0000-00-00 00:00:00"
"758","TRX062024.0278","BR026","30000","0000-00-00 00:00:00"
"759","TRX062024.0279","BR168","3000","0000-00-00 00:00:00"
"760","TRX062024.0279","BR025","40000","0000-00-00 00:00:00"
"761","TRX062024.0279","BR117","2000","0000-00-00 00:00:00"
"762","TRX062024.0279","BR170","3000","0000-00-00 00:00:00"
"763","TRX062024.0279","BR021","25000","0000-00-00 00:00:00"
"764","TRX062024.0280","BR174","3000","0000-00-00 00:00:00"
"765","TRX062024.0281","BR006","17000","0000-00-00 00:00:00"
"766","TRX062024.0281","BR254","12000","0000-00-00 00:00:00"
"767","TRX062024.0281","BR149","9000","0000-00-00 00:00:00"
"768","TRX062024.0281","BR233","18000","0000-00-00 00:00:00"
"769","TRX062024.0282","BR218","45000","0000-00-00 00:00:00"
"770","TRX062024.0282","BR230","37000","0000-00-00 00:00:00"
"771","TRX062024.0282","BR019","25000","0000-00-00 00:00:00"
"772","TRX062024.0282","BR160","9000","0000-00-00 00:00:00"
"773","TRX062024.0282","BR226","12000","0000-00-00 00:00:00"
"774","TRX062024.0283","BR018","22000","0000-00-00 00:00:00"
"775","TRX062024.0284","BR168","3000","0000-00-00 00:00:00"
"776","TRX062024.0284","BR152","3000","0000-00-00 00:00:00"
"777","TRX062024.0284","BR022","18000","0000-00-00 00:00:00"
"778","TRX062024.0285","BR075","16000","0000-00-00 00:00:00"
"779","TRX062024.0285","BR220","17000","0000-00-00 00:00:00"
"780","TRX062024.0285","BR117","6000","0000-00-00 00:00:00"
"781","TRX062024.0285","BR093","6000","0000-00-00 00:00:00"
"782","TRX062024.0285","BR154","48000","2024-06-27 15:36:38"
"783","TRX062024.0286","BR117","6000","0000-00-00 00:00:00"
"784","TRX062024.0286","BR153","72000","0000-00-00 00:00:00"
"785","TRX062024.0286","BR260","26000","0000-00-00 00:00:00"
"786","TRX062024.0287","BR153","9000","0000-00-00 00:00:00"
"787","TRX062024.0287","BR168","3000","0000-00-00 00:00:00"
"788","TRX062024.0287","BR259","59000","0000-00-00 00:00:00"
"789","TRX062024.0288","BR075","16000","2024-06-27 15:37:34"
"790","TRX062024.0289","BR220","15000","0000-00-00 00:00:00"
"791","TRX062024.0290","BR218","17000","0000-00-00 00:00:00"
"792","TRX062024.0291","BR168","3000","0000-00-00 00:00:00"
"793","TRX062024.0292","BR168","3000","0000-00-00 00:00:00"
"794","TRX062024.0292","BR214","8000","0000-00-00 00:00:00"
"795","TRX062024.0292","BR020","30000","0000-00-00 00:00:00"
"796","TRX062024.0293","BR018","21000","0000-00-00 00:00:00"
"797","TRX062024.0294","BR013","41000","0000-00-00 00:00:00"
"798","TRX062024.0294","BR248","21000","0000-00-00 00:00:00"
"799","TRX062024.0295","BR093","2000","0000-00-00 00:00:00"
"800","TRX062024.0295","BR174","3000","0000-00-00 00:00:00"
"801","TRX062024.0296","BR093","12000","0000-00-00 00:00:00"
"802","TRX062024.0296","BR177","25000","0000-00-00 00:00:00"
"803","TRX062024.0297","BR065","60000","0000-00-00 00:00:00"
"804","TRX062024.0298","BR018","22000","0000-00-00 00:00:00"
"805","TRX062024.0298","BR011","35000","0000-00-00 00:00:00"
"806","TRX062024.0299","BR014","45000","0000-00-00 00:00:00"
"807","TRX062024.0299","BR168","3000","0000-00-00 00:00:00"
"808","TRX062024.0300","BR248","21000","0000-00-00 00:00:00"
"809","TRX062024.0301","BR239","37000","0000-00-00 00:00:00"
"810","TRX062024.0302","BR263","20000","0000-00-00 00:00:00"
"811","TRX062024.0303","BR285","317500","0000-00-00 00:00:00"
"812","TRX062024.0303","BR269","60000","0000-00-00 00:00:00"
"813","TRX062024.0304","BR170","6000","0000-00-00 00:00:00"
"814","TRX062024.0304","BR182","3000","0000-00-00 00:00:00"
"815","TRX062024.0304","BR017","27000","0000-00-00 00:00:00"
"816","TRX062024.0304","BR022","51000","0000-00-00 00:00:00"
"817","TRX062024.0304","BR103","3000","0000-00-00 00:00:00"
"818","TRX062024.0304","BR025","40000","0000-00-00 00:00:00"
"819","TRX062024.0304","BR194","2000","0000-00-00 00:00:00"
"820","TRX062024.0304","BR117","1000","0000-00-00 00:00:00"
"821","TRX062024.0304","BR254","5000","0000-00-00 00:00:00"
"822","TRX062024.0304","BR087","500","0000-00-00 00:00:00"
"823","TRX062024.0304","BR108","2000","0000-00-00 00:00:00"
"824","TRX062024.0304","BR021","25000","0000-00-00 00:00:00"
"825","TRX062024.0304","BR125","5000","0000-00-00 00:00:00"
"826","TRX062024.0304","BR208","4000","0000-00-00 00:00:00"
"827","TRX062024.0305","BR255","6000","0000-00-00 00:00:00"
"828","TRX062024.0306","BR018","21000","0000-00-00 00:00:00"
"829","TRX062024.0307","BR026","30000","0000-00-00 00:00:00"
"830","TRX062024.0307","BR149","9000","0000-00-00 00:00:00"
"831","TRX062024.0308","BR107","10000","0000-00-00 00:00:00"
"832","TRX062024.0309","BR010","28000","0000-00-00 00:00:00"
"833","TRX062024.0309","BR168","3000","0000-00-00 00:00:00"
"834","TRX062024.0309","BR286","5500","0000-00-00 00:00:00"
"835","TRX062024.0310","BR195","16000","0000-00-00 00:00:00"
"836","TRX062024.0311","BR011","35000","0000-00-00 00:00:00"
"837","TRX062024.0311","BR220","17000","0000-00-00 00:00:00"
"838","TRX062024.0311","BR235","11000","0000-00-00 00:00:00"
"839","TRX062024.0311","BR252","76000","0000-00-00 00:00:00"
"840","TRX062024.0312","BR147","8000","0000-00-00 00:00:00"
"841","TRX062024.0312","BR093","2000","0000-00-00 00:00:00"
"842","TRX062024.0312","BR092","2000","0000-00-00 00:00:00"
"843","TRX062024.0313","BR065","12000","0000-00-00 00:00:00"
"844","TRX062024.0313","BR136","3000","0000-00-00 00:00:00"
"845","TRX062024.0313","BR084","3000","0000-00-00 00:00:00"
"846","TRX062024.0314","BR018","21000","0000-00-00 00:00:00"
"847","TRX062024.0315","BR015","28000","0000-00-00 00:00:00"
"848","TRX062024.0315","BR006","17000","0000-00-00 00:00:00"
"849","TRX062024.0316","BR239","98000","0000-00-00 00:00:00"
"850","TRX062024.0317","BR265","17000","0000-00-00 00:00:00"
